order_id,customer_id,order_date,status,total_amount
100001,1024,2025-07-24,cancelled,607.35
100002,1028,2023-11-13,pending,1972.18
100003,1045,2024-06-26,shipped,2146.86
100004,1045,2023-06-14,refunded,1349.51
100005,1048,2025-12-28,completed,2788.63
100006,1008,2025-09-26,completed,351.5
100007,1014,2024-04-25,cancelled,908.14
100008,1021,2024-04-10,completed,3440.55
100009,1022,2023-07-21,cancelled,4631.75
100010,1002,2023-07-25,completed,74.6
100011,1026,2023-03-01,completed,2461.55
100012,1046,2024-08-23,completed,1895.09
100013,1007,2024-05-15,pending,1363.64
100015,1034,2024-01-04,completed,1431.9
100016,1013,2025-02-22,cancelled,571.0
100017,1038,2023-10-21,pending,2755.28
100018,1040,2025-07-30,cancelled,666.24
100019,1042,2025-08-10,cancelled,1196.43
100020,1002,2023-06-01,completed,1211.56
100021,1014,2024-09-04,pending,3522.37
100022,1043,2025-07-24,completed,5306.72
100023,1030,2025-09-16,completed,624.01
100024,1010,2025-01-05,completed,3886.7
100025,1025,2024-08-27,refunded,2816.4
100026,1024,2024-07-16,shipped,6815.3
100027,1012,2023-04-11,cancelled,754.08
100028,1023,2024-08-09,refunded,4307.66
100029,1038,2024-12-22,cancelled,4889.83
100030,1017,2024-05-28,refunded,1709.19
100031,1014,2023-10-08,completed,110.94
100032,1043,2023-03-22,refunded,5225.35
100033,1020,2025-01-17,completed,7480.04
100034,1044,2024-08-27,cancelled,6288.44
100035,1032,2024-02-16,refunded,3824.33
100036,1007,2025-01-19,shipped,2531.88
100037,1040,2023-12-03,refunded,4402.64
100039,1021,2024-08-27,refunded,2430.23
100040,1003,2023-08-24,completed,5593.24
100041,1017,2024-04-07,cancelled,1900.94
100042,1009,2025-03-24,completed,7206.98
100043,1024,2025-03-19,completed,1868.71
100044,1047,2025-07-20,cancelled,3158.53
100045,1011,2024-06-20,pending,618.54
100046,1030,2025-01-30,cancelled,3791.43
100047,1013,2023-02-21,shipped,3551.11
100048,1015,2024-03-29,completed,1161.64
100049,1018,2025-08-08,completed,1423.23
100050,1032,2023-08-27,completed,4052.31
100051,1005,2024-09-15,completed,2968.78
100052,1048,2023-10-05,pending,1595.76
100053,1011,2025-05-08,cancelled,332.04
100054,1015,2025-04-29,completed,2123.04
100055,1041,2025-04-15,completed,747.26
100057,1002,2024-03-20,pending,4137.32
100058,1030,2025-01-12,cancelled,2317.86
100059,1027,2025-01-04,pending,263.29
100060,1003,2023-09-08,completed,3342.67
100061,1027,2023-02-13,refunded,1732.76
100062,1010,2023-09-15,completed,1043.04
100063,1011,2024-02-29,completed,2358.78
100064,1045,2024-04-22,refunded,1774.47
100065,1041,2023-01-06,refunded,2955.24
100066,1008,2023-09-24,completed,3843.99
100067,1016,2023-08-14,refunded,4121.33
100068,1046,2023-01-31,refunded,2631.57
100069,1025,2024-10-25,completed,2052.86
100070,1021,2023-09-17,pending,382.88
100071,1004,2023-05-11,pending,525.46
100072,1011,2025-11-17,completed,1968.38
100073,1013,2024-03-29,completed,4448.76
100074,1043,2025-12-03,pending,2060.62
100075,1027,2023-03-05,pending,3899.37
100076,1017,2025-05-23,completed,4953.41
100077,1028,2025-06-27,completed,869.92
100078,1028,2023-10-31,completed,3742.32
100079,1048,2024-10-27,shipped,1560.04
100080,1006,2025-07-18,shipped,1883.7
100081,1015,2023-08-23,cancelled,2023.42
100082,1001,2024-03-16,pending,2974.07
100083,1045,2025-04-27,refunded,2679.08
100084,1020,2025-05-01,completed,2078.44
100086,1016,2024-10-02,completed,735.04
100087,1017,2023-11-09,pending,2065.1
100089,1029,2023-06-24,pending,329.78
100090,1032,2025-02-02,shipped,1392.32
100091,1016,2024-11-06,completed,3937.7
100092,1020,2025-05-16,completed,4569.5
100093,1046,2024-10-01,completed,974.16
100094,1033,2024-03-11,cancelled,4457.91
100095,1046,2023-08-10,refunded,2604.79
100096,1022,2023-08-24,completed,731.3
100097,1009,2025-05-28,refunded,2789.35
100098,1012,2023-02-23,cancelled,455.0
100099,1025,2024-07-01,completed,2980.31
100100,1045,2024-09-24,completed,4876.83
100101,1010,2023-10-21,cancelled,2774.84
100102,1021,2023-10-18,cancelled,1081.64
100103,1021,2023-07-07,shipped,2510.76
100104,1003,2025-05-09,completed,2537.99
100105,1020,2024-09-30,completed,757.9
100106,1027,2023-06-23,completed,2924.89
100107,1017,2023-04-12,completed,4543.12
100108,1005,2025-05-18,shipped,6941.27
100109,1037,2024-07-13,refunded,557.01
100110,1001,2024-12-07,completed,2687.4
100111,1007,2025-09-23,cancelled,2953.4
100112,1049,2024-03-27,shipped,2292.04
100113,1043,2024-02-23,completed,4616.1
100114,1042,2024-06-07,completed,541.51
100115,1021,2025-10-15,pending,1540.58
100116,1008,2025-02-17,cancelled,3957.85
100117,1028,2024-12-26,pending,1586.79
100118,1001,2023-03-28,completed,2328.64
100119,1044,2023-06-09,shipped,1872.43
100120,1019,2025-04-08,cancelled,2377.12
100121,1049,2023-08-24,completed,2071.08
100122,1013,2023-12-18,pending,5720.71
100123,1029,2025-01-11,pending,1247.4
100124,1001,2024-05-13,shipped,3055.76
100125,1049,2023-06-11,refunded,1863.51
100126,1038,2024-11-26,completed,3154.2
100127,1006,2023-06-06,cancelled,1507.26
100128,1036,2025-11-10,refunded,3576.47
100129,1039,2023-10-30,completed,1962.64
100130,1035,2024-02-09,shipped,1601.19
100131,1035,2023-06-04,refunded,715.24
100132,1022,2025-08-08,shipped,4047.51
100133,1017,2025-07-08,shipped,4242.31
100134,1014,2024-10-23,completed,1068.23
100135,1004,2023-05-20,pending,6381.22
100136,1011,2024-07-16,completed,2812.03
100137,1043,2023-06-01,pending,900.64
100138,1047,2023-04-27,refunded,360.8
100139,1013,2023-07-04,shipped,1953.86
100140,1011,2025-08-05,shipped,1004.52
100141,1002,2023-03-26,refunded,3795.08
100142,1044,2024-01-21,shipped,4318.57
100143,1027,2023-11-05,pending,2519.59
100144,1019,2024-12-04,completed,3464.53
100145,1026,2023-12-20,completed,759.06
100146,1007,2025-06-18,shipped,2598.05
100147,1047,2025-01-15,completed,7701.34
100148,1017,2024-11-23,shipped,436.53
100149,1028,2024-11-16,completed,2543.63
100150,1042,2025-03-02,completed,2022.3
100151,1045,2023-11-04,completed,3721.89
100152,1046,2023-10-17,completed,2133.76
100153,1032,2025-03-13,shipped,2905.57
100154,1043,2023-06-23,shipped,3724.67
100155,1032,2024-11-03,cancelled,510.93
100156,1029,2025-12-14,cancelled,2346.64
100157,1047,2025-11-07,completed,948.16
100158,1037,2024-01-05,completed,1368.72
100159,1036,2025-09-22,completed,3500.93
100160,1028,2023-11-14,completed,1387.07
100161,1006,2023-07-27,refunded,3172.82
100162,1026,2025-12-14,cancelled,2793.31
100163,1012,2023-09-26,pending,834.46
100164,1018,2024-01-06,refunded,969.0
100165,1020,2023-12-06,pending,3791.82
100166,1017,2025-01-16,cancelled,72.95
100167,1013,2025-06-28,completed,1085.4
100168,1038,2025-07-08,shipped,611.01
100169,1036,2025-08-18,completed,3645.3
100170,1003,2025-06-21,refunded,2077.12
100171,1006,2025-02-21,shipped,3723.25
100172,1036,2023-11-28,refunded,4396.31
100173,1027,2024-05-27,cancelled,5251.64
100174,1009,2025-01-30,completed,3752.37
100175,1031,2025-11-22,completed,557.28
100176,1041,2023-11-25,pending,5229.49
100177,1001,2023-10-29,completed,2578.42
100178,1002,2024-03-30,completed,3668.92
100179,1027,2025-04-29,pending,163.91
100180,1048,2024-04-27,completed,3233.18
100181,1044,2023-02-27,completed,291.2
100183,1033,2024-11-17,completed,34.98
100184,1018,2025-08-25,refunded,4029.17
100185,1002,2025-08-18,shipped,656.04
100186,1025,2023-06-12,completed,2397.03
100187,1009,2023-11-03,cancelled,1153.37
100188,1031,2025-05-16,refunded,3263.99
100189,1031,2024-09-08,completed,3095.8
100190,1028,2025-07-25,completed,4407.08
100191,1012,2025-10-20,shipped,1043.08
100192,1010,2025-11-21,completed,886.16
100193,1001,2024-08-19,completed,811.32
100195,1010,2024-05-07,pending,5405.0
100196,1007,2023-06-25,completed,3655.62
100197,1008,2025-12-13,shipped,3159.3
100198,1009,2025-11-05,completed,2169.6
100199,1026,2025-08-20,cancelled,615.96
100200,1040,2025-02-03,cancelled,3131.81
100201,1046,2023-05-19,completed,2288.13
100202,1023,2023-08-01,shipped,2075.46
100203,1032,2024-11-11,completed,6116.02
100204,1015,2024-11-24,completed,702.35
100205,1018,2025-08-09,pending,4962.91
100206,1028,2023-10-04,cancelled,5312.05
100207,1026,2025-07-26,completed,209.56
100208,1026,2024-02-13,completed,262.38
100209,1049,2025-11-21,refunded,2072.22
100210,1026,2024-06-02,refunded,5685.22
100211,1046,2024-08-08,refunded,4017.24
100212,1041,2024-11-10,completed,4745.67
100213,1049,2025-06-13,cancelled,3254.95
100214,1045,2025-03-02,completed,3039.11
100215,1047,2025-10-15,refunded,688.05
100216,1020,2023-06-19,pending,5296.24
100217,1008,2024-01-05,completed,3008.8
100218,1044,2023-06-13,cancelled,8685.35
100219,1012,2025-07-02,cancelled,1923.68
100220,1046,2025-06-28,pending,4305.99
100221,1013,2024-12-23,pending,3128.77
100222,1028,2023-04-28,cancelled,2223.55
100223,1006,2025-01-14,refunded,5127.91
100224,1025,2023-11-24,completed,5217.16
100225,1026,2025-06-16,completed,5026.6
100226,1047,2025-01-20,pending,867.75
100227,1012,2023-03-08,completed,2238.45
100228,1047,2025-01-29,pending,2224.88
100229,1007,2023-10-09,completed,2901.43
100230,1039,2024-07-24,completed,2211.87
100231,1005,2024-01-17,shipped,2130.16
100232,1040,2023-08-30,refunded,1995.12
100233,1037,2025-07-02,shipped,7344.1
100234,1036,2025-10-02,completed,1881.03
100235,1002,2023-06-01,completed,5549.35
100236,1029,2025-06-30,refunded,1524.34
100237,1016,2024-10-16,completed,694.44
100238,1043,2024-08-17,refunded,4186.0
100239,1047,2023-12-23,shipped,2072.23
100240,1032,2024-02-16,completed,1066.8
100241,1047,2023-02-23,shipped,1911.58
100242,1009,2025-08-15,completed,4820.48
100243,1028,2023-06-26,completed,265.14
100244,1007,2025-09-07,pending,1046.24
100245,1032,2023-06-01,completed,3633.66
100246,1003,2025-07-10,cancelled,4879.84
100247,1023,2023-09-20,shipped,233.72
100248,1023,2024-01-08,completed,391.2
100249,1031,2023-04-24,shipped,3210.27
100250,1034,2023-12-04,completed,4666.92
100251,1046,2024-04-06,shipped,2305.55
100252,1040,2023-06-11,completed,4717.56
100253,1032,2024-07-16,cancelled,231.95
100254,1029,2025-12-28,shipped,928.68
100255,1034,2023-11-12,cancelled,1086.75
100256,1010,2024-11-22,completed,2701.01
100257,1029,2023-02-28,completed,4322.74
100258,1015,2024-06-26,completed,4284.58
100259,1013,2025-05-03,cancelled,1647.64
100260,1015,2024-08-16,completed,4453.83
100261,1043,2025-04-11,pending,3505.28
100262,1034,2023-05-03,pending,2323.45
100263,1037,2025-08-09,completed,2248.05
100264,1019,2024-10-02,completed,2035.9
100265,1049,2024-12-08,completed,1911.35
100266,1009,2025-11-20,completed,716.83
100267,1031,2025-08-13,completed,148.3
100268,1030,2023-10-16,completed,4649.62
100269,1013,2025-02-25,pending,1454.92
100270,1044,2023-11-24,shipped,1053.36
100271,1022,2024-01-24,completed,2586.78
100272,1003,2025-11-20,pending,4984.54
100273,1025,2025-10-15,completed,2989.81
100274,1003,2025-11-01,completed,3378.46
100275,1027,2024-12-23,completed,5100.46
100276,1042,2025-08-21,shipped,1727.9
100277,1001,2023-08-09,completed,5236.35
100278,1022,2025-01-19,pending,2988.25
100279,1027,2025-03-31,shipped,3218.23
100280,1009,2025-01-12,completed,2001.58
100281,1002,2025-10-29,refunded,5616.74
100282,1032,2023-09-01,completed,5209.24
100283,1009,2024-11-25,completed,819.6
100284,1012,2024-02-12,shipped,270.42
100285,1026,2023-03-24,completed,1691.22
100286,1004,2024-11-13,shipped,1809.04
100287,1032,2025-11-21,completed,3851.3
100288,1034,2024-10-14,pending,549.28
100289,1011,2024-09-04,completed,4666.62
100290,1008,2025-11-09,pending,1800.38
100291,1004,2024-09-05,refunded,1042.72
100292,1017,2024-11-09,completed,1683.01
100293,1020,2024-09-22,refunded,3344.02
100294,1012,2023-02-24,pending,1598.16
100295,1020,2024-04-11,completed,3777.62
100296,1007,2023-12-16,cancelled,3075.89
100297,1033,2025-02-17,refunded,1454.96
100298,1010,2023-03-06,cancelled,887.53
100299,1002,2023-02-08,completed,3245.28
100300,1018,2025-04-25,completed,864.95
100301,1021,2025-08-23,cancelled,1251.85
100302,1007,2023-10-10,completed,59.52
100303,1007,2025-09-06,pending,1161.32
100304,1003,2023-12-21,shipped,1876.66
100305,1017,2024-12-26,refunded,4598.37
100306,1013,2024-06-25,pending,2812.34
100307,1041,2024-05-19,shipped,585.12
100308,1023,2024-09-01,completed,2305.49
100309,1044,2025-09-28,pending,2728.03
100310,1042,2024-07-14,completed,2258.67
100311,1049,2025-02-16,refunded,2008.88
100312,1042,2023-10-27,completed,5575.33
100313,1046,2023-06-11,pending,2756.19
100314,1037,2025-09-08,completed,4617.97
100315,1009,2024-07-09,cancelled,3460.62
100316,1013,2023-08-12,cancelled,345.9
100317,1027,2024-05-11,cancelled,1603.66
100318,1014,2024-04-07,completed,465.15
100319,1045,2025-04-26,cancelled,4018.32
100320,1024,2023-10-09,shipped,325.94
100321,1050,2023-11-20,cancelled,1296.75
100322,1004,2025-09-01,cancelled,6000.53
100323,1044,2024-08-11,completed,2243.84
100324,1015,2023-07-03,shipped,5162.47
100325,1035,2023-03-18,pending,72.31
100326,1026,2023-12-27,refunded,1658.34
100327,1035,2025-10-11,cancelled,3514.52
100328,1026,2024-08-15,completed,3522.71
100329,1045,2023-08-08,completed,2378.17
100330,1005,2025-12-09,completed,2934.77
100331,1041,2025-08-16,completed,3628.62
100332,1034,2024-11-08,cancelled,5299.29
100334,1019,2024-06-10,completed,1340.5
100335,1042,2024-11-21,shipped,693.57
100336,1035,2024-01-31,shipped,3168.67
100337,1001,2025-04-10,shipped,140.09
100338,1016,2025-03-31,completed,2128.62
100339,1004,2023-10-15,completed,6735.96
100340,1040,2023-01-14,pending,4920.17
100341,1045,2024-06-30,completed,810.74
100342,1040,2023-01-24,cancelled,838.53
100343,1027,2024-04-28,cancelled,5180.72
100344,1034,2024-09-20,pending,1670.94
100345,1018,2024-09-28,completed,6349.19
100346,1047,2024-08-27,shipped,3413.02
100347,1004,2023-10-01,completed,1126.06
100348,1050,2025-02-04,cancelled,2425.41
100349,1022,2025-08-22,shipped,2226.4
100350,1022,2024-03-23,completed,1908.36
100351,1007,2023-06-17,pending,2628.55
100352,1028,2025-01-10,shipped,3588.1
100353,1036,2025-11-01,shipped,7093.98
100354,1044,2023-12-03,refunded,192.12
100355,1017,2023-08-27,completed,5600.9
100356,1029,2025-09-28,shipped,6950.49
100357,1003,2023-04-24,completed,5173.3
100358,1010,2025-07-24,completed,2576.44
100359,1020,2024-09-23,completed,2206.61
100360,1021,2023-01-07,completed,2394.96
100361,1001,2023-04-03,completed,4116.56
100362,1028,2023-05-04,pending,1906.35
100363,1035,2025-04-17,refunded,1671.73
100364,1047,2025-05-10,pending,6209.43
100365,1048,2025-02-12,completed,2160.12
100366,1015,2023-09-30,refunded,2369.56
100367,1008,2024-01-01,pending,4059.81
100368,1024,2024-04-01,refunded,6497.2
100369,1003,2024-09-03,cancelled,3792.01
100370,1008,2025-05-18,pending,2066.31
100371,1003,2024-05-21,completed,689.04
100372,1020,2024-01-22,refunded,4748.98
100373,1013,2025-05-08,refunded,2297.36
100374,1039,2023-02-02,completed,1600.83
100375,1002,2023-03-10,shipped,1025.36
100376,1039,2023-04-10,cancelled,3227.17
100377,1038,2025-06-17,shipped,1195.69
100378,1032,2023-04-26,shipped,4514.57
100379,1020,2024-04-24,shipped,3639.92
100380,1039,2024-10-18,completed,3312.53
100381,1038,2025-12-03,pending,1906.4
100382,1009,2023-05-05,shipped,1033.05
100383,1014,2023-12-25,cancelled,3361.48
100384,1027,2025-10-12,completed,4608.44
100385,1007,2025-02-19,completed,4263.13
100386,1033,2025-04-16,completed,4306.3
100387,1039,2025-08-27,refunded,1733.14
100388,1003,2023-10-23,completed,375.2
100389,1009,2025-05-03,shipped,4732.34
100390,1040,2024-05-12,completed,2393.4
100391,1002,2023-06-11,refunded,3512.8
100392,1027,2024-01-26,completed,2381.46
100393,1028,2023-03-22,completed,331.74
100394,1004,2024-03-20,completed,2262.54
100395,1043,2024-11-12,completed,3237.02
100396,1021,2024-01-25,completed,3163.15
100397,1039,2025-09-07,cancelled,1771.83
100398,1049,2024-02-23,completed,212.84
100399,1048,2024-08-02,pending,1229.9
100400,1043,2025-01-05,completed,2242.62
100401,1003,2025-10-15,completed,266.38
100403,1022,2025-08-19,refunded,2141.38
100404,1047,2024-02-21,completed,1490.58
100405,1021,2024-03-29,completed,3934.94
100406,1042,2025-05-05,completed,391.32
100407,1048,2024-04-16,shipped,5251.56
100408,1009,2025-10-19,cancelled,5950.26
100409,1040,2024-11-22,refunded,1575.42
100410,1003,2025-10-01,completed,1245.0
100411,1034,2024-12-22,completed,4284.56
100412,1035,2025-09-27,shipped,549.85
100413,1007,2023-05-01,completed,1058.49
100414,1016,2023-06-02,completed,1629.82
100416,1032,2025-04-24,refunded,757.2
100417,1019,2023-05-20,completed,2437.88
100418,1003,2025-11-01,completed,2807.14
100419,1016,2025-09-16,pending,3240.08
100420,1009,2025-12-25,pending,3795.53
100421,1020,2025-12-20,completed,903.86
100422,1025,2024-08-10,shipped,88.24
100423,1035,2025-05-31,completed,1441.64
100424,1033,2025-12-09,completed,2559.66
100425,1040,2025-12-14,refunded,5321.64
100426,1029,2025-03-23,completed,6789.23
100427,1010,2025-07-29,completed,1375.24
100428,1043,2024-04-07,cancelled,6445.51
100429,1015,2023-06-15,refunded,881.77
100430,1029,2023-03-06,pending,283.48
100431,1027,2025-09-01,cancelled,948.81
100432,1029,2023-12-17,pending,72.63
100433,1010,2024-11-09,refunded,1478.01
100434,1026,2025-12-17,completed,1057.2
100435,1041,2025-08-31,completed,2832.95
100436,1008,2024-07-28,shipped,792.48
100437,1044,2024-01-03,completed,6509.04
100438,1022,2023-10-23,refunded,866.22
100439,1028,2025-03-26,completed,453.15
100440,1010,2024-05-07,refunded,1195.54
100441,1048,2024-11-10,refunded,2580.88
100442,1006,2023-06-10,cancelled,2970.29
100443,1030,2023-04-20,pending,3927.99
100444,1045,2023-06-05,shipped,2487.72
100445,1023,2025-03-23,completed,1566.51
100446,1002,2024-07-13,pending,1733.22
100447,1001,2025-02-07,completed,3369.47
100448,1029,2025-02-17,refunded,4364.89
100450,1019,2024-05-19,completed,3445.11
100451,1048,2023-11-12,cancelled,2283.12
100452,1021,2023-11-12,pending,2911.16
100453,1029,2023-08-07,completed,1834.26
100454,1047,2025-06-29,refunded,1833.96
100455,1029,2023-09-29,completed,454.56
100456,1050,2025-11-15,completed,3655.37
100457,1009,2024-12-25,completed,4476.62
100458,1048,2024-10-26,completed,2259.23
100459,1023,2025-03-05,completed,85.16
100460,1010,2024-05-12,shipped,1289.53
100461,1034,2025-02-18,completed,2909.47
100462,1005,2024-07-03,completed,68.64
100463,1041,2025-06-09,pending,1292.91
100465,1047,2023-06-07,completed,599.81
100466,1012,2025-10-12,shipped,1166.04
100467,1032,2023-08-08,completed,1925.0
100468,1045,2025-03-21,refunded,5134.12
100469,1002,2024-11-05,completed,929.79
100470,1043,2023-10-06,completed,786.64
100471,1004,2024-02-16,completed,1416.06
100472,1044,2025-03-26,completed,3508.49
100473,1010,2025-10-02,refunded,4393.2
100474,1041,2025-02-09,refunded,4273.65
100475,1031,2025-01-17,shipped,806.52
100476,1017,2024-01-04,refunded,577.36
100477,1019,2025-08-03,completed,2519.1
100478,1018,2024-08-19,completed,2551.0
100479,1017,2025-04-17,pending,3601.14
100480,1039,2024-09-12,completed,756.42
100481,1048,2025-05-16,completed,426.36
100482,1011,2025-09-08,pending,4077.86
100483,1008,2025-05-06,completed,779.22
100484,1018,2025-01-06,refunded,2863.37
100485,1030,2023-06-24,refunded,1101.24
100486,1034,2024-12-28,cancelled,2411.33
100487,1022,2025-03-29,completed,1827.18
100488,1030,2025-05-31,completed,1346.98
100489,1006,2024-03-30,cancelled,3140.98
100490,1002,2024-03-28,completed,2896.3
100491,1033,2025-10-21,completed,2414.56
100492,1030,2025-09-15,completed,1065.03
100493,1031,2023-06-25,refunded,2565.42
100494,1046,2023-10-18,completed,2888.01
100495,1007,2024-02-28,pending,3558.98
100496,1002,2023-07-19,cancelled,5320.59
100497,1028,2024-10-15,completed,2061.13
100498,1025,2023-08-24,refunded,3275.62
100499,1017,2023-08-12,refunded,8003.09
100500,1007,2024-05-14,completed,1620.9
100501,1009,2024-11-08,pending,161.36
100502,1049,2024-04-19,cancelled,763.92
100503,1049,2025-06-04,completed,4561.02
100504,1002,2024-02-09,shipped,491.22
100505,1019,2023-01-10,completed,2245.53
100506,1010,2023-05-09,completed,4075.82
100507,1047,2024-01-18,completed,946.92
100508,1040,2023-08-22,cancelled,1291.36
100509,1014,2025-12-16,completed,2040.5
100510,1011,2025-03-14,completed,1538.22
100511,1013,2025-07-26,completed,482.24
100512,1013,2024-09-01,shipped,1547.28
100513,1044,2023-10-02,completed,2598.98
100514,1035,2023-08-28,completed,422.64
100515,1048,2025-11-12,pending,3442.22
100516,1001,2025-02-24,completed,3973.87
100517,1009,2023-12-21,completed,1934.66
100518,1035,2023-10-15,completed,1455.09
100519,1046,2023-04-20,completed,2626.1
100520,1048,2024-02-04,shipped,1021.36
100521,1050,2025-10-10,cancelled,4336.06
100522,1005,2025-06-28,completed,3990.98
100523,1022,2023-03-05,completed,2281.56
100524,1038,2024-07-16,shipped,1018.38
100525,1010,2025-07-25,cancelled,947.46
100526,1009,2025-10-11,shipped,4706.26
100527,1041,2023-08-22,refunded,4482.9
100528,1008,2025-01-21,refunded,3771.57
100529,1008,2025-06-22,completed,4105.03
100530,1021,2023-07-29,refunded,3043.15
100531,1043,2024-05-21,refunded,2095.54
100532,1040,2025-07-10,completed,596.0
100533,1002,2023-06-28,refunded,1991.41
100534,1037,2024-04-30,refunded,2216.68
100535,1019,2024-12-19,shipped,351.34
100536,1013,2023-12-06,completed,5757.8
100537,1027,2024-02-28,shipped,2633.9
100538,1012,2024-07-29,shipped,1230.73
100539,1042,2024-08-22,shipped,4823.84
100540,1017,2025-11-19,refunded,1970.38
100541,1027,2025-04-22,completed,2975.66
100542,1018,2023-09-17,refunded,4762.52
100543,1019,2023-10-27,completed,3110.73
100544,1005,2025-03-15,completed,1729.32
100545,1014,2024-07-04,pending,4988.84
100546,1014,2023-06-04,refunded,2720.39
100547,1049,2023-07-10,shipped,4789.52
100548,1003,2025-01-25,pending,3213.67
100549,1023,2023-01-06,refunded,12.33
100550,1014,2025-07-27,cancelled,4841.91
100551,1008,2023-05-10,pending,488.36
100552,1037,2025-05-29,pending,2491.86
100553,1045,2024-08-03,shipped,1382.14
100554,1045,2025-09-20,cancelled,2094.61
100555,1030,2023-04-05,cancelled,7879.18
100556,1025,2025-07-30,completed,5146.96
100557,1002,2023-11-20,pending,2402.68
100558,1036,2026-12-14,cancelled,1420.16
100559,1034,2024-09-10,refunded,4150.4
100560,1029,2024-07-15,cancelled,8306.72
100561,1047,2023-06-18,cancelled,5274.45
100562,1027,2023-12-05,pending,1900.65
100563,1001,2024-04-24,cancelled,60.62
100564,1024,2023-07-14,completed,1125.6
100565,1011,2023-09-29,completed,3962.31
100567,1024,2025-06-30,completed,2469.3
100568,1001,2023-09-04,cancelled,3386.3
100569,1038,2023-05-26,pending,2238.76
100570,1030,2023-07-29,completed,1138.27
100571,1032,2024-09-04,pending,2017.2
100572,1015,2023-09-30,cancelled,1957.02
100573,1010,2025-12-22,completed,146.28
100574,1002,2023-12-03,completed,3021.5
100575,1050,2023-11-07,shipped,3537.38
100576,1029,2024-03-20,completed,572.72
100577,1011,2023-09-10,cancelled,1030.73
100578,1044,2025-05-29,refunded,2317.81
100579,1015,2024-07-21,completed,3639.31
100580,1023,2024-08-06,cancelled,3519.55
100581,1037,2024-09-09,shipped,1787.2
100582,1021,2024-01-22,pending,4019.83
100583,1039,2023-04-22,pending,3236.46
100584,1005,2024-05-08,cancelled,1479.42
100585,1024,2025-12-17,completed,2903.47
100586,1048,2023-09-28,refunded,1316.54
100587,1047,2025-05-11,shipped,1278.37
100588,1023,2025-08-22,completed,2131.71
100589,1024,2023-05-19,completed,2538.14
100590,1049,2023-05-04,shipped,4384.27
100591,1023,2025-10-23,pending,2694.9
100592,1029,2025-04-03,cancelled,1113.72
100593,1041,2023-11-09,completed,2276.65
100594,1037,2025-11-13,refunded,7106.25
100595,1049,2024-10-31,shipped,2455.1
100596,1043,2023-05-16,cancelled,4291.92
100597,1027,2024-05-03,completed,1138.13
100598,1031,2025-06-08,pending,1054.2
100599,1043,2023-04-23,cancelled,553.24
100600,1031,2023-12-26,completed,1184.32
100601,1034,2023-01-24,pending,2899.36
100602,1007,2025-12-07,refunded,1672.39
100603,1034,2024-06-14,completed,2146.62
100604,1020,2024-07-04,completed,1258.39
100605,1045,2023-03-02,refunded,1651.02
100606,1028,2025-12-08,completed,1303.18
100607,1005,2023-06-07,pending,1852.48
100608,1005,2023-04-24,refunded,2007.6
100609,1034,2025-01-23,completed,1910.14
100610,1038,2023-08-25,cancelled,1295.52
100611,1024,2023-04-01,completed,530.82
100612,1048,2025-01-15,completed,1362.51
100613,1009,2023-03-14,refunded,1725.4
100614,1038,2025-05-08,completed,796.08
100615,1041,2024-10-17,refunded,4125.32
100616,1031,2025-02-02,shipped,3759.54
100617,1035,2023-04-18,completed,2304.4
100618,1049,2023-04-05,completed,1486.72
100619,1023,2024-08-01,refunded,1073.81
100620,1009,2023-06-26,pending,2406.14
100621,1042,2024-02-15,shipped,1132.98
100622,1003,2024-05-11,completed,172.88
100623,1023,2025-10-07,refunded,264.65
100624,1033,2024-05-17,completed,2212.8
100625,1038,2023-02-18,shipped,3548.53
100626,1045,2023-01-20,completed,3375.96
100627,1021,2025-02-09,cancelled,3146.19
100628,1007,2024-02-25,completed,1642.64
100629,1033,2023-05-03,cancelled,1077.4
100630,1038,2023-03-31,refunded,2610.12
100631,1003,2025-02-01,cancelled,2413.84
100632,1006,2023-07-15,completed,2544.54
100633,1028,2025-03-18,shipped,1356.6
100634,1016,2025-06-09,completed,1729.57
100635,1044,2024-06-18,refunded,3758.97
100637,1044,2024-10-30,pending,599.96
100638,1036,2023-06-02,completed,828.55
100639,1033,2023-08-12,completed,715.56
100640,1044,2025-08-12,pending,2338.17
100642,1023,2025-01-03,completed,3868.19
100643,1040,2025-08-06,refunded,5587.88
100644,1017,2023-11-19,completed,2746.87
100645,1037,2023-03-24,refunded,4529.13
100646,1029,2023-10-31,cancelled,1476.0
100647,1049,2024-12-29,shipped,6700.34
100648,1040,2024-09-04,refunded,2792.29
100649,1049,2023-03-05,refunded,4042.94
100650,1030,2024-05-26,pending,1421.37
100651,1031,2023-10-14,completed,596.13
100652,1032,2024-03-31,completed,2798.66
100653,1017,2025-02-01,cancelled,2833.67
100654,1011,2023-06-22,shipped,2299.2
100655,1025,2023-06-03,completed,2246.47
100656,1032,2025-06-27,completed,5946.36
100657,1031,2024-11-10,completed,783.96
100658,1034,2023-04-14,shipped,1573.57
100659,1005,2025-03-19,completed,2110.68
100660,1035,2025-05-23,completed,887.91
100661,1041,2024-01-19,completed,2129.72
100662,1026,2023-11-01,shipped,3773.69
100663,1015,2024-05-18,completed,2094.35
100664,1027,2025-09-08,completed,746.91
100665,1050,2023-10-09,completed,2146.43
100666,1039,2025-12-12,cancelled,4601.15
100667,1048,2023-02-09,refunded,1111.6
100669,1008,2025-09-09,refunded,4012.6
100670,1044,2025-10-25,pending,3111.07
100671,1044,2023-02-23,shipped,1246.98
100672,1027,2024-07-29,refunded,2955.61
100673,1046,2025-12-20,refunded,3172.18
100674,1034,2024-04-21,completed,1426.52
100675,1041,2024-05-08,shipped,3562.84
100676,1022,2023-04-25,completed,4390.11
100677,1046,2025-03-06,refunded,1788.46
100678,1035,2023-12-22,completed,652.41
100679,1011,2025-01-04,completed,4372.5
100681,1010,2024-12-21,shipped,852.07
100682,1005,2024-01-21,shipped,5411.34
100683,1026,2025-10-01,completed,163.84
100684,1025,2024-03-24,shipped,2448.6
100685,1013,2024-11-10,completed,3196.83
100686,1019,2024-11-28,completed,3438.62
100687,1027,2024-10-24,completed,3047.42
100688,1023,2023-10-18,completed,249.62
100689,1028,2025-01-17,completed,3664.32
100690,1011,2025-03-21,completed,2794.38
100691,1032,2024-10-22,completed,1524.56
100692,1014,2025-06-13,pending,1380.72
100693,1019,2023-12-23,shipped,1323.47
100694,1038,2024-12-31,cancelled,2479.26
100695,1048,2023-12-26,completed,1183.11
100696,1032,2024-08-26,completed,4738.46
100697,1023,2025-03-12,shipped,3267.77
100698,1013,2024-10-13,completed,1342.23
100699,1005,2023-08-02,completed,992.46
100700,1039,2023-06-09,completed,2547.76
100701,1014,2023-12-10,completed,2907.61
100702,1002,2024-11-18,completed,1943.99
100703,1018,2024-05-26,completed,1062.66
100704,1020,2023-08-10,completed,131.8
100705,1020,2025-06-16,pending,5143.7
100706,1005,2025-04-27,pending,1843.57
100707,1030,2025-02-07,refunded,2337.49
100708,1034,2024-04-06,pending,2381.81
100709,1042,2023-03-10,completed,1118.1
100710,1028,2023-08-03,completed,3245.66
100711,1034,2025-02-07,cancelled,3567.21
100712,1045,2023-07-10,shipped,2826.48
100713,1019,2025-09-15,completed,2035.59
100714,1012,2023-12-04,pending,218.96
100715,1045,2023-07-27,completed,2269.24
100716,1018,2025-04-18,shipped,3305.09
100717,1016,2024-06-27,completed,2257.54
100718,1027,2023-07-16,pending,252.32
100719,1033,2025-10-02,completed,4574.58
100720,1029,2025-05-25,completed,4247.28
100721,1036,2025-09-10,completed,2685.93
100722,1014,2023-12-16,completed,3674.43
100723,1031,2025-08-27,completed,1989.94
100724,1005,2025-08-22,cancelled,2341.48
100725,1035,2025-03-04,completed,1447.74
100726,1035,2025-01-26,pending,2595.5
100727,1003,2025-06-19,completed,447.36
100728,1010,2024-07-04,completed,4302.01
100729,1029,2023-07-18,cancelled,1754.9
100730,1022,2025-04-27,shipped,1401.25
100731,1048,2023-05-05,refunded,3241.0
100732,1010,2025-08-30,completed,1992.93
100733,1049,2023-06-11,refunded,3840.84
100734,1010,2025-10-25,shipped,2975.83
100735,1031,2023-10-29,refunded,2775.54
100736,1037,2023-12-09,refunded,1301.51
100737,1001,2023-03-29,completed,4246.31
100738,1036,2025-06-10,refunded,544.82
100739,1044,2024-06-12,cancelled,3184.67
100740,1029,2023-05-18,pending,1723.31
100741,1041,2024-10-29,shipped,5342.97
100742,1018,2023-01-26,shipped,4343.13
100743,1031,2025-05-09,pending,3696.93
100744,1030,2023-07-25,shipped,74.52
100745,1008,2024-08-08,completed,2706.68
100746,1048,2024-06-24,cancelled,82.65
100747,1026,2025-08-26,completed,2677.26
100748,1013,2023-10-22,shipped,738.55
100749,1026,2025-04-02,pending,2271.0
100750,1018,2024-11-09,completed,479.0
100751,1041,2025-08-31,completed,4867.17
100752,1043,2024-09-12,completed,989.2
100753,1038,2023-07-21,completed,3870.76
100754,1023,2025-06-26,refunded,1991.46
100755,1012,2025-05-03,cancelled,960.47
100756,1037,2025-06-23,refunded,3192.78
100757,1022,2025-09-19,shipped,5127.62
100758,1006,2023-04-26,refunded,70.02
100759,1019,2024-09-29,shipped,3734.66
100760,1010,2025-12-09,completed,3985.62
100761,1027,2024-02-16,completed,1220.67
100762,1047,2023-04-14,cancelled,2889.27
100763,1003,2025-01-24,shipped,5131.1
100764,1017,2023-09-11,completed,1519.44
100765,1012,2025-09-28,pending,1023.84
100766,1011,2025-08-29,shipped,858.38
100767,1040,2023-12-01,cancelled,5722.34
100768,1042,2023-07-05,completed,1074.67
100769,1010,2023-11-30,refunded,4363.58
100770,1015,2024-03-29,completed,3146.21
100771,1015,2024-07-05,pending,2314.4
100772,1004,2023-01-19,completed,1385.8
100773,1038,2023-01-18,completed,2350.01
100774,1019,2024-09-17,cancelled,956.59
100775,1048,2025-05-17,refunded,3137.8
100776,1037,2024-05-31,pending,3311.16
100777,1013,2025-12-02,pending,276.52
100778,1006,2023-01-16,cancelled,959.74
100779,1009,2025-02-05,cancelled,4841.67
100780,1043,2024-08-01,cancelled,3602.71
100781,1045,2023-05-11,completed,686.97
100782,1040,2024-07-21,cancelled,23.01
100783,1036,2024-09-03,completed,739.47
100784,1027,2024-05-07,refunded,568.8
100785,1016,2025-04-07,completed,2576.0
100786,1015,2023-02-22,pending,1905.88
100787,1050,2024-06-15,pending,5420.73
100788,1011,2023-03-14,cancelled,2547.45
100789,1045,2024-01-24,cancelled,142.04
100790,1014,2025-12-30,refunded,1940.5
100791,1006,2025-01-04,completed,2051.98
100792,1042,2024-01-06,completed,2542.09
100793,1020,2024-06-13,refunded,1480.98
100794,1017,2024-01-10,completed,4570.94
100795,1046,2024-03-31,completed,2283.36
100796,1050,2024-09-20,refunded,672.06
100797,1040,2025-01-31,shipped,3160.44
100798,1004,2023-08-30,completed,1201.65
100799,1004,2023-05-26,completed,6464.2
100800,1007,2025-02-20,completed,4933.77
100802,1032,2023-11-05,completed,644.28
100803,1033,2025-07-26,completed,1785.92
100804,1023,2024-01-05,completed,1954.96
100805,1044,2023-12-29,cancelled,2098.78
100806,1041,2025-07-14,completed,4981.52
100807,1010,2023-12-12,refunded,163.82
100808,1032,2023-06-30,shipped,5165.25
100809,1049,2025-05-29,pending,2039.4
100810,1024,2025-02-24,completed,18.8
100811,1024,2025-02-03,completed,497.98
100812,1036,2025-12-23,completed,288.39
100813,1038,2024-05-24,cancelled,2684.59
100814,1032,2024-10-01,completed,3604.65
100815,1034,2024-09-18,completed,2498.48
100816,1042,2024-09-02,pending,1589.88
100817,1045,2025-12-09,pending,587.16
100818,1045,2023-10-02,pending,2916.36
100819,1034,2024-01-21,refunded,2079.4
100820,1038,2024-04-12,cancelled,2312.71
100821,1020,2024-03-08,completed,670.88
100822,1031,2023-12-13,completed,28.32
100823,1048,2023-03-18,cancelled,4501.4
100824,1013,2025-12-31,completed,629.37
100825,1016,2023-04-09,completed,1569.76
100826,1027,2023-02-10,cancelled,2293.67
100827,1048,2025-06-28,completed,1435.5
100828,1018,2025-08-29,completed,1754.07
100829,1043,2023-01-20,pending,248.54
100830,1041,2025-12-01,shipped,774.74
100831,1050,2023-10-08,refunded,2646.4
100832,1020,2025-11-13,shipped,994.6
100833,1030,2023-08-22,pending,915.63
100834,1023,2024-02-14,completed,2198.37
100835,1046,2024-02-18,cancelled,3271.14
100836,1026,2023-11-25,shipped,2607.64
100837,1018,2024-03-01,pending,340.98
100838,1024,2023-01-06,cancelled,3686.5
100839,1010,2023-08-15,cancelled,1205.15
100840,1023,2023-07-04,shipped,4497.64
100841,1040,2023-07-27,cancelled,4979.52
100843,1040,2024-08-29,pending,2385.56
100844,1026,2023-12-24,refunded,92.84
100845,1001,2024-10-02,cancelled,1898.28
100846,1024,2023-04-04,refunded,2488.23
100847,1045,2023-12-16,completed,5370.43
100849,1020,2024-07-03,completed,3435.68
100850,1035,2024-12-02,completed,5686.14
100851,1041,2025-07-23,refunded,5258.13
100852,1050,2025-09-06,cancelled,3838.54
100853,1031,2023-12-08,completed,2577.04
100854,1034,2023-05-01,completed,2805.93
100855,1010,2025-09-15,cancelled,3591.03
100856,1023,2025-02-16,completed,2889.59
100857,1004,2023-09-25,pending,963.69
100858,1002,2025-04-22,completed,1292.53
100859,1024,2024-10-05,cancelled,6091.38
100860,1023,2025-12-10,cancelled,4172.15
100861,1016,2024-04-03,refunded,3369.61
100862,1018,2025-12-07,cancelled,3035.12
100863,1016,2025-06-05,cancelled,5318.6
100864,1016,2024-12-09,cancelled,1670.16
100865,1009,2023-11-01,shipped,2494.26
100866,1006,2023-11-18,refunded,4334.0
100867,1034,2025-10-12,completed,3314.58
100868,1039,2024-10-18,completed,4485.83
100869,1006,2023-04-14,completed,7093.51
100870,1049,2025-02-14,refunded,1689.93
100871,1002,2025-07-29,refunded,2165.64
100872,1005,2023-06-30,pending,3363.33
100873,1021,2025-10-15,cancelled,2578.52
100874,1050,2025-04-06,completed,1730.4
100875,1029,2023-01-01,refunded,775.05
100876,1006,2024-09-15,shipped,2965.85
100877,1045,2025-07-23,completed,4114.66
100878,1003,2024-04-01,completed,4610.99
100879,1019,2025-08-26,cancelled,47.6
100880,1031,2025-07-15,completed,2069.58
100881,1024,2024-03-30,completed,1032.53
100882,1009,2024-08-20,shipped,3841.65
100883,1026,2023-08-06,completed,3642.43
100885,1030,2025-04-18,completed,1194.15
100886,1031,2024-01-20,refunded,4043.93
100887,1036,2025-07-25,cancelled,767.39
100888,1026,2025-04-28,cancelled,1339.04
100890,1023,2023-09-10,pending,2540.06
100891,1032,2025-10-29,pending,482.4
100892,1009,2026-06-02,pending,3288.42
100893,1006,2025-09-16,refunded,3084.95
100894,1018,2023-12-29,shipped,166.36
100895,1030,2023-09-20,pending,4442.26
100896,1006,2024-10-21,pending,4092.66
100897,1041,2024-05-23,pending,1628.63
100898,1002,2024-08-25,refunded,3792.88
100899,1012,2025-04-25,cancelled,869.1
100900,1043,2025-11-15,refunded,2564.2
100901,1019,2024-10-04,cancelled,1545.24
100902,1036,2024-03-21,completed,4103.55
100903,1017,2024-08-18,completed,3438.1
100904,1019,2023-09-29,cancelled,3715.6
100906,1006,2023-12-31,shipped,3161.79
100907,1019,2024-10-22,completed,4358.35
100908,1011,2025-09-10,shipped,405.49
100909,1017,2025-05-04,cancelled,611.86
100910,1042,2025-12-29,refunded,1137.92
100911,1007,2023-01-27,completed,4179.78
100912,1027,2023-10-25,cancelled,2995.71
100913,1022,2024-06-30,refunded,91.9
100914,1017,2024-08-09,completed,191.8
100915,1018,2023-05-08,refunded,2257.91
100916,1046,2023-03-08,refunded,1172.14
100917,1021,2024-04-04,cancelled,3327.98
100918,1006,2024-05-01,refunded,149.32
100919,1018,2024-08-12,cancelled,417.52
100920,1048,2025-02-20,pending,1616.83
100921,1009,2024-10-02,completed,3161.09
100922,1036,2024-05-29,shipped,4711.54
100923,1038,2025-06-26,cancelled,2029.2
100924,1022,2025-01-23,shipped,1002.82
100925,1023,2024-02-07,cancelled,2634.27
100926,1002,2024-08-25,completed,452.07
100927,1035,2023-06-02,completed,2929.92
100928,1048,2023-09-02,completed,1409.94
100929,1032,2024-06-25,completed,7592.14
100930,1024,2024-06-06,completed,2654.57
100931,1026,2023-11-14,completed,1987.72
100932,1023,2023-04-15,cancelled,5884.38
100933,1005,2024-09-08,refunded,1134.43
100934,1028,2025-01-03,refunded,2570.84
100935,1038,2025-12-12,completed,4582.05
100936,1034,2025-10-31,pending,3987.16
100937,1029,2025-04-06,completed,2497.67
100938,1016,2024-03-12,completed,516.33
100939,1037,2024-08-24,refunded,2355.45
100940,1009,2025-08-30,refunded,2084.06
100942,1031,2023-01-19,cancelled,3326.61
100943,1015,2024-05-07,shipped,5134.72
100944,1026,2024-05-14,cancelled,3590.65
100945,1031,2025-02-20,pending,3913.52
100947,1025,2024-08-02,shipped,292.65
100948,1006,2025-02-06,refunded,491.4
100949,1026,2025-09-23,completed,4322.5
100950,1044,2024-01-30,shipped,2555.79
100951,1034,2023-07-16,refunded,629.68
100953,1014,2023-01-16,completed,458.26
100954,1017,2024-03-12,pending,2396.15
100955,1008,2024-02-26,refunded,1135.68
100956,1015,2025-06-10,refunded,2698.5
100957,1025,2023-11-11,pending,2191.28
100958,1029,2023-03-19,completed,5614.65
100959,1009,2024-05-30,completed,1394.5
100960,1040,2024-04-11,pending,3488.3
100961,1001,2025-04-08,completed,659.87
100962,1008,2023-08-31,completed,1659.66
100963,1022,2023-05-10,cancelled,669.69
100964,1046,2023-05-29,shipped,2256.45
100965,1012,2024-09-09,completed,766.24
100966,1048,2025-06-15,pending,4423.64
100967,1004,2023-03-05,completed,965.94
100968,1021,2023-10-07,pending,2470.76
100969,1014,2024-08-27,completed,5024.09
100970,1024,2025-02-03,shipped,118.94
100971,1031,2023-10-17,completed,1545.4
100972,1008,2025-03-18,shipped,3286.84
100973,1037,2024-09-16,cancelled,1464.22
100974,1037,2024-12-05,pending,477.04
100975,1033,2025-11-15,completed,905.89
100976,1036,2024-06-01,completed,3224.88
100977,1022,2023-04-22,shipped,3504.42
100978,1042,2023-05-30,cancelled,6506.62
100979,1036,2023-07-21,cancelled,2217.22
100980,1046,2024-11-08,completed,6382.44
100981,1030,2024-04-25,completed,452.22
100982,1044,2024-02-01,pending,1311.79
100983,1018,2024-09-18,shipped,1724.57
100984,1044,2025-01-16,pending,1202.35
100985,1039,2024-10-03,refunded,5164.37
100986,1041,2025-06-12,refunded,2559.41
100987,1004,2024-11-10,pending,755.64
100988,1005,2024-09-17,shipped,2735.3
100989,1041,2023-06-17,refunded,2425.25
100990,1040,2024-02-07,cancelled,1107.81
100991,1020,2023-06-06,completed,5270.9
100992,1014,2025-11-04,completed,2505.2
100993,1023,2025-04-09,shipped,4902.27
100994,1009,2023-03-17,completed,2159.86
100995,1015,2025-08-24,refunded,172.6
100996,1038,2025-03-14,refunded,2037.78
100997,1032,2024-08-18,pending,2008.17
100998,1049,2023-07-05,completed,236.55
100999,1013,2024-05-04,cancelled,2275.66
101000,1032,2025-11-18,pending,14.7
101001,1021,2023-10-27,cancelled,242.19
101002,1026,2025-01-04,completed,689.66
101003,1028,2024-04-19,completed,989.1
101004,1016,2023-03-29,completed,2225.09
101005,1048,2025-01-09,pending,1197.64
101006,1026,2023-04-06,cancelled,271.6
101007,1014,2025-12-03,refunded,1012.2
101008,1011,2024-06-23,shipped,5329.98
101009,1015,2025-02-10,pending,5013.64
101010,1007,2023-06-09,completed,6693.93
101011,1007,2024-04-01,pending,1825.21
101012,1005,2024-12-07,refunded,3219.34
101013,1006,2023-01-14,completed,287.58
101014,1028,2024-04-16,shipped,1295.97
101015,1033,2024-03-09,completed,546.2
101016,1016,2023-08-31,completed,2205.16
101018,1020,2024-11-07,completed,3405.02
101019,1004,2025-09-07,completed,3696.86
101020,1025,2025-04-21,completed,1468.35
101021,1032,2023-11-26,cancelled,727.53
101022,1027,2023-10-28,completed,2423.0
101023,1007,2024-01-04,pending,1345.6
101024,1020,2023-02-08,cancelled,421.35
101025,1029,2024-08-03,completed,266.45
101026,1004,2025-08-23,completed,3768.84
101027,1012,2025-04-21,completed,1181.28
101028,1013,2024-01-08,cancelled,1620.24
101029,1020,2023-12-10,cancelled,3226.27
101030,1012,2025-07-17,shipped,4572.66
101031,1048,2025-02-13,completed,3184.83
101032,1007,2024-02-19,refunded,4719.5
101033,1033,2025-05-09,shipped,4013.01
101034,1013,2025-09-01,shipped,1614.74
101035,1006,2025-12-24,refunded,4320.62
101036,1016,2025-09-14,completed,2258.12
101037,1023,2023-01-03,cancelled,4580.39
101038,1050,2025-12-05,completed,2425.91
101039,1001,2025-12-21,completed,2933.59
101040,1023,2025-09-14,pending,3707.15
101041,1001,2023-07-20,completed,4087.09
101042,1029,2024-04-21,completed,284.88
101043,1040,2025-04-16,completed,2059.23
101044,1010,2023-01-15,shipped,2110.88
101045,1048,2023-01-15,cancelled,91.02
101046,1050,2024-10-08,completed,1135.08
101047,1015,2025-05-22,shipped,2044.14
101048,1010,2025-05-17,completed,2741.18
101049,1022,2025-03-24,completed,4604.16
101050,1035,2025-09-15,completed,840.54
101051,1040,2025-09-17,completed,1285.46
101052,1021,2025-03-26,completed,1252.56
101053,1021,2023-09-01,completed,1096.85
101054,1030,2023-11-28,completed,1581.13
101055,1009,2024-11-24,shipped,150.84
101056,1034,2023-04-17,pending,83.47
101057,1029,2023-01-11,refunded,2089.13
101058,1029,2025-06-10,completed,1031.34
101059,1029,2025-01-29,shipped,6492.3
101060,1049,2025-02-26,shipped,2239.65
101061,1019,2024-08-09,shipped,2130.64
101062,1014,2023-12-25,pending,1498.61
101063,1016,2024-02-18,refunded,3990.77
101064,1026,2024-02-03,refunded,2121.8
101065,1018,2025-11-22,completed,3284.55
101066,1047,2023-03-15,completed,6031.43
101067,1029,2023-11-19,completed,731.65
101068,1016,2024-12-24,pending,4587.05
101069,1007,2024-02-15,completed,4716.87
101071,1029,2023-05-21,shipped,6238.79
101072,1046,2024-12-13,refunded,4834.66
101073,1003,2024-02-03,pending,8645.12
101074,1035,2024-06-18,pending,520.4
101075,1006,2023-05-29,completed,528.46
101076,1006,2023-08-28,completed,998.82
101077,1018,2024-05-27,pending,3769.61
101078,1023,2025-09-17,completed,2891.0
101079,1017,2025-07-28,pending,1288.56
101080,1004,2023-02-26,completed,6035.73
101081,1014,2025-02-22,refunded,2411.93
101082,1044,2024-04-15,pending,4397.59
101083,1008,2025-11-23,completed,2653.36
101084,1039,2024-06-23,completed,1681.12
101085,1028,2024-12-01,shipped,4814.72
101086,1044,2025-09-02,completed,3393.37
101087,1035,2024-07-05,cancelled,334.55
101088,1005,2024-01-25,cancelled,3731.46
101089,1040,2024-05-10,completed,2890.4
101090,1013,2024-05-26,completed,1596.32
101091,1031,2023-08-07,completed,1557.33
101092,1013,2025-10-05,completed,4430.19
101093,1004,2023-03-28,completed,2165.82
101094,1010,2025-10-05,refunded,1115.32
101095,1022,2024-01-10,shipped,544.81
101096,1022,2024-03-30,shipped,1813.62
101097,1001,2025-12-12,pending,4274.2
101098,1006,2023-03-08,completed,1945.94
101099,1003,2023-12-24,completed,215.64
101100,1044,2025-07-31,cancelled,4878.58
101101,1048,2024-03-07,shipped,716.52
101102,1013,2025-01-10,refunded,6923.28
101103,1039,2024-06-22,completed,1928.5
101104,1047,2024-12-03,completed,2235.96
101105,1050,2024-03-07,cancelled,462.34
101106,1049,2025-01-17,completed,3221.39
101107,1010,2023-09-26,cancelled,2959.3
101108,1020,2023-07-24,completed,2132.6
101109,1048,2025-06-04,completed,910.79
101110,1004,2023-11-03,refunded,3931.84
101111,1005,2025-05-13,completed,1671.39
101112,1008,2025-11-24,cancelled,1413.6
101113,1043,2025-09-23,completed,3163.2
101114,1049,2023-04-08,completed,1942.99
101115,1037,2023-05-03,refunded,5166.08
101116,1002,2023-07-17,cancelled,5265.67
101117,1047,2025-01-09,shipped,493.5
101118,1046,2024-06-11,completed,3158.96
101119,1017,2024-12-20,shipped,3008.55
101120,1023,2023-12-24,completed,744.1
101121,1005,2025-11-11,refunded,4444.96
101122,1048,2023-06-10,shipped,268.06
101123,1034,2023-10-24,cancelled,5336.23
101124,1050,2024-11-21,cancelled,3202.28
101125,1028,2025-04-08,completed,157.89
101126,1044,2024-04-12,completed,4185.61
101127,1012,2024-07-01,cancelled,3206.72
101128,1023,2025-06-30,refunded,1784.09
101129,1002,2025-12-02,pending,3016.85
101130,1032,2023-02-17,cancelled,635.34
101131,1021,2024-05-30,cancelled,1107.68
101132,1034,2024-03-07,pending,2384.69
101133,1004,2023-05-11,shipped,5922.73
101134,1007,2025-03-24,refunded,3950.67
101135,1040,2023-08-01,shipped,6300.44
101136,1043,2025-03-09,completed,4496.56
101137,1002,2024-08-04,cancelled,190.69
101138,1034,2025-12-14,completed,2476.86
101139,1044,2024-12-31,refunded,2908.1
101140,1009,2024-07-11,pending,2287.38
101141,1011,2023-12-29,shipped,5761.64
101142,1007,2025-06-09,cancelled,570.38
101143,1046,2024-09-26,pending,1240.91
101144,1002,2023-07-03,completed,3377.15
101145,1033,2024-06-16,completed,1191.91
101146,1022,2025-12-07,refunded,428.8
101147,1004,2024-08-10,shipped,2850.06
101148,1022,2025-10-04,pending,1889.93
101149,1042,2025-05-31,shipped,4097.21
101150,1009,2023-01-15,completed,505.44
101151,1049,2025-06-14,completed,1559.21
101152,1048,2025-03-09,completed,1916.4
101153,1014,2025-05-14,completed,1678.0
101154,1042,2024-07-10,cancelled,3610.97
101155,1050,2024-07-04,completed,984.97
101156,1032,2024-01-09,completed,5079.88
101157,1013,2025-07-21,pending,3732.73
101158,1036,2025-10-04,completed,2130.0
101159,1008,2023-04-12,completed,2604.0
101160,1042,2023-07-29,completed,4516.58
101161,1020,2025-06-16,completed,4191.49
101162,1024,2023-11-05,pending,3816.61
101163,1043,2025-05-10,refunded,2622.0
101164,1003,2025-01-30,cancelled,68.15
101165,1029,2024-11-07,refunded,1170.36
101166,1027,2023-10-27,completed,1490.69
101167,1008,2023-05-27,pending,2355.21
101168,1048,2024-05-27,refunded,4163.83
101169,1048,2024-05-24,refunded,952.17
101170,1021,2024-05-21,completed,2794.31
101171,1007,2023-07-12,cancelled,3756.83
101172,1048,2025-08-26,cancelled,2563.48
101173,1034,2024-10-23,cancelled,2533.18
101174,1031,2025-12-02,completed,864.2
101175,1036,2024-09-03,completed,2012.63
101176,1031,2024-03-22,completed,1575.37
101177,1024,2024-10-26,completed,1654.13
101178,1049,2023-09-03,refunded,1043.46
101179,1011,2023-03-28,refunded,3986.99
101180,1047,2023-11-14,refunded,2096.45
101181,1005,2023-11-19,completed,4698.5
101182,1022,2024-11-24,cancelled,49.48
101183,1015,2024-12-29,completed,4452.32
101184,1032,2023-08-08,pending,1048.08
101185,1002,2024-12-12,cancelled,3140.39
101186,1046,2025-02-12,cancelled,3374.36
101187,1005,2023-03-22,cancelled,2511.07
101188,1008,2024-08-26,cancelled,3571.55
101189,1008,2024-01-18,completed,4598.57
101190,1041,2025-08-17,refunded,1188.39
101191,1028,2023-11-25,shipped,1553.53
101192,1040,2024-08-28,shipped,945.63
101193,1023,2023-01-02,cancelled,6742.12
101194,1025,2024-01-15,shipped,3686.71
101195,1044,2024-05-04,cancelled,4147.12
101196,1036,2025-03-04,shipped,3091.88
101197,1013,2023-11-12,completed,5436.76
101198,1031,2024-10-21,completed,5351.91
101199,1026,2023-05-17,refunded,4073.73
101200,1026,2024-01-01,completed,1735.72
101201,1030,2024-01-28,completed,1794.58
101202,1016,2025-03-06,pending,781.86
101204,1027,2024-06-08,completed,891.24
101205,1024,2023-05-26,completed,3772.66
101206,1003,2023-06-13,refunded,1769.53
101207,1009,2025-01-09,cancelled,1901.09
101208,1047,2025-05-01,refunded,5551.28
101209,1007,2024-06-28,completed,1393.49
101210,1028,2024-09-14,completed,479.82
101211,1030,2023-07-18,cancelled,4706.88
101212,1036,2025-02-28,completed,515.04
101213,1010,2024-05-24,cancelled,2708.17
101215,1021,2025-04-30,completed,1675.99
101216,1017,2025-01-03,pending,2980.81
101217,1030,2025-05-24,completed,1722.13
101218,1006,2025-04-02,completed,4924.53
101219,1012,2025-12-29,pending,3437.56
101220,1009,2024-10-07,completed,2845.88
101221,1022,2025-04-24,cancelled,436.05
101222,1012,2024-10-24,completed,3292.13
101223,1048,2024-03-14,refunded,5706.55
101224,1047,2024-06-04,pending,2037.28
101225,1024,2025-03-24,cancelled,2298.28
101226,1012,2024-08-05,completed,1601.07
101227,1024,2024-09-10,completed,2028.42
101228,1044,2024-03-15,completed,4029.48
101229,1009,2024-07-19,shipped,2603.27
101230,1030,2023-11-13,completed,405.72
101231,1032,2023-11-16,completed,137.97
101232,1038,2024-05-26,completed,758.94
101233,1010,2023-07-08,pending,517.53
101234,1020,2024-03-21,completed,3750.7
101235,1035,2025-09-15,pending,2539.23
101236,1012,2023-07-15,cancelled,5283.09
101237,1029,2025-02-20,refunded,756.07
101238,1046,2024-11-15,refunded,2355.98
101239,1023,2023-09-04,completed,3357.66
101240,1014,2023-01-24,refunded,93.32
101241,1043,2023-04-21,shipped,380.25
101242,1044,2023-11-03,shipped,1368.48
101243,1027,2023-11-10,cancelled,3942.26
101244,1002,2025-03-15,refunded,1743.58
101245,1029,2025-10-30,completed,598.64
101246,1033,2025-03-18,completed,2278.62
101247,1010,2025-09-01,cancelled,1765.71
101248,1040,2025-03-28,completed,3617.79
101249,1023,2025-06-08,cancelled,448.08
101250,1004,2023-10-04,shipped,2747.49
101251,1015,2025-03-20,shipped,2238.51
101252,1039,2025-12-09,completed,89.65
101253,1044,2025-05-30,cancelled,125.86
101255,1031,2023-07-03,cancelled,2250.9
101256,1046,2025-01-18,completed,4742.34
101257,1023,2023-02-19,completed,2636.53
101258,1013,2024-12-17,refunded,3872.61
101259,1013,2025-06-24,completed,1868.18
101260,1036,2024-04-23,cancelled,3314.22
101261,1031,2023-06-25,cancelled,4208.96
101262,1042,2023-10-30,completed,4142.83
101263,1043,2023-08-16,pending,5120.71
101264,1037,2024-11-10,cancelled,542.82
101265,1008,2024-02-22,shipped,4283.06
101266,1013,2025-09-16,cancelled,2553.34
101267,1048,2023-02-07,shipped,4169.1
101268,1026,2025-12-14,completed,1909.81
101269,1036,2024-08-04,refunded,2007.44
101270,1027,2024-07-09,pending,3363.89
101271,1028,2023-01-18,pending,4044.05
101272,1030,2025-01-07,completed,1003.45
101273,1038,2025-03-02,pending,5916.03
101274,1044,2023-07-23,pending,893.0
101275,1029,2025-12-24,completed,3942.09
101276,1009,2025-07-26,cancelled,1714.58
101277,1007,2024-05-21,completed,5037.9
101278,1021,2025-03-16,completed,4175.79
101279,1046,2024-12-21,cancelled,944.6
101280,1041,2025-10-23,refunded,1907.09
101281,1048,2024-06-11,refunded,916.91
101282,1038,2024-07-27,completed,1693.78
101283,1016,2025-03-15,completed,2967.44
101284,1007,2025-02-21,cancelled,1410.18
101285,1050,2024-04-10,completed,4550.23
101286,1043,2025-05-23,shipped,2292.36
101287,1037,2023-09-27,cancelled,121.98
101288,1032,2024-02-19,completed,2209.11
101289,1032,2025-12-08,pending,4895.83
101290,1015,2023-10-25,shipped,3617.83
101291,1028,2024-10-12,shipped,3682.49
101292,1035,2023-08-31,completed,2474.95
101293,1020,2023-10-26,completed,5517.27
101294,1050,2025-04-27,completed,5361.98
101295,1033,2024-07-14,refunded,583.32
101296,1035,2023-09-27,completed,2970.68
101297,1012,2024-06-30,shipped,5487.84
101298,1038,2024-04-20,cancelled,6006.82
101299,1018,2023-06-12,refunded,6256.24
101300,1012,2025-10-25,pending,959.9
101301,1035,2025-02-04,refunded,3370.65
101302,1032,2025-08-28,completed,886.54
101303,1050,2023-03-08,refunded,1541.07
101304,1050,2024-07-06,completed,7037.6
101305,1022,2024-02-20,completed,5015.0
101306,1013,2025-06-18,pending,1673.96
101308,1039,2025-07-26,pending,4009.78
101309,1012,2023-03-27,cancelled,822.44
101310,1049,2024-10-02,shipped,2158.2
101311,1015,2025-12-11,cancelled,348.84
101312,1030,2025-12-02,pending,4635.97
101313,1039,2023-03-28,shipped,6285.62
101314,1009,2023-03-22,pending,911.43
101315,1036,2023-04-11,completed,4747.76
101316,1023,2024-09-15,refunded,6096.03
101317,1001,2023-12-07,completed,2961.95
101318,1018,2023-04-22,shipped,3122.96
101321,1015,2025-08-07,pending,2507.81
101322,1031,2025-10-22,completed,123.12
101323,1049,2023-10-05,pending,2794.57
101324,1035,2023-02-21,pending,1109.1
101325,1003,2024-02-18,completed,621.48
101326,1019,2023-12-02,cancelled,2407.96
101327,1019,2023-08-22,pending,4376.11
101328,1007,2023-06-24,cancelled,3831.37
101329,1013,2025-11-13,completed,3179.11
101330,1026,2025-02-18,refunded,2283.85
101331,1010,2024-11-17,refunded,2943.51
101332,1034,2023-11-04,refunded,3287.44
101333,1050,2023-04-16,completed,246.73
101334,1042,2025-07-02,cancelled,7546.58
101335,1036,2023-09-27,completed,5807.49
101336,1024,2024-06-02,pending,2276.9
101337,1008,2025-10-18,refunded,631.18
101338,1039,2025-10-07,completed,4073.79
101339,1003,2025-09-01,pending,2177.49
101340,1039,2023-01-14,shipped,2625.39
101341,1027,2024-03-01,completed,2156.78
101342,1026,2024-12-15,completed,4094.27
101343,1045,2024-09-03,completed,697.37
101344,1035,2025-05-03,completed,1158.34
101345,1003,2023-12-30,cancelled,1459.64
101347,1029,2023-03-15,refunded,4257.61
101348,1048,2025-01-24,refunded,3115.1
101349,1009,2025-05-25,completed,3585.43
101350,1031,2023-10-03,cancelled,2604.33
101351,1007,2024-11-05,pending,2260.94
101352,1013,2024-03-04,completed,3341.25
101353,1029,2025-12-19,pending,1045.14
101354,1001,2024-08-11,shipped,1622.91
101355,1007,2024-06-15,shipped,294.0
101356,1032,2024-12-25,shipped,795.4
101357,1020,2025-11-30,cancelled,4626.64
101358,1013,2024-01-04,completed,1122.88
101359,1024,2024-02-01,completed,227.59
101360,1021,2023-08-30,refunded,3699.7
101361,1050,2025-04-29,completed,1385.01
101362,1024,2024-03-10,cancelled,1510.84
101363,1040,2024-07-30,refunded,880.38
101364,1006,2024-09-06,shipped,4082.05
101365,1031,2023-01-13,cancelled,4281.67
101366,1020,2025-03-22,shipped,2692.76
101367,1035,2023-03-01,completed,607.42
101368,1017,2024-11-23,pending,2881.0
101369,1015,2023-03-14,completed,2987.59
101370,1008,2025-08-01,completed,5485.59
101371,1021,2025-04-27,completed,494.88
101372,1010,2024-09-05,cancelled,2788.1
101373,1037,2023-02-08,shipped,4968.94
101374,1028,2024-12-25,completed,3735.78
101375,1045,2023-03-05,pending,2728.85
101376,1010,2023-12-06,shipped,6614.03
101377,1022,2023-08-28,completed,987.63
101378,1019,2024-10-06,completed,86.1
101379,1005,2023-06-27,completed,474.16
101380,1037,2024-09-11,shipped,2732.84
101381,1047,2023-08-18,refunded,2346.99
101382,1029,2024-02-18,pending,383.84
101383,1006,2025-09-15,completed,5868.24
101384,1020,2025-09-17,refunded,1001.96
101385,1033,2024-11-01,refunded,2134.27
101386,1017,2025-11-23,completed,4884.17
101387,1003,2023-03-16,pending,214.11
101388,1031,2025-12-05,completed,799.6
101389,1017,2023-04-01,refunded,1678.02
101390,1045,2023-06-28,pending,3011.16
101391,1007,2023-07-31,refunded,1600.14
101392,1025,2024-10-01,shipped,914.78
101393,1044,2024-03-05,completed,3225.5
101394,1008,2024-07-20,completed,5343.79
101395,1041,2023-08-29,completed,792.94
101396,1024,2023-08-23,shipped,4323.03
101397,1037,2023-07-29,shipped,336.0
101398,1041,2024-10-14,completed,492.44
101399,1010,2024-08-03,completed,4428.53
101400,1013,2024-09-29,completed,4729.33
101401,1032,2023-04-14,completed,548.79
101402,1030,2023-04-14,pending,2822.36
101403,1049,2025-05-23,completed,3602.45
101404,1013,2025-07-02,completed,509.82
101405,1019,2024-02-10,refunded,5489.33
101406,1029,2025-12-28,refunded,4354.5
101407,1029,2023-09-27,refunded,5497.48
101408,1030,2025-08-17,pending,2494.35
101409,1004,2025-08-11,completed,898.96
101410,1013,2023-10-22,completed,4999.37
101411,1035,2025-03-13,cancelled,562.5
101412,1044,2024-11-07,pending,4485.5
101413,1004,2023-05-14,completed,3535.42
101414,1034,2025-08-02,completed,8105.5
101415,1006,2023-09-18,completed,3701.54
101416,1044,2023-08-08,shipped,3247.42
101417,1008,2024-09-10,pending,1635.35
101418,1039,2025-04-26,shipped,4337.78
101419,1004,2023-11-22,pending,3232.77
101420,1018,2024-03-02,shipped,1007.68
101421,1010,2025-06-10,refunded,63.68
101422,1035,2024-04-28,cancelled,1872.34
101423,1031,2025-09-23,shipped,302.8
101424,1009,2024-10-28,completed,7456.46
101425,1043,2023-12-27,pending,753.07
101426,1017,2023-08-11,refunded,544.86
101427,1044,2025-02-15,pending,2617.74
101428,1029,2023-05-06,completed,2371.86
101429,1022,2023-01-01,completed,2058.27
101430,1008,2025-07-16,completed,1347.33
101432,1036,2025-07-04,completed,3937.88
101433,1043,2024-10-10,shipped,2931.4
101434,1001,2024-09-15,cancelled,1939.33
101435,1029,2024-12-06,shipped,544.56
101436,1049,2025-11-11,refunded,2131.85
101437,1027,2024-08-25,completed,1852.09
101438,1024,2023-04-19,cancelled,562.98
101439,1031,2025-01-05,refunded,1373.49
101440,1039,2023-03-05,pending,4254.83
101441,1014,2025-03-18,completed,517.08
101442,1048,2025-04-11,pending,2722.98
101443,1004,2023-12-22,completed,4350.53
101444,1047,2025-02-26,refunded,775.22
101445,1016,2024-08-13,completed,2898.15
101446,1015,2023-05-27,completed,4863.75
101447,1016,2025-09-23,pending,591.72
101448,1029,2023-10-06,completed,2647.56
101449,1003,2025-05-01,refunded,4192.71
101450,1013,2025-05-21,completed,4272.32
101451,1009,2025-05-18,refunded,1610.05
101452,1038,2024-12-28,completed,701.01
101453,1010,2023-01-16,pending,1840.96
101454,1019,2024-04-29,shipped,1754.81
101456,1026,2025-01-21,completed,1571.84
101457,1031,2025-01-24,shipped,3165.88
101458,1033,2023-06-13,cancelled,3601.31
101459,1003,2024-07-26,shipped,2906.92
101460,1039,2023-07-01,pending,1144.86
101461,1017,2023-06-09,cancelled,2410.38
101462,1013,2024-10-01,completed,38.15
101463,1023,2025-12-31,completed,2944.52
101464,1004,2025-11-15,shipped,2615.99
101465,1046,2025-05-12,refunded,1254.8
101466,1026,2023-12-10,cancelled,6807.46
101467,1020,2024-09-14,refunded,1216.33
101468,1014,2023-05-06,pending,188.65
101469,1016,2023-04-16,completed,4718.42
101470,1042,2023-02-25,pending,3196.04
101471,1028,2025-11-01,refunded,5074.77
101472,1032,2024-05-31,shipped,8221.72
101473,1024,2024-06-10,cancelled,1291.88
101474,1011,2023-12-24,cancelled,2773.78
101475,1047,2025-07-03,refunded,3743.91
101476,1005,2024-04-28,completed,38.44
101477,1045,2023-03-09,completed,3973.98
101478,1005,2023-11-12,refunded,2446.15
101479,1039,2025-02-23,cancelled,1650.52
101480,1037,2023-12-09,shipped,3634.69
101481,1027,2024-12-07,cancelled,3722.66
101482,1027,2023-08-26,completed,2534.97
101483,1043,2025-09-02,pending,3033.81
101484,1038,2025-12-26,pending,3633.19
101485,1004,2025-03-09,completed,1745.5
101486,1024,2025-06-09,completed,1592.97
101487,1048,2025-07-08,cancelled,3027.33
101488,1017,2025-12-21,completed,2331.22
101489,1014,2025-12-24,completed,5287.85
101490,1013,2025-06-03,cancelled,2047.84
101491,1041,2024-11-17,completed,321.16
101493,1015,2024-06-06,shipped,537.96
101494,1020,2024-05-10,cancelled,2203.91
101495,1007,2024-02-04,completed,2718.25
101496,1044,2024-01-04,shipped,5288.76
101497,1028,2023-01-18,completed,1667.74
101498,1030,2025-12-11,cancelled,1468.08
101499,1020,2024-03-25,completed,411.21
101500,1025,2023-03-11,shipped,1915.66
101501,1012,2024-03-20,cancelled,6648.5
101502,1029,2023-09-03,refunded,1664.16
101503,1016,2025-02-08,refunded,2207.61
101504,1031,2024-01-14,cancelled,1632.22
101505,1003,2024-08-26,cancelled,511.64
101506,1041,2025-07-17,refunded,1627.74
101507,1040,2024-10-24,completed,946.56
101508,1023,2024-07-21,completed,4731.96
101509,1027,2024-11-12,completed,954.96
101510,1035,2024-06-26,pending,5609.57
101511,1013,2024-02-15,pending,3561.57
101512,1030,2025-10-04,completed,567.72
101513,1037,2025-06-02,shipped,1817.04
101514,1019,2025-06-23,completed,4122.04
101516,1028,2023-05-30,shipped,1597.38
101517,1025,2025-07-02,pending,3450.81
101518,1026,2023-01-02,cancelled,1976.57
101519,1018,2023-11-07,completed,4334.9
101520,1006,2023-01-08,cancelled,1863.14
101521,1004,2025-10-01,pending,3475.45
101522,1008,2023-05-24,completed,2394.06
101523,1023,2027-04-26,pending,5457.45
101524,1045,2025-01-05,cancelled,388.45
101525,1014,2023-04-24,cancelled,2297.88
101526,1045,2025-12-30,completed,1344.94
101527,1015,2024-08-16,completed,1860.82
101528,1048,2023-03-22,cancelled,6867.97
101529,1030,2025-03-09,cancelled,3137.99
101530,1029,2025-09-23,cancelled,1197.9
101531,1032,2024-01-24,completed,1328.5
101532,1005,2024-05-03,pending,4549.18
101533,1005,2024-09-22,shipped,5631.3
101534,1025,2025-07-09,completed,1701.83
101535,1020,2024-11-22,completed,1813.42
101536,1015,2024-03-09,cancelled,5058.6
101537,1021,2023-11-02,shipped,2962.2
101538,1026,2023-05-28,cancelled,3618.59
101539,1004,2023-02-09,shipped,5152.97
101540,1024,2023-09-25,completed,2478.29
101541,1030,2024-09-21,pending,4112.79
101542,1030,2023-05-11,completed,2170.18
101543,1028,2024-03-27,refunded,3352.74
101544,1021,2024-11-21,cancelled,2637.4
101545,1017,2023-09-05,shipped,5598.86
101546,1037,2024-10-20,refunded,83.68
101547,1045,2023-12-22,completed,5992.45
101548,1022,2023-10-17,pending,4229.32
101549,1009,2025-01-27,completed,141.53
101550,1032,2023-03-25,completed,1221.76
101551,1023,2025-02-09,completed,2669.97
101552,1029,2025-09-24,completed,4767.27
101553,1019,2023-07-02,cancelled,2526.28
101554,1050,2024-08-04,cancelled,3284.48
101555,1018,2025-09-01,completed,1173.01
101556,1007,2024-07-08,pending,1764.19
101557,1013,2023-12-24,cancelled,1965.79
101558,1019,2024-01-04,pending,2445.49
101559,1014,2023-06-30,refunded,4007.58
101560,1050,2024-12-13,completed,1098.48
101561,1031,2024-01-29,shipped,2817.45
101562,1022,2025-01-11,shipped,2405.77
101563,1023,2025-08-08,cancelled,1856.82
101564,1027,2024-07-20,completed,4762.77
101565,1017,2023-11-02,refunded,5313.27
101566,1005,2025-08-29,completed,4245.35
101567,1027,2023-03-30,cancelled,5129.35
101568,1001,2024-03-05,completed,684.8
101569,1026,2025-07-17,completed,7870.93
101570,1034,2023-12-27,refunded,497.4
101571,1031,2025-11-20,completed,5418.05
101572,1011,2025-06-29,shipped,4506.23
101573,1021,2024-02-12,cancelled,2620.76
101574,1023,2024-04-16,completed,8126.02
101575,1039,2023-07-20,cancelled,3394.93
101576,1048,2024-02-14,completed,338.8
101577,1027,2025-09-19,pending,1500.08
101578,1035,2025-07-20,pending,6392.03
101579,1020,2025-07-26,completed,1639.98
101580,1036,2024-07-06,completed,211.72
101581,1041,2023-05-03,completed,4634.92
101582,1003,2025-08-11,pending,789.18
101583,1038,2024-12-04,completed,3895.98
101584,1010,2023-12-15,shipped,5600.01
101585,1050,2023-06-27,refunded,3509.42
101586,1011,2024-03-19,pending,2551.52
101587,1024,2024-07-25,cancelled,4203.7
101588,1039,2024-05-20,completed,2756.75
101589,1011,2024-03-31,completed,3567.76
101590,1050,2023-01-11,completed,2604.99
101591,1020,2025-08-21,refunded,6575.48
101592,1007,2025-05-21,pending,2645.01
101593,1002,2023-07-20,pending,1270.08
101594,1018,2023-01-26,cancelled,703.68
101595,1032,2024-03-22,completed,145.07
101596,1025,2023-07-05,pending,3616.56
101597,1019,2023-11-28,pending,3192.49
101598,1003,2023-02-19,pending,3884.41
101599,1035,2025-04-10,refunded,2802.95
101600,1019,2025-08-08,cancelled,3405.3
101601,1028,2027-03-26,pending,806.4
101602,1007,2024-11-12,completed,4973.88
101603,1018,2024-07-06,shipped,2594.3
101604,1017,2024-02-29,completed,264.11
101605,1021,2024-11-18,completed,2306.38
101606,1027,2025-01-15,completed,1127.84
101607,1013,2025-08-11,completed,403.14
101608,1015,2023-12-25,shipped,1394.03
101609,1032,2024-02-24,completed,4975.44
101610,1015,2023-08-21,pending,3666.02
101611,1022,2024-03-05,cancelled,5693.46
101612,1046,2024-10-18,completed,3760.71
101613,1041,2025-05-16,completed,940.14
101614,1002,2024-12-08,pending,4367.11
101615,1004,2023-09-09,cancelled,3284.81
101616,1042,2025-12-27,pending,2277.42
101617,1036,2023-05-15,pending,2333.41
101618,1035,2025-03-11,completed,5695.39
101619,1030,2023-06-07,completed,2683.73
101620,1005,2023-10-31,completed,398.42
101621,1014,2025-12-02,completed,1691.49
101622,1004,2023-09-28,completed,4467.69
101623,1042,2023-02-13,completed,294.08
101624,1007,2024-04-20,cancelled,4162.62
101625,1015,2024-12-03,cancelled,1982.33
101626,1011,2025-09-22,cancelled,9011.02
101627,1003,2025-06-30,completed,4848.36
101628,1034,2024-09-19,refunded,6749.67
101629,1047,2025-09-18,completed,2700.84
101630,1033,2023-04-07,completed,806.49
101631,1013,2023-12-07,completed,1258.11
101632,1035,2024-08-07,completed,1291.56
101633,1034,2023-11-11,completed,2374.1
101634,1010,2024-10-10,completed,2454.26
101635,1035,2025-01-27,completed,668.17
101636,1016,2023-03-13,completed,5136.27
101637,1047,2023-10-30,pending,6511.37
101638,1008,2023-11-29,completed,644.4
101639,1049,2023-02-21,pending,3706.15
101640,1044,2025-07-27,completed,980.18
101641,1006,2027-02-12,completed,1070.22
101642,1004,2024-08-28,completed,784.98
101643,1010,2023-10-29,cancelled,3327.32
101644,1045,2025-06-24,cancelled,933.9
101645,1026,2025-09-07,completed,185.86
101647,1043,2023-08-28,completed,4646.55
101649,1002,2024-03-27,completed,5113.9
101650,1012,2023-04-23,cancelled,628.56
101651,1038,2025-12-14,refunded,3147.88
101652,1036,2024-07-23,completed,3485.54
101653,1017,2025-07-01,cancelled,3164.0
101654,1049,2025-11-14,completed,1606.98
101655,1027,2025-11-13,cancelled,1175.42
101656,1019,2023-10-30,refunded,4869.34
101657,1047,2025-03-01,completed,3830.48
101658,1043,2024-12-20,pending,3674.45
101659,1037,2023-06-29,cancelled,1419.11
101660,1002,2025-05-01,completed,2458.44
101661,1020,2025-05-18,pending,1723.56
101662,1033,2023-06-26,completed,3791.41
101663,1045,2025-12-11,completed,2547.73
101664,1029,2025-02-08,completed,2200.57
101665,1050,2024-07-13,completed,133.63
101666,1036,2023-10-08,completed,8222.04
101667,1009,2024-08-15,pending,2522.58
101668,1011,2024-09-10,completed,4235.78
101669,1038,2025-08-07,completed,4388.06
101670,1040,2023-11-12,completed,2276.02
101671,1031,2025-08-25,cancelled,320.64
101672,1050,2024-08-12,completed,627.84
101673,1025,2024-05-16,completed,755.49
101674,1028,2025-10-06,shipped,2579.74
101675,1010,2025-09-11,pending,1138.81
101676,1018,2025-09-01,refunded,493.01
101677,1020,2025-11-15,shipped,475.02
101678,1034,2024-06-15,shipped,582.28
101679,1003,2024-10-16,cancelled,412.53
101680,1027,2023-12-01,completed,53.07
101681,1027,2024-12-30,completed,6391.37
101682,1006,2023-06-07,completed,1606.0
101683,1022,2024-01-11,completed,1767.56
101685,1008,2023-12-09,completed,3886.11
101686,1041,2024-09-08,cancelled,167.53
101687,1030,2025-01-12,shipped,3746.0
101688,1024,2023-10-22,completed,1751.04
101689,1023,2025-02-02,pending,2969.47
101690,1030,2023-11-30,completed,2082.81
101691,1036,2024-03-28,refunded,4051.02
101693,1008,2025-12-12,cancelled,2391.68
101694,1050,2023-08-22,pending,2188.28
101695,1032,2023-08-27,completed,2852.66
101696,1018,2024-09-30,completed,310.8
101697,1012,2025-06-24,shipped,4116.53
101698,1035,2024-12-01,cancelled,1573.83
101699,1038,2023-08-31,completed,1829.04
101700,1018,2023-10-19,completed,5157.87
101701,1032,2024-03-05,completed,2626.37
101702,1028,2023-08-17,completed,585.52
101703,1026,2025-06-02,completed,628.6
101704,1011,2025-11-17,completed,2243.35
101705,1026,2024-06-02,completed,2221.55
101706,1022,2023-01-22,completed,3854.44
101708,1011,2024-02-25,completed,1602.5
101709,1025,2024-12-20,completed,1818.08
101710,1011,2024-07-22,completed,2090.56
101711,1023,2025-10-22,cancelled,5735.49
101712,1010,2025-10-31,completed,3171.47
101713,1007,2023-01-29,completed,4551.1
101714,1034,2024-07-31,refunded,2630.1
101715,1037,2023-07-22,shipped,5189.99
101716,1047,2025-08-30,cancelled,1650.7
101717,1017,2025-06-19,completed,4531.75
101718,1048,2024-12-27,pending,2126.61
101719,1050,2024-04-11,completed,4731.14
101720,1031,2024-10-05,pending,4459.69
101721,1005,2023-10-06,refunded,1905.63
101722,1009,2024-08-13,cancelled,4812.08
101723,1005,2024-11-02,completed,3283.64
101724,1012,2025-07-24,cancelled,5382.47
101725,1038,2025-06-28,shipped,4094.91
101726,1036,2025-05-26,refunded,2679.98
101727,1017,2025-09-01,completed,2237.59
101728,1017,2025-10-03,completed,1361.25
101729,1016,2025-12-06,cancelled,797.1
101730,1049,2023-10-21,pending,2502.09
101731,1021,2023-07-28,completed,6451.6
101732,1045,2024-02-12,completed,5085.08
101733,1031,2025-04-07,completed,1174.1
101734,1041,2025-10-19,refunded,1518.93
101735,1022,2024-07-13,refunded,5463.14
101736,1046,2025-03-30,pending,532.71
101737,1005,2025-04-08,shipped,6069.73
101738,1030,2025-07-20,completed,1691.98
101739,1038,2025-10-15,cancelled,2293.8
101740,1030,2023-03-02,cancelled,698.73
101741,1005,2023-05-20,cancelled,1527.68
101742,1048,2024-01-02,shipped,979.33
101743,1043,2023-11-09,shipped,708.36
101744,1016,2023-06-06,refunded,1487.37
101745,1003,2025-10-05,completed,3056.11
101746,1005,2025-10-16,shipped,4935.5
101747,1008,2024-12-04,shipped,3593.07
101748,1001,2023-03-06,completed,4036.97
101749,1048,2024-10-06,pending,7025.82
101750,1035,2023-03-09,shipped,3716.92
101751,1019,2024-09-12,completed,4164.27
101752,1043,2023-10-03,cancelled,1914.66
101753,1010,2023-08-13,cancelled,1115.42
101754,1004,2025-08-20,shipped,753.68
101755,1027,2025-11-03,pending,412.19
101756,1013,2025-02-12,cancelled,1463.46
101758,1044,2024-08-05,completed,3808.25
101759,1032,2023-04-03,refunded,1631.19
101760,1022,2023-02-25,cancelled,3727.64
101761,1001,2023-07-19,completed,5857.59
101762,1046,2025-04-23,completed,5269.16
101763,1039,2024-05-22,cancelled,107.6
101764,1018,2023-06-23,completed,846.16
101765,1045,2023-08-23,completed,2696.3
101766,1026,2024-10-29,pending,4394.05
101767,1010,2025-05-15,shipped,940.5
101768,1025,2024-06-30,cancelled,2607.46
101769,1044,2023-02-15,pending,2412.36
101770,1010,2024-10-22,completed,4261.38
101771,1018,2023-07-24,cancelled,5046.28
101772,1006,2025-10-14,refunded,407.92
101773,1034,2024-11-26,shipped,3265.63
101774,1036,2025-06-11,pending,4194.59
101775,1008,2023-06-04,completed,36.84
101776,1043,2023-04-08,shipped,3248.52
101778,1013,2024-04-07,cancelled,256.7
101779,1011,2023-07-14,completed,3417.78
101780,1004,2025-12-23,pending,286.44
101781,1015,2023-06-07,refunded,4519.36
101782,1001,2024-09-06,cancelled,3378.0
101783,1050,2024-02-14,pending,2163.52
101784,1003,2025-11-21,cancelled,529.44
101785,1025,2024-01-05,cancelled,2659.09
101786,1010,2024-01-18,pending,4827.02
101788,1041,2025-08-15,cancelled,466.83
101789,1010,2025-06-07,cancelled,3765.81
101790,1036,2025-12-05,completed,891.45
101791,1033,2024-05-07,cancelled,1835.47
101792,1001,2024-09-06,pending,373.85
101793,1014,2023-05-12,completed,1064.62
101794,1042,2024-06-30,cancelled,2564.68
101795,1049,2024-04-28,completed,2905.35
101796,1025,2024-01-29,completed,1988.91
101797,1003,2024-09-27,pending,4855.82
101798,1001,2025-06-12,cancelled,3996.23
101799,1034,2024-02-18,completed,1317.15
101800,1041,2024-06-13,cancelled,4568.39
101801,1020,2023-03-28,pending,6105.65
101802,1029,2023-04-24,completed,110.78
101803,1050,2023-05-11,completed,3522.92
101804,1049,2023-07-04,refunded,1335.08
101805,1039,2023-10-15,completed,1532.07
101806,1031,2025-10-21,shipped,3260.13
101807,1040,2025-12-11,pending,320.31
101808,1012,2024-05-02,completed,2123.0
101809,1045,2024-10-03,refunded,225.13
101810,1021,2025-03-09,cancelled,3949.28
101811,1037,2025-05-16,completed,1054.47
101812,1041,2024-03-14,pending,4850.16
101813,1005,2023-04-25,shipped,284.34
101814,1044,2023-08-20,shipped,2323.57
101815,1041,2024-05-19,refunded,1209.13
101816,1004,2025-01-13,cancelled,494.32
101817,1025,2024-09-23,cancelled,227.44
101818,1021,2023-03-13,cancelled,4945.67
101819,1018,2023-04-22,refunded,4091.93
101820,1009,2024-06-02,pending,3005.74
101821,1017,2025-01-13,completed,2506.88
101822,1002,2024-04-29,pending,1376.57
101823,1040,2025-03-15,completed,3921.62
101824,1043,2024-04-27,completed,692.03
101825,1002,2023-11-25,cancelled,1863.37
101826,1026,2025-04-12,completed,4237.88
101827,1004,2025-10-03,cancelled,3160.85
101828,1019,2024-11-12,pending,3706.67
101829,1034,2023-07-25,cancelled,2523.18
101830,1046,2023-05-16,pending,1243.1
101831,1003,2024-10-31,cancelled,4155.5
101832,1015,2023-04-17,cancelled,294.92
101833,1015,2025-06-27,completed,950.99
101834,1014,2026-08-19,completed,708.18
101835,1031,2023-06-18,completed,1657.74
101836,1012,2023-09-24,cancelled,4105.94
101837,1002,2024-10-16,pending,865.74
101838,1040,2023-10-01,completed,492.66
101839,1042,2024-11-01,completed,2170.68
101840,1035,2025-01-22,pending,515.6
101841,1025,2024-04-04,completed,6568.87
101842,1029,2024-04-13,pending,1484.23
101843,1027,2023-12-12,pending,4747.74
101844,1033,2024-06-16,completed,2453.66
101845,1010,2023-12-15,completed,524.53
101846,1001,2025-12-12,refunded,3815.88
101847,1017,2025-07-18,pending,113.77
101848,1036,2024-02-21,refunded,2394.17
101849,1042,2024-06-29,cancelled,2193.66
101850,1001,2023-09-24,refunded,3096.78
101851,1042,2024-03-17,cancelled,1976.41
101852,1035,2025-05-06,pending,1246.21
101853,1042,2023-02-28,completed,4248.65
101854,1039,2025-07-12,completed,3245.47
101855,1029,2025-07-27,completed,1087.36
101856,1018,2024-10-24,pending,2219.4
101857,1019,2025-02-24,pending,3875.59
101858,1028,2024-06-08,completed,609.84
101859,1045,2023-04-17,completed,211.62
101860,1012,2024-12-26,cancelled,896.86
101861,1024,2023-04-04,completed,1096.8
101862,1043,2025-02-19,pending,2404.88
101863,1009,2023-09-28,completed,523.08
101864,1034,2024-06-17,shipped,1120.4
101865,1003,2024-11-25,completed,2364.73
101866,1001,2025-12-22,completed,3504.06
101867,1026,2024-10-03,completed,2458.12
101868,1021,2024-07-29,completed,123.04
101869,1040,2024-08-02,shipped,5437.71
101870,1007,2024-06-24,completed,579.25
101871,1044,2023-12-04,cancelled,2254.77
101872,1009,2023-11-06,refunded,3152.36
101873,1027,2025-06-20,completed,1587.28
101874,1035,2024-04-15,completed,2565.92
101875,1019,2023-12-01,pending,913.84
101876,1026,2025-10-10,pending,4487.54
101877,1003,2025-09-20,pending,3133.83
101878,1031,2023-10-31,completed,4097.5
101879,1035,2024-08-04,refunded,2361.54
101880,1041,2025-11-07,shipped,2401.37
101881,1011,2024-03-10,completed,1286.16
101882,1050,2024-01-05,completed,3143.45
101883,1017,2025-10-17,completed,5284.31
101884,1042,2023-02-23,cancelled,2511.01
101885,1049,2023-09-07,completed,1223.24
101886,1044,2023-08-06,completed,584.17
101887,1019,2025-07-31,cancelled,3946.94
101888,1012,2024-07-05,cancelled,1570.31
101889,1015,2023-03-31,shipped,2469.13
101890,1020,2024-10-27,cancelled,4596.71
101891,1037,2023-09-22,refunded,893.68
101892,1044,2024-08-02,refunded,1541.82
101893,1009,2023-05-25,shipped,1000.92
101894,1040,2025-03-27,completed,3566.21
101895,1029,2025-03-27,completed,49.76
101896,1048,2023-11-30,refunded,735.78
101897,1031,2023-11-12,completed,2470.15
101898,1021,2025-06-04,refunded,2289.56
101899,1046,2023-09-26,cancelled,689.87
101900,1006,2025-01-22,completed,73.4
101901,1004,2025-03-05,completed,1203.35
101902,1029,2025-05-16,refunded,3178.73
101903,1013,2025-01-24,completed,3511.44
101904,1029,2025-05-22,completed,754.65
101905,1017,2025-08-07,completed,4366.66
101906,1005,2023-11-14,shipped,3515.93
101907,1029,2025-12-10,completed,207.28
101908,1004,2023-06-12,completed,1477.86
101909,1017,2023-09-19,completed,4473.55
101910,1001,2025-12-07,completed,1328.62
101911,1026,2023-06-06,shipped,3684.86
101912,1050,2025-05-20,completed,468.48
101913,1046,2024-06-02,completed,2598.89
101914,1025,2025-10-28,completed,1095.57
101915,1035,2025-08-05,refunded,1824.44
101916,1026,2025-03-15,completed,1740.19
101917,1044,2024-09-01,shipped,1415.54
101918,1013,2025-07-10,refunded,2342.7
101919,1037,2024-01-19,completed,231.44
101920,1017,2024-06-15,completed,4517.08
101921,1024,2023-02-06,pending,2629.55
101922,1015,2023-12-18,pending,3327.74
101923,1016,2025-04-09,cancelled,1164.03
101924,1043,2025-09-23,shipped,2431.59
101925,1018,2025-01-08,cancelled,2913.06
101926,1043,2025-03-19,completed,827.39
101927,1036,2023-01-29,completed,178.5
101928,1025,2024-01-21,completed,2654.33
101929,1015,2023-10-25,completed,2646.85
101930,1029,2024-01-26,completed,2563.89
101931,1004,2023-10-31,pending,942.62
101932,1033,2023-12-07,cancelled,441.75
101933,1004,2025-09-20,completed,1227.85
101934,1036,2024-05-11,completed,4128.56
101935,1027,2025-03-13,completed,1961.48
101936,1050,2025-06-03,refunded,3554.89
101937,1026,2024-08-18,pending,3548.71
101938,1011,2025-11-17,cancelled,1843.76
101939,1038,2025-09-26,cancelled,5954.15
101940,1001,2023-02-08,shipped,233.7
101941,1041,2023-05-11,cancelled,863.1
101942,1031,2025-08-27,pending,98.95
101943,1002,2024-12-11,cancelled,3047.02
101944,1042,2023-11-27,cancelled,3313.75
101945,1002,2024-12-05,completed,2197.07
101946,1012,2024-11-25,refunded,275.42
101947,1032,2025-08-17,completed,2241.5
101948,1050,2025-03-10,refunded,4840.57
101949,1004,2025-01-07,refunded,1857.68
101950,1013,2023-11-28,completed,2643.54
101951,1016,2023-06-26,pending,557.25
101952,1034,2024-02-13,shipped,2335.6
101953,1005,2025-05-01,completed,2441.5
101954,1025,2023-04-07,completed,4355.23
101956,1017,2025-01-01,completed,2261.09
101957,1026,2025-10-28,refunded,2376.36
101958,1031,2025-05-31,shipped,5049.89
101959,1005,2024-04-03,completed,1198.44
101960,1023,2024-12-28,completed,5820.87
101961,1033,2024-07-01,refunded,164.63
101962,1012,2025-11-21,cancelled,2613.19
101963,1002,2023-04-14,refunded,2226.18
101964,1030,2023-08-16,refunded,3883.97
101965,1009,2023-07-28,completed,2635.14
101966,1014,2023-12-09,completed,6125.19
101967,1034,2025-01-10,cancelled,2935.27
101968,1022,2025-06-23,shipped,2273.95
101969,1033,2023-07-23,cancelled,1815.45
101970,1031,2023-10-10,refunded,4711.56
101971,1023,2025-05-01,refunded,575.34
101972,1045,2025-08-28,completed,1536.25
101973,1041,2023-06-24,completed,3604.35
101975,1047,2025-04-29,cancelled,586.2
101976,1022,2023-11-07,refunded,2530.08
101977,1032,2024-04-12,refunded,2056.03
101978,1003,2025-04-18,refunded,1545.22
101979,1025,2025-01-10,pending,266.6
101980,1019,2023-01-21,refunded,4409.43
101981,1029,2023-05-23,completed,1410.24
101982,1001,2023-12-03,completed,3494.54
101983,1016,2023-03-17,cancelled,3828.75
101984,1014,2023-04-29,cancelled,1139.68
101985,1042,2025-11-30,pending,4457.78
101986,1020,2024-09-15,cancelled,3977.71
101987,1024,2024-12-05,refunded,3540.98
101988,1013,2025-12-16,completed,1709.96
101989,1015,2025-07-02,completed,542.88
101990,1018,2025-06-24,completed,111.2
101991,1023,2025-04-08,completed,4832.89
101992,1026,2023-06-22,shipped,856.88
101993,1007,2023-09-16,shipped,1625.82
101994,1006,2023-07-10,shipped,646.25
101995,1022,2024-11-28,cancelled,718.74
101996,1008,2023-02-27,shipped,1362.45
101997,1020,2024-09-14,pending,6658.34
101998,1020,2023-08-15,completed,1339.2
101999,1014,2024-06-15,shipped,1473.16
102000,1022,2023-04-08,cancelled,4610.85
102001,1043,2025-07-08,shipped,2254.33
102002,1045,2025-07-17,completed,3171.88
102003,1012,2025-12-28,completed,1952.91
102004,1016,2024-08-05,refunded,1647.15
102005,1019,2023-10-14,pending,2240.7
102006,1030,2024-05-22,completed,1200.6
102007,1023,2024-01-30,completed,5026.77
102008,1019,2023-10-28,pending,512.86
102009,1029,2023-06-17,completed,3945.59
102010,1004,2023-09-24,completed,4685.17
102011,1017,2025-01-26,shipped,478.45
102012,1023,2025-11-28,pending,2969.69
102013,1014,2025-10-18,pending,5344.37
102014,1020,2025-09-29,pending,5673.38
102015,1006,2023-10-23,completed,815.35
102016,1032,2025-07-26,cancelled,1187.48
102017,1031,2025-12-19,cancelled,2586.42
102018,1026,2025-08-27,cancelled,4270.42
102019,1031,2025-01-26,shipped,3656.9
102020,1031,2023-08-14,completed,2020.25
102021,1007,2023-03-24,completed,5328.59
102022,1047,2024-09-16,completed,2450.12
102023,1033,2023-02-27,completed,2792.27
102024,1027,2025-05-13,completed,3246.98
102025,1035,2024-03-17,refunded,739.41
102026,1031,2023-01-05,shipped,3243.52
102027,1050,2023-04-02,pending,2246.08
102028,1045,2025-07-15,refunded,2149.19
102029,1022,2023-09-29,completed,2129.46
102030,1022,2025-08-01,pending,698.56
102031,1020,2023-11-02,completed,2030.78
102032,1048,2025-04-18,completed,5128.16
102033,1008,2024-11-25,completed,1050.9
102034,1021,2025-06-26,completed,5588.95
102035,1019,2023-12-06,completed,385.52
102036,1009,2024-09-24,cancelled,927.78
102037,1036,2023-06-24,shipped,2241.64
102038,1010,2023-04-19,shipped,1929.82
102039,1006,2025-09-01,completed,1256.52
102040,1035,2025-12-25,completed,5450.62
102042,1039,2024-02-26,refunded,1111.05
102043,1029,2025-06-28,refunded,236.7
102044,1049,2024-10-18,shipped,2955.38
102045,1045,2023-02-17,pending,2564.14
102046,1007,2023-02-19,completed,50.7
102047,1031,2023-07-06,completed,5021.71
102048,1033,2024-08-07,completed,3083.52
102049,1033,2023-07-03,completed,587.76
102050,1027,2023-12-13,shipped,4204.14
102051,1025,2024-01-07,cancelled,448.64
102052,1030,2025-03-09,completed,2153.76
102053,1040,2024-10-25,pending,405.4
102054,1027,2023-09-05,completed,3594.79
102055,1005,2024-04-29,shipped,949.09
102056,1031,2025-02-27,completed,1577.7
102057,1009,2025-08-09,pending,3896.95
102058,1050,2023-03-01,cancelled,3061.36
102059,1041,2023-02-08,shipped,4473.79
102060,1039,2023-07-27,refunded,4755.72
102061,1043,2023-09-15,shipped,7130.17
102062,1014,2023-06-21,shipped,950.36
102063,1047,2023-10-19,shipped,1522.36
102064,1008,2024-05-17,pending,1938.64
102065,1026,2025-07-14,completed,2706.01
102066,1015,2024-08-15,completed,4011.06
102067,1041,2027-01-10,shipped,2615.8
102068,1046,2025-02-17,refunded,3652.68
102069,1042,2025-11-11,completed,2707.27
102070,1010,2025-12-29,completed,3347.72
102071,1018,2025-03-20,completed,3059.08
102072,1001,2024-07-26,completed,479.46
102073,1017,2024-10-13,completed,2167.49
102074,1041,2025-07-16,completed,3881.37
102075,1045,2024-10-20,completed,2918.6
102076,1025,2024-11-03,cancelled,3854.26
102077,1012,2023-01-05,pending,713.88
102078,1017,2026-05-13,completed,3884.02
102079,1022,2025-09-28,pending,540.18
102080,1008,2023-06-08,completed,983.69
102081,1017,2025-06-30,completed,315.84
102082,1012,2025-02-09,completed,1495.56
102083,1031,2023-01-18,pending,1271.6
102084,1002,2024-01-31,completed,3659.39
102085,1022,2023-02-10,completed,5806.44
102086,1036,2025-01-02,completed,1077.65
102087,1019,2024-09-12,completed,716.71
102088,1047,2025-10-08,completed,5167.68
102089,1024,2024-03-04,completed,3356.17
102090,1031,2025-03-22,refunded,4892.92
102091,1005,2025-10-21,completed,298.7
102092,1028,2023-12-26,shipped,1532.98
102093,1032,2023-05-14,completed,3145.22
102094,1007,2024-04-11,cancelled,978.42
102095,1017,2024-01-28,completed,3547.67
102096,1013,2025-12-27,completed,4370.46
102097,1024,2025-07-18,pending,1269.54
102098,1044,2023-04-17,pending,1734.18
102099,1041,2025-04-13,completed,6051.1
102100,1005,2025-08-13,completed,427.75
102101,1020,2023-03-31,completed,3892.83
102102,1008,2025-05-10,pending,2794.6
102103,1036,2025-03-13,completed,3154.64
102104,1021,2023-02-21,completed,1510.41
102106,1028,2025-05-17,completed,2018.31
102107,1043,2024-11-05,completed,1466.81
102108,1025,2023-07-18,pending,4468.56
102109,1011,2023-02-19,refunded,1225.32
102110,1040,2024-11-15,completed,691.04
102111,1045,2024-05-03,refunded,195.72
102112,1007,2024-11-14,refunded,181.0
102113,1023,2023-05-30,shipped,3449.87
102114,1014,2023-07-15,pending,356.24
102115,1027,2023-06-25,completed,1792.32
102116,1032,2023-05-14,completed,351.75
102117,1027,2025-06-24,completed,2919.28
102118,1028,2025-06-03,completed,261.27
102119,1042,2023-04-17,refunded,875.9
102120,1013,2023-07-16,refunded,6872.94
102121,1003,2023-01-22,pending,1890.6
102122,1013,2025-05-26,shipped,213.85
102123,1003,2023-02-23,shipped,4613.22
102124,1030,2024-01-30,completed,3605.22
102125,1011,2023-05-19,refunded,4683.15
102126,1014,2023-09-16,shipped,4589.62
102127,1004,2025-05-12,cancelled,3565.64
102128,1039,2024-01-16,completed,3270.48
102129,1032,2023-05-04,completed,228.28
102130,1015,2025-11-16,refunded,2757.46
102131,1033,2023-10-26,pending,5003.69
102132,1042,2024-12-03,completed,3158.3
102133,1011,2025-11-26,cancelled,2525.19
102134,1039,2023-04-28,shipped,1352.1
102135,1001,2023-04-22,completed,2504.35
102136,1014,2024-02-15,completed,371.58
102137,1036,2024-11-30,cancelled,2758.44
102138,1012,2025-08-15,cancelled,765.6
102139,1013,2024-11-18,completed,1156.22
102140,1030,2023-11-29,pending,609.77
102141,1005,2023-03-28,completed,2900.61
102143,1018,2024-04-01,completed,1096.48
102144,1039,2024-03-12,pending,860.7
102145,1021,2024-11-09,pending,3930.89
102146,1024,2024-01-13,completed,1148.68
102147,1025,2025-01-02,shipped,2666.65
102148,1002,2024-08-18,completed,3453.15
102149,1026,2025-01-07,completed,1251.64
102150,1035,2024-08-04,completed,4734.64
102151,1045,2023-12-23,refunded,1080.99
102152,1036,2024-01-01,completed,1176.8
102153,1030,2024-06-20,completed,442.05
102154,1048,2023-10-09,cancelled,2173.3
102155,1045,2023-08-16,completed,403.18
102156,1047,2024-05-06,refunded,3349.38
102157,1007,2023-12-17,refunded,4222.44
102158,1019,2025-06-07,completed,1125.28
102159,1036,2023-09-25,completed,4875.57
102160,1044,2025-02-05,shipped,4306.64
102161,1026,2024-05-15,refunded,769.9
102162,1008,2024-01-23,completed,1689.67
102163,1039,2024-11-02,completed,2127.0
102164,1032,2024-07-27,refunded,6737.48
102165,1037,2025-09-28,cancelled,3545.78
102166,1016,2025-08-21,shipped,1491.42
102167,1048,2025-11-07,refunded,803.84
102168,1047,2025-11-08,pending,3982.69
102169,1044,2024-01-02,cancelled,3554.47
102170,1019,2025-09-16,pending,141.78
102171,1014,2025-04-01,refunded,152.07
102172,1037,2023-03-16,completed,1761.86
102173,1039,2025-07-14,pending,897.75
102174,1048,2025-05-20,shipped,2435.37
102175,1040,2025-02-05,shipped,2113.13
102176,1042,2023-06-22,pending,984.36
102177,1011,2024-04-16,completed,6689.62
102178,1001,2024-11-19,pending,2947.82
102179,1047,2025-04-17,refunded,2927.43
102180,1048,2024-07-13,completed,2941.67
102181,1040,2024-04-23,cancelled,2603.72
102182,1042,2023-06-18,refunded,3141.8
102183,1041,2023-06-10,completed,270.53
102184,1047,2023-05-27,completed,6264.13
102185,1036,2024-11-14,cancelled,5577.83
102186,1021,2024-09-11,refunded,1358.05
102187,1036,2024-07-16,cancelled,1421.42
102188,1022,2023-10-10,cancelled,2068.91
102189,1024,2024-06-18,refunded,3314.56
102190,1049,2024-12-10,pending,1930.18
102191,1004,2023-01-25,cancelled,3492.0
102192,1049,2023-11-02,completed,2192.24
102193,1004,2024-03-05,completed,3564.18
102194,1020,2025-08-17,refunded,1102.83
102195,1044,2023-06-25,refunded,7410.3
102196,1037,2025-05-05,pending,1194.39
102197,1047,2023-03-03,completed,3295.68
102198,1043,2023-09-20,cancelled,72.54
102199,1045,2024-12-27,completed,2219.89
102200,1022,2025-04-06,refunded,2852.67
102201,1044,2024-09-05,shipped,3301.88
102202,1032,2023-03-07,completed,4037.23
102203,1010,2024-11-07,cancelled,3519.87
102204,1048,2025-03-11,completed,1449.48
102205,1008,2023-05-11,pending,1943.7
102206,1045,2023-08-11,shipped,936.9
102207,1029,2024-09-15,completed,2370.99
102208,1026,2023-12-30,refunded,2369.04
102209,1025,2025-09-27,completed,1656.92
102210,1042,2025-03-01,completed,4035.17
102211,1028,2025-12-09,pending,813.22
102212,1024,2025-11-27,completed,2947.74
102213,1049,2025-04-21,completed,2489.41
102214,1008,2023-09-22,pending,1349.15
102215,1048,2023-05-21,refunded,5991.49
102216,1043,2024-02-26,pending,544.04
102217,1034,2025-08-30,shipped,4692.3
102218,1011,2024-09-27,completed,1754.85
102219,1041,2025-07-28,completed,1964.35
102220,1002,2023-10-20,completed,1491.07
102221,1007,2024-05-20,completed,3839.56
102222,1003,2025-10-02,pending,1346.29
102223,1042,2023-07-06,cancelled,570.36
102224,1046,2025-07-23,cancelled,4255.58
102225,1049,2024-09-01,shipped,1130.04
102226,1050,2023-12-25,completed,3658.94
102227,1003,2025-06-03,pending,3120.29
102228,1018,2024-01-11,shipped,1855.95
102229,1039,2023-03-31,refunded,1651.27
102230,1016,2024-08-20,completed,3783.15
102231,1005,2024-03-20,pending,374.01
102232,1047,2023-09-06,completed,4611.69
102233,1023,2025-10-30,refunded,4104.27
102234,1034,2025-07-12,completed,1677.28
102235,1003,2023-04-02,completed,3734.3
102236,1048,2025-08-03,completed,957.42
102237,1049,2024-02-03,completed,3894.98
102238,1019,2023-08-23,completed,366.9
102239,1005,2025-08-08,pending,5272.32
102240,1019,2024-05-11,pending,1259.79
102241,1034,2024-07-25,completed,231.09
102242,1035,2023-07-25,completed,346.66
102243,1034,2025-03-11,completed,1782.88
102244,1017,2023-01-23,completed,2352.65
102245,1035,2025-01-03,completed,3227.79
102246,1037,2025-12-26,pending,3562.17
102247,1015,2025-12-06,cancelled,2588.54
102248,1048,2023-07-30,cancelled,4569.63
102250,1012,2023-04-18,completed,2160.59
102251,1023,2025-02-11,completed,2828.4
102252,1039,2025-02-06,completed,1472.03
102253,1025,2025-05-13,completed,83.2
102254,1017,2024-01-29,cancelled,2006.35
102255,1016,2023-07-17,completed,2456.9
102256,1050,2023-04-01,shipped,1048.2
102257,1044,2024-10-31,shipped,2794.3
102258,1008,2024-02-29,pending,983.56
102259,1038,2023-09-05,completed,1791.27
102261,1035,2024-10-24,completed,1847.9
102262,1024,2024-10-09,pending,2747.02
102263,1028,2024-03-26,cancelled,2955.94
102264,1026,2025-01-25,completed,211.41
102265,1043,2025-04-21,refunded,318.22
102266,1019,2023-07-28,shipped,3248.43
102267,1040,2023-12-18,completed,1928.81
102268,1017,2025-03-06,refunded,4535.74
102269,1035,2024-11-11,cancelled,490.86
102270,1016,2024-10-13,pending,5103.75
102271,1012,2023-02-06,shipped,1586.5
102272,1014,2025-11-12,cancelled,1847.27
102273,1038,2023-01-28,completed,676.14
102274,1043,2023-09-12,completed,1668.02
102275,1013,2024-05-13,completed,735.89
102276,1005,2025-02-06,completed,5610.46
102277,1037,2025-02-08,cancelled,1901.2
102278,1021,2025-06-27,completed,4548.11
102279,1015,2024-10-12,refunded,462.86
102280,1050,2025-12-02,cancelled,52.78
102281,1038,2023-02-18,refunded,1430.43
102282,1039,2024-12-02,completed,3799.96
102283,1017,2024-05-23,cancelled,3692.87
102284,1007,2025-02-20,completed,355.66
102285,1028,2023-01-13,refunded,4500.55
102286,1027,2024-01-30,cancelled,2202.38
102287,1032,2024-02-23,completed,3524.41
102289,1039,2024-02-23,shipped,3058.74
102290,1043,2025-08-14,completed,530.0
102291,1001,2024-05-16,completed,680.61
102292,1042,2024-09-12,shipped,167.04
102294,1041,2024-02-17,refunded,2109.96
102295,1047,2023-06-13,pending,1197.14
102296,1002,2025-08-22,pending,5981.02
102297,1022,2025-06-06,completed,2803.72
102298,1025,2025-09-14,refunded,1324.71
102299,1022,2023-06-20,completed,890.28
102300,1009,2023-11-09,cancelled,933.16
102301,1003,2025-02-18,completed,261.72
102302,1009,2025-02-07,shipped,2534.55
102303,1032,2024-11-13,cancelled,1897.82
102304,1036,2023-11-13,completed,1832.78
102305,1020,2025-10-22,cancelled,4026.36
102306,1050,2025-04-08,pending,5584.15
102307,1048,2025-02-03,pending,2702.98
102308,1050,2023-05-26,completed,3260.47
102309,1048,2023-09-12,shipped,2665.67
102310,1040,2025-06-12,refunded,2448.44
102311,1006,2024-12-14,cancelled,2373.0
102312,1018,2025-01-24,completed,1835.97
102313,1021,2025-05-18,completed,2611.89
102314,1047,2023-03-12,cancelled,1569.81
102315,1018,2023-02-27,cancelled,3152.79
102316,1012,2024-06-19,pending,1190.6
102317,1040,2023-10-29,completed,2486.32
102318,1024,2023-11-27,completed,1261.22
102319,1049,2025-02-26,cancelled,5841.85
102320,1007,2023-06-14,completed,5573.65
102321,1001,2023-12-06,completed,2381.81
102322,1008,2025-10-22,cancelled,801.74
102323,1020,2024-09-22,pending,1270.96
102324,1030,2023-07-02,cancelled,3399.8
102325,1033,2024-12-06,completed,3163.19
102326,1018,2025-03-26,completed,130.96
102327,1005,2023-12-11,completed,7296.94
102328,1007,2025-05-05,pending,2178.34
102329,1034,2025-06-01,completed,816.1
102330,1036,2023-10-03,pending,1533.06
102331,1002,2023-08-14,shipped,1404.2
102332,1036,2024-01-16,completed,4190.96
102334,1040,2024-01-28,refunded,1597.83
102335,1014,2023-08-12,completed,68.67
102336,1048,2023-06-25,completed,2614.5
102337,1025,2024-12-01,shipped,748.38
102338,1017,2025-09-20,refunded,1426.6
102339,1041,2023-05-06,refunded,2788.95
102341,1030,2023-03-27,completed,153.64
102342,1048,2023-01-15,shipped,1943.06
102343,1005,2024-06-28,pending,78.98
102344,1045,2025-05-29,completed,1827.65
102345,1044,2024-12-03,refunded,4293.24
102346,1016,2025-01-09,pending,398.94
102347,1046,2023-04-28,refunded,3243.48
102348,1024,2023-07-25,pending,3593.7
102349,1020,2025-04-02,refunded,365.62
102350,1025,2023-10-12,shipped,2015.3
102351,1041,2025-12-22,cancelled,3911.97
102352,1047,2024-05-24,pending,2830.2
102353,1006,2025-08-31,pending,1230.56
102354,1014,2023-01-07,refunded,2735.22
102355,1026,2025-01-07,refunded,2024.84
102356,1038,2025-06-28,shipped,3735.52
102357,1046,2023-06-16,pending,337.25
102358,1016,2025-09-02,refunded,2608.72
102359,1020,2023-07-25,pending,2528.22
102360,1019,2024-02-04,completed,2899.08
102361,1026,2025-10-30,completed,5388.23
102362,1043,2023-06-28,refunded,203.8
102363,1034,2025-08-14,pending,6612.42
102364,1016,2025-09-14,shipped,57.2
102365,1034,2024-03-09,refunded,2054.37
102366,1030,2023-07-03,pending,3730.11
102367,1034,2023-03-01,completed,1082.72
102368,1038,2024-07-28,cancelled,992.58
102369,1016,2025-09-02,completed,1539.62
102370,1014,2025-12-30,cancelled,1501.19
102371,1038,2024-11-12,shipped,2027.53
102372,1015,2023-05-13,completed,5201.19
102373,1015,2025-02-20,cancelled,2975.77
102374,1038,2025-06-13,completed,658.0
102375,1029,2024-08-18,completed,1798.05
102376,1021,2024-01-21,completed,4523.64
102377,1044,2023-09-18,pending,768.75
102378,1043,2023-01-04,completed,966.77
102379,1048,2024-01-24,pending,50.46
102380,1017,2025-01-17,refunded,2959.17
102381,1030,2024-03-30,pending,1723.96
102382,1044,2025-08-01,completed,498.58
102383,1038,2024-08-30,pending,1397.92
102384,1012,2023-10-29,completed,1473.92
102385,1012,2023-03-12,completed,679.74
102386,1041,2023-09-10,refunded,1799.95
102388,1014,2025-09-06,refunded,2440.35
102389,1019,2024-08-19,pending,8594.24
102390,1033,2024-11-13,refunded,4226.34
102391,1018,2024-04-05,cancelled,1476.8
102392,1005,2024-01-02,cancelled,773.11
102393,1025,2023-11-23,shipped,3058.16
102394,1017,2025-05-15,pending,560.84
102395,1049,2025-03-12,completed,1444.5
102396,1042,2024-08-02,cancelled,1185.8
102397,1030,2025-03-17,completed,1044.01
102398,1019,2023-04-21,completed,2775.3
102399,1010,2023-12-02,completed,1228.7
102400,1042,2025-09-15,completed,1013.25
102401,1021,2024-02-05,cancelled,3266.69
102402,1017,2023-07-28,refunded,7461.81
102403,1048,2023-10-30,pending,2908.81
102404,1027,2023-12-11,completed,2163.42
102405,1035,2025-08-28,completed,1769.76
102406,1015,2025-11-21,completed,1881.45
102407,1014,2023-11-01,cancelled,2563.57
102408,1031,2023-03-11,completed,845.95
102409,1018,2024-09-11,shipped,1975.92
102410,1023,2025-02-07,cancelled,4359.48
102411,1023,2023-07-03,pending,534.8
102412,1041,2025-02-21,cancelled,2187.75
102413,1024,2025-01-22,completed,3655.59
102414,1005,2023-09-07,cancelled,3941.81
102415,1038,2025-11-09,completed,924.12
102416,1041,2025-09-09,cancelled,1961.96
102417,1048,2024-01-06,pending,807.49
102418,1043,2025-06-07,shipped,4459.64
102419,1028,2024-10-28,cancelled,1731.96
102420,1049,2024-01-14,refunded,725.64
102421,1009,2025-03-17,refunded,2885.56
102422,1005,2025-12-21,completed,993.73
102423,1022,2023-09-12,refunded,2107.42
102424,1035,2023-08-29,refunded,2627.42
102425,1024,2024-01-04,shipped,1590.73
102426,1031,2024-10-05,completed,137.04
102427,1015,2024-02-27,completed,2026.92
102429,1022,2024-06-09,completed,1340.96
102430,1006,2023-09-13,completed,5328.81
102431,1001,2023-12-18,cancelled,3911.18
102432,1026,2026-10-09,shipped,1769.55
102433,1016,2024-08-23,shipped,2532.96
102434,1018,2025-10-01,completed,5263.86
102435,1012,2024-12-22,shipped,3028.52
102436,1016,2023-07-22,refunded,4085.99
102437,1036,2023-03-17,completed,272.28
102438,1032,2024-03-16,shipped,4263.08
102439,1041,2025-01-05,completed,1982.35
102440,1028,2025-05-14,shipped,948.98
102441,1015,2025-02-20,completed,657.48
102442,1040,2023-06-20,cancelled,3375.77
102443,1008,2023-10-21,completed,668.34
102444,1014,2024-07-05,cancelled,1186.18
102445,1010,2025-02-01,cancelled,1940.68
102446,1012,2025-11-13,completed,834.27
102447,1044,2023-11-11,refunded,3208.99
102448,1012,2023-02-23,completed,549.36
102449,1008,2023-09-13,completed,694.36
102450,1028,2025-04-13,completed,3124.46
102451,1045,2025-01-13,refunded,930.38
102452,1041,2024-04-07,completed,500.91
102453,1048,2024-03-31,completed,171.2
102454,1035,2023-09-10,shipped,2079.96
102455,1011,2024-09-19,refunded,3159.2
102456,1007,2023-07-15,completed,2086.84
102457,1009,2024-07-31,completed,3117.71
102458,1034,2023-04-09,completed,2370.0
102459,1035,2025-03-08,completed,4718.82
102461,1009,2025-12-24,shipped,5623.79
102462,1004,2025-04-04,shipped,460.14
102463,1017,2023-01-20,shipped,4012.72
102464,1033,2023-09-16,pending,2456.87
102465,1027,2024-07-01,cancelled,4131.65
102466,1019,2025-01-28,refunded,2769.8
102467,1019,2025-05-06,pending,4059.08
102468,1003,2024-12-25,shipped,4248.74
102469,1007,2025-05-26,cancelled,2587.47
102470,1043,2024-04-13,cancelled,5052.76
102471,1050,2024-09-17,refunded,6412.27
102472,1014,2023-07-04,completed,2709.08
102473,1029,2024-05-06,completed,993.78
102474,1021,2023-06-23,completed,2883.98
102475,1024,2025-10-06,pending,1433.12
102476,1004,2023-10-07,pending,2017.64
102477,1018,2025-12-26,completed,913.95
102478,1021,2024-01-25,completed,426.9
102479,1021,2025-12-30,completed,1412.48
102480,1017,2025-12-17,shipped,892.92
102481,1034,2025-07-07,cancelled,4242.02
102482,1038,2025-12-08,completed,3621.38
102483,1006,2023-10-01,completed,4268.88
102484,1005,2025-05-15,pending,3581.92
102485,1045,2023-08-20,cancelled,4686.66
102486,1042,2023-08-30,completed,897.68
102487,1037,2024-06-26,completed,1680.18
102488,1037,2025-03-17,completed,3753.84
102489,1026,2025-11-21,pending,3591.06
102490,1027,2025-09-26,completed,4038.66
102492,1045,2025-07-31,completed,735.06
102493,1046,2023-01-11,cancelled,4010.77
102494,1024,2024-12-27,completed,2141.18
102495,1029,2024-02-09,shipped,5864.83
102496,1050,2023-11-11,completed,2510.41
102497,1033,2023-01-15,refunded,2298.66
102498,1004,2024-04-08,pending,1884.24
102499,1001,2025-01-16,completed,4719.49
102500,1030,2024-07-05,pending,223.44
102501,1034,2025-06-18,completed,1359.5
102502,1024,2025-06-07,completed,290.88
102503,1031,2024-02-11,completed,697.35
102504,1049,2023-10-01,pending,8340.14
102505,1034,2023-03-06,cancelled,3598.76
102506,1016,2025-09-08,completed,3434.0
102507,1009,2025-09-28,pending,1093.65
102508,1044,2023-09-18,refunded,4305.29
102509,1006,2025-03-29,cancelled,2863.85
102510,1032,2025-03-07,completed,1571.88
102511,1032,2023-02-13,completed,4069.69
102512,1023,2023-01-28,cancelled,237.7
102513,1001,2024-12-01,shipped,4671.27
102514,1004,2025-06-08,completed,3702.78
102515,1022,2023-06-19,pending,671.65
102516,1020,2023-11-09,shipped,1444.52
102517,1023,2024-07-29,completed,3638.28
102518,1016,2024-05-21,refunded,244.03
102519,1019,2025-08-28,refunded,2311.12
102520,1013,2025-10-25,completed,2210.44
102521,1038,2023-11-01,completed,2151.09
102522,1041,2023-03-20,completed,2053.6
102523,1025,2025-05-23,shipped,50.12
102524,1048,2023-04-15,pending,2467.22
102525,1038,2024-04-18,completed,4478.82
102526,1006,2023-05-06,pending,837.93
102527,1031,2024-09-15,completed,984.49
102528,1019,2024-12-19,pending,5244.9
102529,1035,2023-04-08,completed,2430.13
102530,1021,2027-04-12,completed,1894.32
102531,1041,2025-08-24,shipped,347.73
102532,1040,2024-01-14,pending,377.3
102533,1031,2024-09-15,completed,634.56
102534,1045,2023-09-24,completed,776.75
102535,1021,2025-01-10,refunded,3292.29
102536,1039,2025-01-31,cancelled,2370.24
102537,1029,2025-02-25,completed,2049.03
102538,1026,2023-09-04,shipped,4344.55
102540,1036,2024-01-26,cancelled,1647.84
102541,1028,2023-07-22,shipped,328.82
102542,1020,2024-09-09,pending,2153.6
102543,1008,2024-02-18,cancelled,567.48
102544,1036,2023-09-19,pending,796.45
102545,1022,2024-06-01,refunded,354.95
102546,1047,2024-12-12,pending,121.63
102547,1001,2023-08-29,completed,700.64
102548,1006,2025-12-08,refunded,3323.64
102549,1018,2024-07-15,completed,1488.48
102550,1018,2023-05-05,completed,3277.89
102551,1005,2025-03-25,cancelled,8454.21
102552,1028,2025-11-17,completed,2752.18
102553,1048,2025-11-09,shipped,1045.45
102554,1012,2025-03-31,completed,2987.81
102555,1034,2023-01-08,shipped,1957.62
102556,1006,2023-01-19,pending,1612.18
102557,1040,2025-12-11,completed,217.83
102558,1019,2024-08-29,completed,2779.88
102559,1038,2023-12-17,completed,3890.91
102560,1026,2024-08-20,cancelled,838.04
102561,1032,2024-07-22,completed,2268.35
102562,1015,2023-04-16,completed,3347.98
102563,1008,2024-03-06,completed,3282.76
102564,1014,2026-11-02,shipped,2068.81
102565,1029,2024-10-26,cancelled,969.61
102566,1020,2024-06-24,completed,4036.58
102567,1044,2024-08-26,completed,3128.65
102568,1046,2023-01-22,completed,3305.1
102569,1035,2024-07-26,completed,3094.44
102570,1020,2023-08-06,cancelled,3876.19
102571,1014,2024-06-11,cancelled,3404.0
102572,1002,2024-02-27,completed,3166.81
102573,1011,2024-02-22,cancelled,2359.08
102574,1033,2025-03-20,pending,1465.26
102575,1047,2025-06-07,completed,4695.07
102576,1005,2023-07-11,completed,1820.7
102577,1036,2023-12-27,shipped,2757.54
102578,1015,2024-01-05,completed,333.24
102579,1035,2023-11-30,refunded,6083.09
102580,1028,2024-01-20,completed,45.1
102581,1003,2024-05-17,cancelled,3991.1
102582,1020,2023-07-25,shipped,2378.01
102583,1012,2023-01-25,completed,715.59
102584,1031,2023-02-12,refunded,435.19
102585,1032,2023-03-31,completed,2722.84
102586,1033,2024-07-02,cancelled,907.1
102587,1030,2023-01-20,shipped,1817.07
102588,1019,2024-11-24,completed,3066.02
102589,1022,2025-09-10,shipped,3207.3
102590,1043,2023-12-01,completed,1495.23
102591,1027,2024-05-14,shipped,4731.05
102592,1025,2023-09-10,refunded,3540.1
102593,1030,2024-08-30,shipped,1012.76
102594,1033,2025-04-30,completed,3776.39
102595,1038,2023-02-19,pending,629.45
102596,1015,2024-12-24,completed,1250.16
102597,1017,2025-02-26,cancelled,2009.7
102598,1005,2023-08-19,completed,3832.87
102599,1030,2024-04-04,completed,2023.23
102600,1031,2024-11-14,completed,139.65
102601,1026,2023-06-23,shipped,5576.23
102602,1007,2025-05-27,completed,1056.54
102603,1033,2025-05-20,cancelled,2912.71
102604,1046,2024-08-10,completed,1439.38
102605,1016,2025-10-19,completed,2698.3
102606,1024,2023-06-06,refunded,2596.22
102607,1023,2023-11-01,cancelled,5332.71
102608,1048,2023-10-30,pending,7271.46
102609,1028,2025-09-06,completed,3557.53
102610,1033,2024-07-24,completed,45.84
102611,1035,2023-09-19,refunded,2893.58
102612,1005,2024-10-15,pending,2549.06
102613,1012,2025-04-27,refunded,4908.62
102614,1015,2023-10-11,completed,2173.91
102615,1008,2025-10-15,shipped,1608.56
102616,1048,2024-04-16,completed,2889.8
102617,1007,2025-05-13,shipped,3721.61
102618,1018,2024-03-25,completed,240.32
102619,1037,2023-01-06,refunded,1166.6
102620,1032,2025-08-28,completed,3495.71
102621,1047,2024-12-16,refunded,1006.04
102622,1042,2023-10-13,pending,336.34
102623,1039,2025-05-12,completed,3922.3
102624,1021,2023-04-25,completed,3300.06
102625,1048,2023-10-21,cancelled,157.5
102626,1047,2025-05-19,completed,84.0
102627,1004,2023-06-01,refunded,560.71
102628,1025,2023-11-20,completed,405.88
102629,1039,2023-06-11,completed,3653.46
102630,1033,2025-05-02,refunded,3357.91
102631,1021,2023-10-14,shipped,6320.15
102632,1004,2024-09-05,pending,2568.93
102633,1015,2025-06-28,cancelled,3764.2
102634,1033,2023-08-16,completed,2525.6
102635,1012,2023-03-07,refunded,1774.0
102637,1024,2023-11-25,pending,2003.93
102638,1009,2025-07-19,cancelled,1806.31
102639,1043,2025-10-24,cancelled,1247.2
102640,1041,2023-11-18,completed,4446.19
102642,1021,2023-09-14,completed,1347.48
102643,1038,2023-04-25,pending,4754.08
102644,1018,2023-06-08,pending,511.84
102645,1048,2025-04-09,completed,3673.96
102646,1015,2025-01-30,pending,2429.89
102647,1030,2023-08-11,completed,821.54
102648,1025,2024-11-18,completed,4365.39
102649,1028,2023-08-07,completed,4532.1
102650,1036,2024-09-25,shipped,4371.65
102651,1039,2023-03-08,completed,3589.36
102652,1010,2023-04-02,refunded,1948.5
102653,1044,2023-04-09,completed,2443.5
102654,1046,2023-01-18,refunded,2997.04
102655,1006,2025-03-26,completed,2353.76
102656,1020,2025-03-11,completed,3718.44
102657,1045,2023-07-19,pending,3131.12
102658,1030,2025-10-28,shipped,1771.03
102659,1025,2023-11-04,shipped,2335.56
102660,1011,2025-09-03,refunded,4163.88
102662,1034,2024-08-17,completed,650.1
102663,1014,2023-06-11,completed,1929.92
102664,1037,2024-04-19,refunded,253.57
102665,1023,2023-10-16,cancelled,3238.01
102666,1007,2025-10-24,cancelled,1962.9
102667,1023,2025-12-07,completed,596.51
102668,1045,2023-09-26,completed,1474.52
102669,1026,2025-06-01,cancelled,1079.36
102670,1039,2025-03-04,completed,2513.15
102671,1033,2023-06-03,shipped,3998.52
102672,1030,2025-10-15,refunded,1353.31
102673,1009,2024-09-25,refunded,1420.24
102674,1005,2023-06-28,completed,3512.61
102675,1042,2023-12-14,completed,2844.91
102676,1046,2025-01-14,completed,2679.6
102677,1040,2025-08-01,pending,1966.65
102678,1015,2025-06-24,completed,2297.18
102679,1026,2025-09-26,completed,932.88
102680,1050,2025-04-01,refunded,7298.29
102681,1002,2023-09-22,completed,1962.64
102682,1047,2024-10-04,completed,4666.19
102683,1002,2025-11-02,completed,3491.87
102685,1013,2023-03-29,cancelled,1193.34
102686,1018,2024-05-16,refunded,5307.85
102687,1030,2023-11-13,completed,833.98
102688,1028,2025-03-28,completed,3150.55
102689,1016,2025-08-04,completed,2988.59
102690,1015,2025-08-17,shipped,5028.25
102691,1030,2025-08-10,completed,1808.39
102692,1049,2023-08-10,refunded,403.44
102693,1045,2025-04-02,completed,761.92
102694,1037,2025-09-22,cancelled,2484.26
102695,1041,2023-08-23,pending,2722.95
102696,1004,2023-11-15,completed,3169.46
102697,1010,2024-10-17,completed,1756.42
102698,1027,2025-02-17,refunded,4700.17
102699,1004,2025-05-30,completed,3893.99
102700,1022,2023-02-16,cancelled,2106.09
102701,1014,2024-05-31,completed,1364.59
102702,1041,2023-05-22,pending,803.56
102703,1050,2025-07-13,shipped,4292.74
102704,1035,2024-06-15,refunded,3232.13
102705,1045,2025-05-27,refunded,2093.79
102706,1046,2024-02-11,pending,1106.12
102707,1018,2023-11-26,pending,1329.79
102708,1024,2025-03-07,shipped,5690.45
102709,1028,2024-02-11,cancelled,8144.96
102710,1044,2023-10-24,cancelled,5520.05
102711,1024,2024-10-10,completed,2323.29
102712,1005,2023-10-30,refunded,3530.78
102713,1040,2025-04-12,shipped,1416.97
102714,1032,2025-07-11,cancelled,2678.77
102715,1026,2023-07-19,completed,297.36
102716,1050,2024-01-20,cancelled,3092.03
102717,1012,2023-12-07,pending,1386.84
102718,1036,2024-03-05,cancelled,2335.05
102719,1047,2023-01-30,refunded,1320.57
102720,1043,2024-09-10,shipped,548.49
102721,1018,2023-09-13,pending,6681.93
102722,1050,2025-07-22,pending,607.27
102723,1007,2025-05-22,refunded,5353.42
102724,1003,2023-12-27,pending,3128.68
102725,1008,2023-11-30,pending,551.14
102726,1014,2025-06-14,completed,369.8
102727,1029,2023-07-23,refunded,7445.6
102728,1015,2023-07-03,completed,3398.05
102729,1030,2025-04-22,pending,1772.08
102730,1014,2023-07-24,pending,2772.09
102731,1016,2023-03-08,completed,294.77
102732,1038,2024-03-09,refunded,2988.71
102733,1031,2025-02-19,completed,2883.05
102734,1046,2023-09-12,refunded,3252.71
102735,1015,2025-04-25,cancelled,2478.9
102736,1024,2025-03-21,completed,1186.15
102737,1042,2025-11-05,completed,385.64
102738,1043,2024-06-25,refunded,2223.11
102739,1017,2025-04-29,completed,4929.61
102740,1026,2026-12-07,completed,2520.7
102741,1007,2025-02-05,refunded,1080.4
102742,1045,2024-10-12,completed,3374.84
102743,1039,2025-05-30,shipped,2199.84
102744,1013,2024-01-30,cancelled,2209.87
102745,1010,2023-04-16,pending,3513.19
102746,1020,2025-03-10,completed,3498.41
102747,1007,2024-10-13,completed,3706.0
102748,1019,2023-07-23,refunded,6650.71
102749,1014,2023-08-31,shipped,659.08
102750,1009,2024-06-16,completed,3312.29
102752,1029,2024-02-22,completed,1536.8
102753,1014,2023-01-24,refunded,4566.79
102754,1013,2023-02-26,cancelled,2869.44
102755,1010,2023-06-11,pending,2024.03
102756,1003,2023-09-25,cancelled,3932.99
102757,1035,2025-01-03,completed,5259.22
102758,1043,2024-03-30,completed,408.1
102759,1020,2024-05-17,refunded,3579.3
102760,1023,2025-02-13,completed,274.14
102761,1029,2024-07-17,completed,123.18
102762,1031,2023-07-31,pending,976.76
102763,1030,2023-09-09,completed,2619.6
102764,1029,2024-01-05,completed,4115.38
102765,1037,2025-01-10,pending,3651.8
102766,1050,2023-02-14,completed,236.64
102767,1037,2023-06-06,cancelled,1332.15
102768,1014,2024-10-04,pending,255.66
102769,1043,2024-01-04,completed,528.08
102770,1031,2023-03-06,completed,2030.31
102771,1013,2025-09-18,shipped,1909.02
102772,1007,2023-11-21,cancelled,1508.6
102773,1036,2023-09-07,shipped,5564.35
102774,1007,2023-02-17,shipped,2549.78
102775,1047,2024-03-18,completed,4570.5
102776,1044,2023-03-02,completed,3166.02
102777,1041,2023-09-17,completed,7968.37
102778,1046,2023-07-08,cancelled,3835.82
102780,1003,2024-08-25,cancelled,7039.65
102781,1006,2025-06-12,pending,3477.79
102782,1035,2024-05-27,completed,2659.0
102783,1049,2024-07-29,completed,71.34
102784,1034,2024-09-30,refunded,2282.46
102785,1001,2025-09-26,pending,429.84
102786,1044,2024-07-10,shipped,4736.28
102787,1001,2025-02-23,completed,4685.13
102788,1014,2025-02-04,refunded,1342.97
102789,1026,2023-12-09,shipped,3954.63
102790,1042,2025-04-19,shipped,2281.46
102791,1046,2025-12-22,pending,5100.96
102793,1044,2024-01-04,pending,4180.57
102794,1039,2025-01-02,completed,695.97
102795,1047,2025-01-31,completed,2383.83
102796,1024,2023-09-08,completed,360.54
102797,1037,2024-11-04,pending,319.77
102798,1038,2024-10-20,shipped,1959.18
102799,1012,2024-08-03,completed,6114.57
102800,1009,2023-07-30,completed,630.53
102801,1010,2023-06-03,cancelled,746.64
102802,1044,2025-06-10,refunded,4682.26
102803,1027,2024-02-08,refunded,1326.69
102804,1041,2023-04-06,pending,2929.2
102805,1034,2025-07-16,shipped,816.0
102807,1039,2025-02-23,shipped,107.24
102808,1015,2023-02-06,refunded,1440.84
102809,1003,2023-01-10,completed,806.24
102810,1026,2025-04-04,shipped,5616.85
102811,1045,2023-03-22,cancelled,555.51
102812,1030,2025-08-20,refunded,1738.91
102813,1041,2024-09-08,completed,2728.92
102814,1029,2025-03-30,shipped,1461.41
102815,1013,2025-10-08,completed,913.2
102816,1005,2025-07-19,refunded,2043.76
102817,1047,2023-09-06,shipped,925.19
102818,1027,2024-04-03,refunded,1180.05
102819,1044,2023-08-04,refunded,700.88
102820,1038,2025-06-11,completed,2849.52
102821,1008,2025-01-25,completed,2847.91
102822,1040,2023-04-18,refunded,4613.92
102823,1043,2023-04-09,completed,2756.43
102824,1041,2025-02-16,cancelled,5067.56
102825,1011,2023-10-10,pending,604.92
102826,1033,2024-10-15,refunded,5699.21
102827,1014,2025-04-26,pending,3532.25
102828,1007,2025-12-04,completed,1809.94
102829,1041,2025-09-30,completed,3522.16
102830,1038,2025-09-15,completed,1322.1
102831,1019,2024-08-29,completed,59.9
102832,1016,2024-05-11,cancelled,2109.69
102833,1018,2024-02-26,completed,5014.7
102834,1027,2025-10-09,completed,460.62
102835,1003,2024-03-18,refunded,1817.45
102836,1030,2025-09-25,completed,124.36
102837,1006,2025-12-16,refunded,2634.74
102838,1019,2024-09-30,pending,39.69
102839,1030,2025-10-30,completed,105.52
102841,1048,2025-01-14,pending,2537.62
102842,1036,2025-11-17,refunded,4104.85
102843,1041,2023-05-21,pending,2357.34
102844,1010,2024-09-21,cancelled,5102.75
102845,1030,2025-08-02,cancelled,2449.26
102846,1003,2023-02-03,completed,1633.3
102847,1016,2025-09-02,shipped,36.46
102848,1031,2024-06-27,shipped,7157.19
102849,1037,2025-06-02,completed,672.29
102850,1006,2025-06-01,completed,2745.45
102851,1047,2024-07-12,completed,3349.5
102852,1020,2025-02-22,pending,1471.4
102853,1049,2024-01-23,completed,3417.34
102854,1012,2025-12-20,pending,1062.73
102855,1017,2023-08-12,completed,1162.85
102856,1038,2023-08-16,completed,1380.32
102857,1010,2023-03-15,completed,1268.5
102858,1030,2025-12-25,completed,1696.23
102859,1049,2025-04-08,pending,1762.09
102860,1005,2024-07-03,completed,3347.53
102861,1046,2024-02-21,cancelled,760.69
102862,1020,2024-08-12,completed,1512.06
102863,1018,2025-10-27,shipped,3281.2
102864,1018,2024-09-17,completed,2602.87
102865,1034,2023-05-23,completed,3260.9
102866,1033,2025-07-21,completed,379.08
102867,1045,2025-05-26,completed,2320.01
102868,1028,2024-06-24,completed,401.88
102869,1012,2023-01-20,completed,724.68
102870,1005,2023-01-03,refunded,3305.01
102871,1026,2023-08-13,refunded,1500.9
102872,1038,2024-08-18,shipped,3039.48
102873,1023,2023-10-28,completed,3359.36
102874,1002,2024-11-18,pending,4331.24
102875,1016,2024-06-11,pending,2963.31
102876,1024,2025-07-28,refunded,2139.38
102877,1007,2024-11-14,refunded,2431.72
102878,1031,2025-09-18,completed,281.73
102879,1033,2023-02-12,pending,74.19
102880,1046,2023-10-18,pending,1261.39
102881,1047,2025-06-01,completed,395.98
102882,1048,2024-02-01,cancelled,4135.6
102883,1014,2024-07-14,cancelled,1280.88
102884,1007,2025-07-09,completed,4446.5
102885,1045,2024-12-15,pending,607.94
102887,1043,2024-07-19,completed,1988.64
102888,1018,2025-12-01,completed,2922.62
102889,1001,2023-09-09,refunded,2322.4
102890,1042,2024-12-11,completed,507.22
102891,1017,2025-10-18,completed,2246.85
102892,1007,2023-11-04,completed,1629.1
102893,1043,2023-11-30,pending,660.8
102894,1024,2024-08-26,pending,1107.99
102895,1011,2024-08-02,completed,4546.11
102896,1024,2024-09-18,pending,3179.63
102897,1027,2023-01-02,completed,2398.59
102898,1006,2024-08-03,cancelled,2561.52
102899,1029,2023-11-14,cancelled,2057.2
102900,1001,2024-02-07,shipped,77.6
102901,1038,2024-08-18,completed,1069.74
102902,1039,2024-12-27,refunded,4917.1
102903,1001,2025-03-02,pending,3955.66
102904,1040,2023-07-20,completed,2820.4
102905,1010,2023-12-21,pending,310.8
102906,1011,2024-10-22,completed,257.8
102907,1040,2024-02-13,completed,5563.44
102908,1043,2024-02-13,completed,4667.11
102909,1008,2025-08-02,completed,2523.56
102910,1030,2025-06-13,completed,3998.85
102911,1006,2024-10-03,cancelled,2174.36
102912,1046,2025-08-17,pending,1803.54
102913,1003,2025-04-20,completed,4965.51
102914,1023,2023-02-24,pending,2281.61
102915,1013,2023-10-15,completed,3178.34
102916,1047,2025-11-14,completed,5521.82
102917,1027,2024-08-23,refunded,3190.98
102918,1049,2023-09-15,cancelled,1019.2
102919,1003,2025-11-26,refunded,2433.49
102920,1041,2023-04-23,refunded,1881.41
102921,1045,2023-08-08,shipped,1341.28
102922,1010,2024-08-18,pending,1484.95
102923,1031,2023-05-05,cancelled,548.16
102924,1021,2025-11-12,cancelled,6668.83
102925,1007,2024-02-24,completed,1993.31
102926,1032,2025-10-11,completed,1445.59
102927,1043,2023-11-13,cancelled,933.12
102928,1005,2023-01-14,shipped,2281.2
102929,1028,2023-08-23,completed,3518.16
102930,1007,2023-09-05,completed,1164.6
102931,1004,2023-08-01,completed,446.49
102932,1049,2025-06-27,completed,3482.07
102933,1049,2024-09-06,pending,1285.89
102934,1008,2024-04-26,completed,46.76
102935,1016,2025-06-18,shipped,3989.62
102936,1014,2023-10-27,completed,3216.53
102937,1034,2024-05-07,shipped,2526.3
102938,1004,2024-02-15,pending,323.86
102939,1011,2023-07-24,pending,3021.14
102940,1049,2024-07-17,pending,1011.91
102941,1003,2023-08-08,pending,2736.8
102942,1025,2023-10-31,completed,5702.46
102943,1024,2025-03-08,shipped,3155.26
102944,1026,2025-06-29,completed,3879.49
102945,1020,2025-08-16,pending,123.93
102946,1046,2023-11-21,shipped,1446.3
102947,1037,2025-10-27,completed,5220.2
102948,1048,2025-12-11,shipped,2764.24
102949,1046,2023-11-07,cancelled,2598.24
102950,1003,2024-11-25,cancelled,2417.91
102951,1041,2023-10-14,refunded,2020.06
102952,1049,2024-09-12,completed,5756.67
102953,1048,2025-09-17,pending,4170.33
102954,1010,2024-01-05,cancelled,4064.7
102955,1040,2025-12-12,completed,2607.72
102956,1011,2024-12-13,shipped,1589.88
102957,1026,2023-05-19,completed,56.87
102958,1038,2023-11-22,completed,4380.85
102959,1017,2025-10-19,pending,2621.76
102960,1023,2024-04-19,refunded,3529.5
102961,1030,2024-04-29,completed,234.41
102962,1022,2025-02-25,pending,4187.17
102963,1013,2023-05-07,completed,1862.51
102964,1002,2023-05-30,refunded,4950.78
102965,1035,2023-03-02,completed,708.4
102966,1048,2025-07-09,completed,1723.44
102967,1036,2024-02-14,completed,3324.54
102968,1038,2024-08-08,completed,524.54
102969,1007,2025-06-07,refunded,3474.97
102970,1011,2023-06-26,completed,36.98
102971,1037,2023-07-17,completed,1232.48
102972,1047,2023-01-11,refunded,1562.33
102973,1045,2023-05-28,completed,2644.2
102974,1005,2025-12-17,completed,1612.69
102975,1006,2025-08-28,completed,4941.48
102976,1028,2023-10-10,pending,298.96
102977,1028,2025-02-09,shipped,2146.72
102978,1043,2025-11-25,completed,5088.36
102979,1027,2024-04-17,shipped,979.96
102980,1038,2023-02-16,refunded,4348.98
102981,1048,2024-05-29,cancelled,1630.48
102982,1042,2023-11-20,completed,2112.64
102983,1007,2024-05-09,shipped,1242.68
102984,1013,2025-03-28,completed,2863.11
102985,1011,2023-08-16,pending,3030.21
102986,1015,2024-06-22,completed,3125.46
102987,1040,2025-05-13,completed,4009.38
102988,1032,2023-05-02,completed,1629.46
102989,1022,2024-11-06,cancelled,2541.5
102991,1039,2023-05-08,pending,778.58
102992,1046,2023-03-14,completed,4104.75
102994,1009,2023-06-15,pending,1702.33
102995,1020,2024-07-08,completed,447.96
102996,1006,2025-10-14,completed,939.9
102997,1004,2025-06-02,completed,5897.54
102998,1025,2024-04-11,completed,4088.74
102999,1008,2024-02-06,shipped,682.38
103000,1009,2023-02-07,pending,2434.92
103001,1018,2025-02-11,completed,1423.95
103002,1009,2025-05-24,completed,4100.25
103003,1013,2023-08-30,completed,4520.07
103004,1001,2024-12-03,completed,1586.11
103005,1011,2023-07-08,completed,1012.72
103006,1024,2023-04-04,refunded,581.14
103007,1028,2023-04-27,completed,4807.6
103008,1042,2024-01-05,completed,1507.26
103009,1042,2024-05-15,completed,2406.42
103010,1016,2025-09-07,completed,4123.27
103011,1040,2023-06-06,shipped,697.44
103012,1038,2025-01-01,pending,1554.0
103013,1023,2025-01-21,shipped,82.01
103014,1007,2024-05-15,completed,4031.02
103015,1030,2025-10-28,completed,659.94
103016,1019,2025-04-21,shipped,774.19
103017,1037,2023-06-10,completed,2133.82
103018,1038,2025-12-02,completed,6287.82
103019,1031,2024-03-07,completed,4351.55
103020,1026,2023-10-18,completed,1721.14
103021,1031,2025-07-18,completed,1607.7
103022,1041,2023-03-11,completed,3200.1
103023,1029,2024-09-07,completed,890.92
103024,1005,2025-02-25,completed,1712.34
103025,1002,2025-02-26,completed,3751.81
103026,1035,2025-02-15,cancelled,3432.79
103027,1016,2023-04-18,completed,2189.74
103028,1025,2024-12-13,shipped,621.03
103029,1040,2024-11-19,refunded,327.89
103030,1022,2024-03-19,completed,3949.94
103031,1001,2025-06-07,refunded,4629.41
103032,1030,2023-04-27,shipped,2524.85
103033,1008,2024-08-11,pending,6678.06
103034,1040,2025-11-28,completed,2423.76
103035,1021,2025-08-15,completed,2165.06
103036,1041,2023-02-01,refunded,1900.16
103037,1029,2024-07-15,completed,5118.82
103038,1045,2024-08-28,shipped,3440.07
103039,1047,2024-07-15,completed,3400.15
103040,1031,2023-01-26,completed,2579.76
103041,1040,2024-10-19,refunded,1886.31
103042,1025,2025-08-05,pending,4007.12
103043,1046,2023-03-17,pending,2579.59
103044,1050,2024-03-22,completed,3768.04
103045,1041,2023-06-12,shipped,2231.83
103046,1002,2023-05-12,completed,474.21
103047,1040,2024-07-19,refunded,3230.55
103048,1014,2024-04-10,completed,2626.79
103049,1038,2023-04-12,completed,3057.03
103051,1017,2024-01-13,shipped,1077.17
103052,1026,2024-10-11,shipped,1959.21
103053,1019,2023-05-05,completed,813.88
103054,1017,2023-02-03,refunded,1282.41
103056,1008,2024-12-24,cancelled,1870.97
103057,1046,2024-04-25,completed,5081.31
103058,1031,2025-06-27,shipped,1550.89
103059,1044,2024-02-22,shipped,3161.42
103060,1028,2025-05-01,cancelled,1887.48
103062,1033,2024-08-02,completed,2191.29
103063,1045,2025-01-07,pending,1685.14
103064,1004,2025-02-06,completed,1935.69
103065,1047,2023-11-25,completed,570.06
103066,1011,2023-11-04,completed,830.88
103067,1044,2024-03-09,shipped,2781.87
103068,1011,2025-11-06,cancelled,3648.71
103069,1048,2024-03-16,refunded,5885.74
103070,1048,2023-11-04,refunded,1978.25
103071,1028,2023-06-10,completed,1405.66
103072,1008,2025-05-06,cancelled,2025.85
103073,1027,2025-12-16,shipped,3810.84
103074,1007,2025-12-10,pending,3772.45
103075,1010,2024-02-04,completed,3103.35
103076,1039,2024-11-04,refunded,2536.56
103077,1038,2025-01-11,pending,7329.22
103078,1018,2023-08-25,completed,802.48
103079,1047,2025-04-19,completed,274.65
103080,1028,2025-11-01,completed,3238.65
103081,1002,2024-04-16,refunded,1632.59
103082,1008,2023-09-14,completed,4953.51
103083,1017,2025-04-14,shipped,2010.51
103084,1042,2024-06-17,completed,4399.27
103085,1050,2023-06-16,pending,2030.6
103086,1010,2023-10-31,pending,2590.29
103087,1035,2024-02-10,pending,2478.13
103088,1050,2023-09-05,completed,1057.78
103089,1021,2025-08-20,completed,897.76
103090,1001,2023-03-11,completed,3119.34
103091,1032,2023-05-30,shipped,3844.76
103092,1001,2025-03-05,completed,3825.22
103093,1019,2024-05-09,completed,571.3
103094,1011,2024-11-20,shipped,3475.98
103095,1028,2023-04-03,cancelled,2802.36
103096,1050,2025-07-08,cancelled,2137.44
103097,1042,2025-06-11,refunded,2342.1
103098,1020,2023-10-03,completed,3400.08
103099,1029,2025-11-09,completed,4970.08
103100,1017,2025-01-27,cancelled,852.3
103101,1002,2024-10-18,completed,3238.74
103102,1023,2024-07-26,completed,633.64
103103,1045,2025-10-07,completed,1998.8
103104,1011,2025-12-11,shipped,5074.75
103105,1042,2025-05-23,completed,3431.69
103106,1033,2024-01-01,completed,1144.55
103107,1001,2024-03-07,shipped,1511.86
103108,1030,2024-10-05,completed,19.59
103109,1042,2023-08-31,completed,3339.21
103110,1034,2024-04-03,completed,1889.58
103111,1012,2024-06-15,refunded,2870.69
103112,1016,2024-04-19,completed,644.28
103113,1009,2024-02-28,refunded,667.34
103114,1025,2023-12-12,shipped,926.64
103115,1024,2024-02-04,pending,2044.61
103116,1047,2023-02-22,completed,3265.0
103117,1020,2025-05-23,pending,6902.91
103118,1042,2025-07-18,completed,2071.25
103119,1002,2023-09-03,pending,1161.78
103120,1032,2023-06-27,completed,1316.9
103121,1046,2023-08-27,refunded,8239.98
103122,1020,2024-03-31,completed,5782.36
103123,1045,2025-11-04,completed,953.94
103124,1017,2025-11-16,refunded,438.96
103125,1026,2024-10-06,pending,1261.17
103126,1044,2025-12-03,completed,3992.04
103127,1014,2023-03-14,cancelled,1913.51
103128,1011,2023-10-08,pending,2278.53
103129,1017,2024-03-26,completed,1437.71
103130,1005,2023-11-07,refunded,2430.85
103131,1042,2025-10-14,completed,1216.37
103132,1007,2023-07-01,refunded,3134.69
103133,1024,2024-03-14,pending,2498.47
103134,1019,2024-03-03,completed,2836.39
103135,1013,2024-06-22,pending,4160.49
103136,1014,2024-04-25,completed,142.72
103137,1043,2024-01-04,refunded,1346.04
103138,1016,2024-08-21,pending,5902.33
103139,1012,2025-03-14,completed,682.56
103140,1030,2024-08-28,completed,5300.11
103141,1050,2024-08-11,pending,229.17
103142,1031,2025-05-20,completed,799.98
103143,1016,2024-10-15,completed,1250.98
103144,1019,2025-03-26,completed,2722.2
103145,1005,2025-09-17,shipped,108.8
103146,1025,2024-04-25,completed,827.94
103147,1050,2024-03-16,completed,658.22
103148,1040,2024-10-23,cancelled,3326.75
103149,1002,2025-03-12,pending,4132.91
103150,1041,2023-04-22,pending,2332.56
103151,1014,2024-11-26,refunded,1046.58
103152,1050,2025-07-05,completed,846.81
103153,1008,2023-12-08,completed,3573.25
103154,1013,2023-08-14,shipped,1835.77
103155,1020,2023-02-10,completed,4612.12
103156,1023,2023-07-04,cancelled,251.94
103157,1023,2024-12-23,refunded,2965.94
103158,1007,2023-04-11,completed,3897.9
103159,1034,2024-02-11,refunded,3929.7
103160,1042,2024-04-14,refunded,2598.24
103161,1045,2025-02-04,pending,2328.67
103162,1024,2024-05-24,completed,1368.0
103163,1030,2025-12-14,shipped,1352.87
103164,1026,2025-09-20,completed,2938.2
103165,1038,2023-02-19,cancelled,3918.13
103166,1026,2024-05-21,completed,879.65
103167,1015,2025-02-12,pending,3680.85
103168,1029,2024-07-06,completed,1663.86
103169,1025,2025-04-30,completed,256.3
103170,1030,2023-11-07,cancelled,3040.47
103171,1036,2025-03-12,refunded,1291.32
103172,1044,2024-10-01,pending,6029.35
103173,1043,2023-02-17,completed,2122.31
103174,1040,2023-07-24,cancelled,2270.06
103175,1042,2025-02-10,pending,1369.68
103176,1009,2025-04-12,completed,1172.44
103177,1006,2025-12-28,completed,1209.09
103178,1020,2025-10-14,pending,1196.12
103179,1002,2023-08-10,completed,705.17
103180,1049,2023-02-20,refunded,1820.12
103181,1004,2025-01-27,shipped,5714.66
103182,1045,2024-09-28,completed,2973.5
103183,1030,2023-06-21,shipped,7738.32
103184,1011,2025-09-30,completed,1869.59
103185,1013,2025-04-05,refunded,926.25
103186,1027,2024-04-21,refunded,3987.05
103187,1043,2025-04-23,cancelled,2076.51
103188,1026,2023-11-05,completed,1829.68
103189,1024,2025-04-12,completed,1717.0
103190,1008,2025-09-27,pending,4050.57
103191,1044,2024-04-27,pending,4850.33
103192,1009,2025-11-19,refunded,3282.85
103193,1030,2023-06-16,pending,5206.49
103194,1032,2025-02-08,refunded,791.6
103195,1021,2025-11-30,completed,454.12
103196,1031,2025-06-15,completed,510.9
103197,1034,2025-10-11,cancelled,256.14
103198,1032,2025-09-24,cancelled,847.95
103199,1049,2025-05-06,completed,1446.2
103200,1042,2025-06-10,cancelled,2566.74
103201,1007,2024-07-09,completed,1655.05
103202,1010,2025-01-31,cancelled,381.69
103203,1007,2024-08-17,cancelled,2316.73
103204,1007,2025-01-30,shipped,1809.51
103205,1037,2025-08-05,completed,2322.48
103206,1034,2023-10-05,shipped,3112.47
103207,1024,2025-08-28,completed,1315.26
103208,1004,2023-11-04,completed,2179.34
103209,1043,2023-01-12,cancelled,2954.3
103210,1008,2023-07-12,pending,2548.45
103211,1013,2023-05-06,pending,783.74
103212,1046,2023-05-17,cancelled,3530.09
103213,1046,2024-04-07,cancelled,3310.74
103214,1041,2024-01-30,completed,3352.44
103215,1011,2025-05-22,cancelled,1118.4
103216,1040,2025-04-05,shipped,2776.22
103217,1028,2024-02-19,shipped,352.92
103218,1041,2024-03-19,completed,1471.86
103219,1032,2023-07-29,refunded,2917.92
103220,1045,2025-02-23,shipped,2373.58
103221,1021,2024-07-21,refunded,2556.05
103222,1037,2025-08-27,completed,3663.15
103223,1037,2026-09-04,completed,5397.22
103224,1033,2023-10-28,completed,3034.98
103225,1044,2023-01-01,completed,1755.86
103226,1032,2023-04-17,shipped,7338.79
103227,1016,2025-05-21,pending,3244.28
103228,1022,2025-10-21,completed,2917.24
103229,1048,2025-03-16,refunded,153.09
103230,1046,2025-08-29,completed,2345.04
103231,1007,2024-10-11,completed,186.37
103232,1034,2024-03-14,cancelled,6282.24
103233,1001,2023-10-20,shipped,2559.39
103234,1017,2024-05-28,completed,802.8
103235,1015,2025-06-10,completed,2834.0
103236,1003,2025-01-18,refunded,4162.38
103237,1037,2025-05-18,shipped,3910.16
103238,1048,2024-01-27,completed,5560.54
103239,1036,2023-01-22,pending,447.4
103240,1024,2024-02-04,shipped,731.92
103241,1047,2023-07-12,completed,2112.57
103242,1012,2023-01-27,completed,3501.59
103243,1015,2024-07-17,pending,5452.86
103244,1041,2024-06-02,cancelled,563.92
103245,1019,2023-03-04,pending,1786.2
103246,1005,2025-07-19,completed,2606.04
103247,1026,2023-08-01,completed,4160.09
103248,1019,2023-11-10,cancelled,2158.23
103249,1029,2023-09-27,pending,148.65
103250,1027,2023-09-02,pending,1489.77
103251,1044,2023-05-08,completed,242.0
103253,1036,2024-07-22,cancelled,1076.67
103254,1045,2023-02-04,refunded,977.37
103255,1019,2024-10-10,completed,2412.43
103256,1007,2025-01-20,completed,4587.68
103257,1050,2025-04-05,refunded,2885.19
103258,1028,2023-05-06,completed,6112.66
103259,1033,2025-10-24,cancelled,5976.8
103260,1002,2023-12-20,completed,2655.59
103261,1018,2024-02-11,shipped,3780.47
103262,1043,2023-01-07,completed,978.12
103263,1045,2023-08-30,pending,1447.97
103264,1010,2023-06-26,pending,876.02
103265,1035,2023-07-05,cancelled,843.3
103266,1011,2024-10-12,cancelled,459.24
103267,1024,2023-12-13,completed,2038.21
103269,1029,2025-07-31,cancelled,2764.84
103270,1017,2024-09-22,cancelled,2956.78
103271,1021,2024-01-27,refunded,481.12
103272,1027,2024-09-27,pending,24.15
103273,1041,2023-12-31,completed,2412.72
103274,1038,2025-04-27,refunded,3526.41
103275,1035,2024-02-13,completed,811.51
103276,1040,2025-06-19,completed,745.08
103277,1046,2025-01-14,refunded,1201.83
103278,1014,2025-07-09,cancelled,1690.04
103279,1011,2023-03-17,pending,1095.52
103280,1018,2024-03-07,pending,254.82
103281,1037,2024-08-14,completed,5097.37
103282,1009,2025-10-28,refunded,2740.15
103283,1029,2024-07-04,shipped,212.15
103284,1037,2024-06-12,pending,3192.92
103285,1007,2023-08-25,cancelled,2049.47
103286,1032,2025-08-31,pending,1518.24
103287,1010,2025-02-01,pending,1273.5
103288,1044,2023-03-11,cancelled,3930.29
103290,1024,2025-01-04,completed,1161.85
103291,1045,2024-11-16,cancelled,2796.97
103292,1046,2024-01-19,completed,3930.41
103293,1022,2024-01-17,completed,2991.14
103294,1011,2025-07-23,shipped,5290.73
103296,1004,2025-03-28,refunded,679.62
103297,1012,2025-02-03,completed,886.39
103298,1043,2025-04-01,completed,547.18
103299,1022,2024-04-24,shipped,1124.69
103300,1023,2025-05-22,completed,3970.4
103301,1011,2025-03-31,completed,1143.44
103302,1043,2023-12-07,shipped,369.52
103303,1036,2025-12-09,shipped,1457.48
103304,1016,2023-09-24,completed,3633.61
103305,1029,2023-04-21,completed,3712.56
103306,1046,2023-10-17,pending,458.28
103307,1024,2025-08-01,cancelled,3649.92
103308,1043,2023-12-19,completed,4760.93
103309,1037,2024-04-28,pending,99.32
103310,1033,2024-05-16,cancelled,3502.34
103311,1024,2025-02-05,pending,1240.7
103312,1004,2023-07-24,shipped,1022.3
103313,1004,2024-03-11,cancelled,1868.2
103314,1019,2025-08-07,completed,2971.91
103315,1048,2023-07-16,completed,1563.54
103316,1049,2023-10-01,refunded,163.55
103317,1017,2024-08-02,cancelled,2696.12
103318,1008,2025-03-17,completed,194.1
103319,1038,2023-02-25,shipped,3060.1
103320,1047,2024-04-26,completed,3351.35
103321,1013,2023-01-04,shipped,1452.44
103322,1015,2023-06-08,completed,4470.99
103323,1026,2024-01-20,completed,5975.52
103324,1045,2023-07-10,pending,2022.83
103325,1033,2025-05-21,completed,3394.66
103326,1026,2025-09-11,completed,4025.34
103327,1035,2025-05-13,completed,628.36
103328,1030,2025-11-25,pending,1288.24
103329,1017,2024-12-10,cancelled,2693.87
103330,1024,2025-04-08,completed,2370.24
103331,1048,2025-11-04,cancelled,1439.92
103332,1015,2025-09-22,cancelled,2799.5
103333,1043,2023-04-22,pending,4682.98
103334,1012,2023-08-26,refunded,5636.9
103335,1006,2025-07-11,completed,4739.85
103336,1008,2024-11-17,completed,796.77
103337,1001,2024-01-02,shipped,570.72
103338,1033,2023-06-13,completed,65.84
103339,1036,2024-06-12,shipped,4264.88
103341,1001,2025-07-20,completed,219.96
103342,1031,2023-03-23,refunded,2420.24
103343,1027,2025-01-21,shipped,3082.66
103344,1001,2024-05-31,completed,3772.86
103345,1008,2023-02-18,completed,591.18
103346,1050,2024-12-31,completed,2191.58
103347,1014,2024-09-01,completed,951.84
103348,1020,2025-01-01,completed,1855.07
103349,1039,2025-03-22,completed,570.32
103350,1032,2023-07-13,cancelled,626.54
103351,1001,2025-10-07,completed,2085.65
103352,1018,2025-07-27,shipped,1145.82
103353,1010,2025-12-08,pending,1310.56
103354,1047,2024-10-30,completed,2854.31
103355,1048,2023-07-27,shipped,4140.37
103356,1045,2023-06-11,cancelled,3211.0
103357,1049,2025-05-15,completed,1025.14
103358,1020,2024-06-10,cancelled,3385.29
103359,1001,2023-06-12,completed,89.06
103360,1043,2024-06-18,shipped,1345.05
103361,1018,2024-05-14,refunded,7042.43
103363,1037,2025-08-26,refunded,2436.45
103364,1021,2024-07-16,cancelled,5317.59
103365,1006,2024-07-20,cancelled,2512.9
103366,1035,2025-03-27,cancelled,2604.33
103367,1050,2023-01-11,completed,5097.91
103368,1016,2025-04-28,completed,4388.16
103369,1012,2025-08-05,refunded,5200.08
103370,1030,2024-10-13,completed,2357.53
103371,1038,2024-10-26,completed,3836.14
103372,1011,2025-08-01,pending,406.2
103373,1008,2024-11-04,pending,2578.19
103374,1045,2023-01-26,completed,1145.9
103375,1033,2025-06-29,pending,1691.32
103376,1037,2025-10-18,shipped,3109.4
103377,1040,2025-03-09,pending,3084.56
103378,1014,2023-06-10,pending,394.08
103379,1029,2024-12-08,completed,3296.71
103380,1047,2025-12-20,completed,183.25
103381,1002,2024-10-07,cancelled,443.88
103382,1013,2023-11-16,shipped,1924.17
103383,1010,2024-12-21,pending,2851.42
103384,1022,2023-02-17,completed,6013.21
103385,1039,2025-10-02,pending,526.56
103386,1048,2023-09-27,shipped,2017.97
103387,1030,2023-09-10,pending,3771.16
103388,1010,2023-08-15,completed,4758.41
103389,1023,2023-11-22,refunded,1013.32
103390,1009,2025-04-01,pending,1243.16
103391,1050,2024-03-21,shipped,353.56
103392,1014,2025-01-13,completed,1057.74
103393,1006,2024-10-12,shipped,2910.93
103394,1049,2024-04-06,pending,3593.44
103395,1002,2024-08-09,completed,1536.64
103396,1049,2023-12-30,completed,119.1
103397,1022,2026-10-27,pending,2350.79
103398,1048,2023-07-21,shipped,1406.47
103399,1050,2025-05-06,completed,5860.42
103400,1032,2024-04-04,shipped,1051.35
103401,1012,2023-06-14,shipped,1830.96
103402,1044,2023-02-16,shipped,1206.22
103403,1017,2025-08-24,completed,841.44
103404,1021,2023-02-16,shipped,1781.57
103405,1009,2025-03-08,shipped,899.36
103406,1003,2023-11-27,completed,2905.27
103407,1035,2024-05-05,pending,1140.11
103408,1044,2024-02-14,completed,1073.2
103409,1037,2023-03-05,shipped,1007.1
103410,1017,2024-05-16,shipped,2767.21
103411,1035,2024-05-10,pending,2417.95
103412,1012,2023-08-16,refunded,2871.1
103413,1039,2023-11-23,pending,879.83
103414,1024,2023-05-24,cancelled,3125.73
103415,1007,2025-04-12,pending,1422.38
103416,1050,2023-05-25,completed,3876.42
103417,1019,2023-09-05,refunded,870.41
103418,1019,2025-12-29,completed,1210.91
103419,1042,2023-05-03,refunded,4752.22
103420,1047,2023-03-23,pending,4723.28
103421,1014,2025-11-13,cancelled,2505.88
103422,1030,2023-09-12,completed,3556.27
103423,1020,2023-08-17,completed,4428.22
103424,1033,2024-11-26,completed,1322.75
103425,1040,2024-03-06,completed,871.68
103426,1003,2023-06-01,cancelled,1735.26
103427,1022,2024-05-16,completed,77.2
103429,1045,2025-06-29,refunded,2343.52
103430,1010,2024-06-12,completed,2204.3
103431,1033,2023-10-14,shipped,3394.23
103432,1047,2024-03-28,shipped,2615.2
103433,1043,2024-08-19,cancelled,2659.61
103434,1004,2024-09-16,cancelled,1979.46
103435,1033,2024-08-26,cancelled,3927.81
103436,1033,2023-09-21,shipped,2515.46
103437,1040,2025-02-25,cancelled,2665.21
103438,1011,2024-03-09,completed,1745.35
103439,1040,2023-01-25,completed,1331.13
103440,1049,2025-11-24,pending,4536.32
103441,1046,2023-12-15,cancelled,2212.36
103442,1044,2025-10-23,shipped,3539.65
103443,1015,2025-09-20,completed,4429.55
103444,1035,2025-09-14,pending,706.92
103445,1016,2023-01-30,completed,366.32
103446,1037,2024-09-25,completed,1158.3
103447,1015,2023-09-02,completed,1816.04
103448,1010,2025-07-29,cancelled,7444.16
103449,1038,2025-12-09,cancelled,240.87
103450,1049,2023-03-09,cancelled,939.61
103451,1006,2024-11-05,completed,61.24
103452,1021,2025-12-31,shipped,3280.7
103453,1002,2023-04-25,shipped,2367.1
103454,1040,2024-05-16,refunded,3120.88
103455,1038,2024-05-16,cancelled,926.72
103456,1026,2023-12-30,shipped,1155.3
103457,1029,2024-07-22,cancelled,1501.81
103458,1032,2023-05-11,shipped,3864.99
103460,1038,2024-03-01,completed,4111.04
103461,1003,2025-09-04,completed,5964.99
103462,1044,2023-04-15,refunded,1049.56
103463,1004,2024-02-07,completed,2807.25
103464,1036,2025-09-01,completed,1368.51
103465,1012,2024-03-16,pending,122.84
103466,1011,2023-01-20,pending,2468.31
103467,1020,2023-08-17,pending,3976.08
103468,1011,2024-02-03,refunded,1310.94
103469,1024,2025-07-23,completed,1534.5
103470,1005,2024-07-08,cancelled,4706.66
103471,1004,2025-11-04,shipped,132.67
103472,1040,2024-09-05,refunded,336.75
103473,1041,2024-11-29,cancelled,316.62
103474,1014,2024-09-24,pending,642.57
103475,1005,2024-01-09,completed,339.63
103476,1004,2025-11-09,pending,2901.78
103477,1022,2023-05-15,pending,1523.33
103478,1002,2023-07-13,completed,2586.71
103479,1036,2024-01-10,refunded,2811.68
103480,1037,2024-04-19,completed,5072.13
103481,1023,2024-10-17,shipped,437.46
103482,1013,2024-09-06,completed,5657.06
103483,1044,2023-11-13,completed,3512.99
103484,1034,2025-03-22,refunded,2491.11
103485,1044,2023-11-18,shipped,1219.31
103486,1023,2025-05-03,cancelled,5093.95
103487,1004,2024-06-22,refunded,923.46
103488,1033,2025-01-29,completed,3651.82
103489,1021,2024-12-25,completed,2579.29
103490,1010,2025-05-21,pending,1274.44
103491,1022,2023-01-12,pending,583.79
103492,1046,2025-04-17,cancelled,5520.47
103494,1023,2025-07-24,completed,164.98
103495,1037,2024-02-19,cancelled,2696.07
103496,1047,2024-08-26,completed,855.47
103497,1044,2025-02-22,shipped,2842.45
103498,1037,2024-02-13,shipped,9477.81
103499,1030,2024-07-15,completed,944.3
103500,1020,2024-10-28,pending,4595.43
103501,1026,2025-08-20,refunded,4077.52
103502,1039,2025-09-24,completed,2426.97
103503,1027,2025-02-07,completed,433.1
103504,1041,2024-12-02,shipped,4368.66
103505,1031,2024-08-05,pending,589.85
103506,1044,2023-06-01,refunded,316.13
103507,1033,2023-11-07,shipped,1804.05
103508,1009,2024-02-14,completed,1449.52
103509,1010,2024-11-02,shipped,3356.62
103510,1009,2024-06-17,shipped,1220.15
103511,1032,2023-02-14,refunded,3883.06
103512,1047,2024-10-04,refunded,3983.41
103513,1035,2024-03-15,completed,552.72
103514,1047,2025-08-01,completed,1470.04
103515,1040,2024-06-14,shipped,3510.66
103516,1032,2023-02-17,completed,3133.17
103517,1049,2025-05-25,refunded,617.35
103518,1007,2023-04-09,completed,5045.65
103519,1047,2025-11-15,completed,3591.3
103520,1006,2023-03-07,refunded,1378.96
103521,1042,2025-10-04,shipped,2309.8
103522,1021,2023-05-18,completed,1382.16
103523,1008,2023-08-19,completed,2905.93
103524,1010,2023-06-29,pending,1798.97
103525,1022,2024-01-26,completed,4370.81
103526,1041,2025-06-01,pending,1737.52
103527,1015,2023-11-08,completed,1603.3
103528,1003,2024-11-26,shipped,2591.79
103529,1025,2025-06-04,pending,2385.31
103530,1013,2023-01-14,refunded,2994.93
103531,1038,2023-01-18,completed,2832.95
103532,1038,2024-06-14,shipped,3988.21
103533,1008,2024-10-30,pending,677.8
103534,1023,2024-02-15,refunded,3040.29
103535,1019,2024-12-27,refunded,154.6
103536,1023,2024-01-22,completed,2298.02
103537,1030,2024-01-07,completed,1665.77
103538,1023,2023-03-22,completed,1608.78
103539,1044,2023-05-22,refunded,1226.94
103540,1016,2024-04-16,completed,344.9
103541,1001,2023-12-01,completed,3299.81
103542,1023,2024-03-20,completed,578.17
103544,1031,2025-06-19,refunded,4044.26
103545,1002,2023-02-22,refunded,1345.22
103546,1048,2024-03-03,completed,2013.85
103547,1036,2025-03-28,completed,4800.09
103548,1029,2023-09-13,completed,163.02
103549,1031,2025-11-23,completed,1211.15
103550,1005,2023-09-04,cancelled,2607.25
103551,1050,2024-10-10,completed,2722.95
103552,1006,2023-07-05,completed,1241.34
103554,1031,2025-11-07,pending,1600.91
103555,1050,2025-02-17,pending,2284.24
103556,1046,2023-07-24,completed,2474.1
103557,1001,2023-05-14,refunded,5615.93
103558,1018,2024-04-14,completed,4225.14
103559,1004,2025-03-09,completed,528.9
103560,1020,2024-07-16,cancelled,2992.0
103561,1033,2023-04-03,refunded,1349.28
103562,1032,2023-01-19,shipped,2363.84
103563,1022,2025-08-20,completed,1264.72
103564,1021,2024-03-05,cancelled,5796.85
103565,1034,2025-04-29,pending,512.21
103566,1033,2025-11-28,cancelled,1526.25
103567,1047,2024-01-07,completed,2920.32
103568,1005,2023-03-03,completed,5201.14
103569,1040,2025-02-03,shipped,7016.93
103570,1045,2023-02-22,completed,1177.2
103571,1021,2023-03-12,refunded,3072.66
103572,1026,2025-04-14,shipped,4230.03
103573,1034,2025-12-11,completed,1179.67
103574,1038,2024-12-15,completed,3989.08
103575,1031,2023-05-16,pending,2774.43
103576,1008,2025-04-30,pending,5513.26
103577,1043,2023-01-02,pending,1255.67
103578,1032,2024-06-10,completed,1407.76
103579,1013,2025-01-18,cancelled,4708.0
103580,1005,2025-09-05,cancelled,125.84
103581,1032,2024-02-06,completed,4679.24
103582,1038,2023-10-20,cancelled,538.24
103583,1019,2023-07-14,pending,889.8
103584,1039,2023-08-04,completed,4606.83
103585,1045,2024-09-08,cancelled,556.57
103586,1007,2025-11-30,shipped,3218.18
103587,1022,2024-06-30,completed,1002.71
103588,1016,2025-02-06,completed,4606.66
103589,1021,2023-03-12,refunded,2779.56
103590,1036,2023-04-09,completed,610.41
103591,1039,2023-03-11,completed,3735.79
103592,1010,2023-01-24,pending,3237.87
103593,1036,2024-12-05,cancelled,1917.93
103594,1002,2025-04-10,completed,4388.32
103595,1008,2024-06-22,pending,521.74
103596,1015,2024-07-26,refunded,2470.06
103597,1045,2024-11-21,completed,2225.89
103598,1023,2025-09-25,shipped,207.21
103599,1016,2023-07-17,refunded,1506.28
103600,1040,2025-11-29,completed,1650.85
103601,1015,2025-05-23,completed,363.72
103602,1030,2023-09-16,completed,3038.58
103603,1031,2023-08-16,shipped,3130.64
103604,1046,2023-09-16,completed,583.38
103605,1006,2023-06-19,completed,2984.12
103606,1036,2025-11-12,completed,1695.12
103607,1023,2024-03-30,completed,67.31
103608,1007,2024-12-25,shipped,1758.61
103609,1007,2025-12-22,completed,3038.97
103610,1008,2025-01-12,completed,863.36
103611,1034,2025-12-23,completed,177.94
103612,1014,2023-12-06,cancelled,20.72
103613,1022,2024-04-08,cancelled,2710.45
103614,1036,2025-05-18,completed,1200.38
103615,1042,2025-03-31,pending,4354.08
103616,1004,2025-05-12,pending,1291.0
103617,1024,2024-09-06,completed,3136.85
103618,1037,2024-09-30,cancelled,700.18
103619,1027,2023-05-17,refunded,1120.04
103620,1004,2023-10-22,refunded,4832.85
103621,1049,2024-05-11,refunded,1353.6
103622,1049,2025-05-08,shipped,1046.47
103623,1028,2024-12-18,completed,1476.74
103624,1032,2024-07-19,pending,1122.55
103625,1037,2023-11-07,pending,3018.73
103626,1022,2024-07-18,completed,1912.8
103627,1007,2023-08-29,completed,2980.36
103628,1038,2025-08-22,cancelled,3111.21
103629,1008,2023-09-13,cancelled,1851.54
103630,1028,2023-11-11,refunded,3705.06
103631,1041,2024-11-30,completed,303.28
103632,1031,2024-06-07,cancelled,1284.6
103633,1019,2023-12-11,cancelled,1888.56
103634,1022,2025-09-24,completed,1876.0
103635,1029,2023-07-31,cancelled,1699.5
103636,1039,2025-01-12,refunded,2332.91
103637,1018,2025-10-09,pending,784.83
103638,1023,2023-08-04,completed,6647.91
103639,1040,2024-07-18,cancelled,1449.87
103640,1016,2025-05-09,refunded,369.72
103641,1029,2024-12-31,completed,3120.5
103642,1039,2025-09-21,shipped,2732.35
103643,1016,2025-06-07,completed,588.0
103644,1009,2025-09-26,shipped,1301.93
103645,1012,2025-02-08,shipped,4842.4
103646,1026,2025-02-22,shipped,2760.02
103647,1010,2023-07-21,completed,1877.57
103648,1047,2024-05-03,shipped,2339.95
103649,1049,2025-05-13,cancelled,2894.8
103650,1015,2024-12-12,refunded,1834.18
103651,1010,2025-08-01,refunded,4517.48
103652,1014,2025-03-27,cancelled,593.44
103653,1037,2023-02-22,shipped,427.7
103654,1030,2024-11-04,completed,3757.49
103655,1020,2023-02-28,pending,3493.95
103656,1046,2024-06-03,refunded,3937.18
103657,1039,2024-12-22,completed,5981.54
103658,1044,2023-04-08,pending,1432.56
103659,1023,2024-06-22,refunded,2806.1
103660,1021,2024-10-21,pending,4270.1
103661,1005,2023-12-19,refunded,3396.46
103662,1013,2024-12-21,shipped,2153.9
103663,1044,2024-04-11,refunded,2573.37
103664,1014,2023-07-05,pending,2796.95
103665,1014,2025-10-15,completed,5836.95
103666,1040,2024-02-19,refunded,4154.09
103667,1045,2024-12-19,refunded,3271.78
103668,1022,2025-01-10,completed,4633.26
103669,1025,2024-10-23,completed,1917.59
103670,1006,2024-09-27,cancelled,1675.1
103671,1022,2024-08-29,shipped,4627.81
103672,1013,2025-03-26,cancelled,2043.05
103673,1029,2023-07-11,cancelled,343.38
103674,1040,2025-04-08,completed,3139.39
103675,1046,2025-12-27,pending,554.48
103676,1030,2025-02-27,refunded,2720.72
103677,1013,2024-08-24,shipped,486.6
103678,1038,2024-10-25,pending,1203.61
103679,1009,2024-05-18,completed,3075.13
103680,1025,2024-07-14,pending,4034.38
103681,1039,2024-03-24,completed,1871.26
103682,1033,2024-03-18,completed,165.58
103683,1013,2023-02-12,pending,2605.34
103684,1009,2025-04-28,shipped,433.84
103685,1050,2024-01-29,completed,2897.8
103686,1014,2025-03-29,shipped,578.88
103687,1021,2025-03-03,completed,1554.48
103688,1040,2025-01-15,pending,1656.27
103689,1044,2024-04-25,shipped,2545.23
103690,1044,2023-10-03,refunded,4821.02
103691,1008,2024-05-20,shipped,4097.69
103692,1019,2025-11-05,pending,1736.48
103693,1012,2023-08-03,completed,4137.09
103694,1003,2024-04-03,completed,3269.44
103695,1003,2023-04-19,shipped,3520.62
103696,1028,2025-06-12,completed,4071.54
103697,1009,2025-07-07,cancelled,4057.05
103698,1004,2024-12-12,refunded,1678.81
103699,1017,2023-05-11,completed,938.3
103700,1010,2024-07-19,completed,1658.61
103701,1019,2023-02-26,shipped,1403.91
103702,1049,2023-10-01,completed,2699.51
103703,1008,2024-09-26,cancelled,6350.31
103704,1038,2024-11-07,shipped,2265.05
103705,1050,2025-11-06,completed,1168.72
103706,1024,2024-10-06,shipped,1949.02
103707,1011,2025-01-03,completed,3523.18
103708,1013,2023-05-26,completed,297.48
103709,1020,2023-11-27,completed,1667.58
103710,1035,2024-01-03,completed,4466.04
103711,1020,2025-10-10,completed,4408.35
103712,1049,2023-07-12,shipped,157.52
103713,1050,2025-03-04,pending,59.85
103714,1045,2023-10-11,completed,1879.34
103715,1035,2024-12-28,cancelled,4974.26
103716,1005,2024-05-31,completed,798.0
103717,1036,2025-04-02,completed,3942.76
103719,1045,2023-06-17,pending,992.94
103720,1040,2025-12-08,completed,1320.48
103721,1009,2023-05-05,completed,3652.72
103722,1034,2023-07-15,completed,230.64
103723,1024,2025-12-19,completed,1723.16
103724,1025,2024-09-19,refunded,1011.11
103725,1028,2025-02-06,completed,2089.66
103726,1035,2025-10-17,shipped,3248.57
103727,1030,2024-12-08,refunded,1343.68
103728,1012,2023-11-13,completed,2218.88
103729,1019,2025-06-21,refunded,2556.09
103730,1006,2023-12-30,completed,2271.89
103731,1025,2025-06-30,shipped,3394.79
103732,1043,2023-09-04,completed,3431.06
103733,1011,2024-01-05,shipped,2605.1
103734,1005,2023-07-24,completed,1157.58
103735,1003,2024-11-21,cancelled,1948.36
103736,1002,2025-03-07,completed,4870.97
103737,1045,2023-05-15,completed,363.84
103738,1005,2024-05-05,completed,1806.63
103740,1046,2023-03-27,completed,2944.72
103741,1016,2025-09-10,cancelled,819.65
103742,1007,2023-07-22,completed,89.8
103743,1007,2024-10-18,shipped,1492.4
103744,1007,2025-12-25,pending,1819.26
103745,1042,2024-02-16,completed,4366.81
103746,1042,2024-02-10,cancelled,1682.08
103747,1048,2025-06-10,completed,2965.48
103748,1030,2025-10-03,completed,3283.92
103750,1043,2025-03-07,pending,2358.58
103751,1023,2024-08-11,cancelled,1448.18
103752,1026,2025-12-16,completed,2680.9
103753,1011,2024-09-20,cancelled,581.52
103755,1015,2023-12-22,completed,7028.5
103756,1025,2025-12-30,completed,1125.23
103757,1036,2025-02-27,completed,3340.0
103758,1017,2023-04-18,refunded,4161.77
103759,1007,2025-11-07,refunded,1648.37
103760,1017,2025-01-29,cancelled,3206.16
103762,1030,2024-03-15,pending,8832.48
103763,1019,2024-03-29,completed,199.88
103764,1005,2024-02-21,completed,2487.28
103765,1026,2023-02-01,pending,2757.06
103766,1042,2023-08-27,completed,3290.0
103767,1035,2024-11-08,pending,2843.58
103768,1049,2025-01-31,completed,5901.49
103769,1013,2024-05-19,cancelled,1728.35
103770,1017,2025-05-15,shipped,1576.18
103771,1037,2024-09-26,cancelled,3160.8
103772,1050,2024-07-12,cancelled,3223.31
103773,1048,2025-04-27,completed,3382.6
103774,1023,2024-01-24,pending,725.49
103775,1014,2023-01-22,cancelled,31.2
103776,1032,2025-07-08,cancelled,1997.57
103777,1014,2023-05-25,completed,5093.59
103778,1028,2025-09-27,completed,3527.22
103779,1021,2023-12-09,completed,3966.72
103781,1042,2025-03-26,shipped,6207.05
103782,1030,2024-06-19,refunded,4548.15
103783,1029,2024-02-18,shipped,1156.1
103784,1032,2024-02-16,shipped,1117.04
103785,1004,2025-08-18,completed,416.3
103786,1048,2023-03-19,completed,2361.75
103787,1039,2023-05-19,pending,1308.15
103788,1021,2025-06-16,completed,2709.46
103789,1016,2023-03-26,shipped,1351.43
103791,1023,2024-01-23,completed,20.62
103792,1010,2023-03-31,completed,1816.83
103793,1040,2024-11-30,completed,1852.8
103794,1015,2024-02-15,completed,2129.16
103795,1042,2023-11-10,shipped,4089.04
103796,1014,2024-01-12,completed,4037.51
103797,1025,2025-06-17,refunded,4077.08
103798,1012,2024-05-18,shipped,2568.63
103800,1033,2023-11-26,shipped,2774.76
103801,1031,2023-04-27,cancelled,1306.79
103802,1008,2025-11-26,completed,2847.0
103803,1020,2023-12-14,completed,125.1
103804,1030,2023-10-21,cancelled,1987.31
103805,1024,2025-02-19,shipped,4088.01
103806,1023,2025-03-04,shipped,4700.92
103807,1022,2024-04-04,cancelled,4118.3
103808,1025,2023-06-01,cancelled,3556.93
103809,1010,2025-09-02,cancelled,3261.2
103810,1002,2025-03-03,cancelled,2889.37
103811,1013,2025-10-01,completed,3325.47
103812,1004,2025-07-20,completed,523.26
103813,1038,2025-01-07,completed,118.23
103814,1048,2023-12-24,completed,1075.02
103815,1021,2025-01-23,completed,1999.03
103816,1033,2024-09-06,completed,5838.25
103817,1049,2024-04-09,completed,504.24
103818,1037,2024-12-23,pending,1136.7
103819,1003,2025-05-05,cancelled,2800.79
103820,1003,2025-03-06,completed,2950.6
103821,1032,2025-03-27,cancelled,1989.4
103822,1037,2024-05-18,cancelled,693.49
103823,1020,2024-02-03,cancelled,890.24
103824,1003,2025-01-14,shipped,2662.46
103825,1047,2025-04-16,cancelled,1393.48
103826,1033,2025-03-15,pending,1908.25
103827,1043,2025-07-15,refunded,4708.43
103828,1027,2025-04-24,completed,4410.1
103829,1016,2023-11-17,pending,2064.7
103830,1035,2025-06-03,pending,824.93
103831,1048,2024-02-27,shipped,924.09
103832,1021,2024-07-13,cancelled,2332.49
103833,1015,2023-11-16,pending,4826.49
103834,1033,2024-02-10,pending,2666.43
103835,1021,2024-05-18,completed,3244.62
103836,1044,2025-09-23,shipped,2019.44
103837,1021,2025-12-22,cancelled,1889.34
103838,1028,2023-07-18,completed,893.57
103839,1045,2023-04-19,refunded,1802.21
103840,1036,2024-12-31,cancelled,7454.3
103841,1043,2024-03-12,refunded,2902.8
103842,1011,2024-10-08,refunded,2817.45
103843,1019,2024-11-24,completed,5544.22
103844,1009,2023-07-27,completed,1496.1
103845,1034,2023-11-08,pending,3014.53
103846,1034,2025-04-19,shipped,5334.94
103847,1018,2025-08-19,completed,476.12
103848,1031,2024-05-25,cancelled,633.74
103849,1030,2025-06-30,refunded,1927.56
103851,1004,2025-02-19,pending,2056.79
103852,1011,2023-02-10,cancelled,3764.86
103853,1002,2025-01-12,shipped,383.9
103854,1025,2025-07-05,pending,557.8
103855,1045,2024-12-05,completed,3824.94
103856,1035,2023-05-22,completed,3269.68
103857,1033,2025-03-17,completed,2677.24
103858,1014,2024-02-08,completed,3032.26
103859,1046,2023-06-20,shipped,2876.5
103860,1025,2025-10-10,shipped,3464.6
103861,1034,2025-05-05,completed,2341.5
103862,1006,2024-01-29,completed,1786.0
103863,1005,2023-02-18,completed,288.12
103864,1015,2023-04-17,completed,2133.58
103865,1002,2024-06-22,pending,1589.64
103866,1021,2024-07-12,refunded,1604.27
103867,1045,2023-06-14,shipped,1235.74
103868,1021,2023-01-22,shipped,6340.16
103869,1036,2025-02-18,pending,3125.3
103870,1018,2023-03-15,cancelled,894.84
103871,1045,2025-02-07,completed,106.2
103872,1050,2025-05-19,cancelled,5145.85
103873,1020,2024-12-10,completed,492.62
103874,1042,2025-09-28,completed,1439.63
103875,1016,2025-07-10,completed,2056.32
103876,1006,2024-10-14,completed,1851.8
103877,1022,2023-09-21,completed,994.41
103878,1047,2023-12-29,completed,1509.94
103879,1023,2024-04-30,completed,1710.49
103880,1020,2023-01-20,completed,231.16
103881,1013,2024-11-29,completed,2870.38
103883,1014,2025-08-01,refunded,4447.57
103884,1013,2023-08-05,completed,1914.32
103885,1036,2023-10-12,cancelled,1440.08
103886,1029,2024-01-16,cancelled,2653.41
103887,1001,2023-01-08,refunded,2157.35
103888,1027,2024-03-06,cancelled,203.1
103889,1014,2024-10-18,shipped,1420.02
103890,1019,2024-02-09,pending,2024.82
103891,1004,2024-01-17,completed,1574.1
103892,1002,2023-05-06,completed,3512.49
103893,1035,2023-06-12,completed,2789.75
103894,1018,2024-01-23,completed,2017.68
103895,1036,2023-06-05,completed,4541.17
103896,1034,2024-04-11,pending,2556.4
103897,1012,2024-08-30,pending,1045.95
103898,1037,2024-08-07,pending,423.26
103899,1021,2024-12-07,completed,4082.75
103900,1042,2024-05-30,refunded,1013.08
103901,1028,2023-05-07,pending,1287.11
103902,1013,2023-05-04,refunded,1753.55
103903,1017,2023-06-13,refunded,4937.95
103904,1024,2025-07-02,cancelled,2280.9
103905,1011,2024-10-14,refunded,2688.27
103906,1018,2025-01-10,cancelled,2790.74
103907,1010,2023-05-15,completed,2576.06
103908,1002,2024-10-15,completed,3890.6
103909,1047,2025-09-10,pending,2168.01
103910,1044,2025-09-28,shipped,1272.78
103911,1038,2024-01-25,shipped,3830.17
103912,1050,2024-12-23,pending,2664.76
103913,1049,2024-10-26,pending,2001.86
103914,1002,2025-08-09,completed,1304.0
103915,1050,2025-02-28,completed,2237.94
103916,1048,2024-10-10,refunded,4691.67
103917,1047,2025-03-29,completed,850.14
103919,1033,2023-12-20,shipped,779.55
103920,1030,2024-03-20,completed,2297.5
103921,1041,2023-11-03,completed,2299.28
103922,1049,2025-10-15,completed,2189.96
103923,1038,2024-07-22,completed,4654.96
103924,1001,2025-10-19,pending,1583.43
103925,1005,2023-11-24,cancelled,1653.15
103926,1028,2023-08-06,completed,4226.46
103927,1033,2024-08-15,completed,4518.11
103928,1037,2025-10-09,pending,4012.58
103929,1014,2024-09-22,completed,682.1
103930,1017,2024-09-28,shipped,5011.63
103931,1012,2023-09-07,completed,1368.31
103932,1020,2024-11-29,completed,2947.82
103933,1047,2023-09-20,shipped,1500.47
103934,1025,2023-05-10,pending,2027.73
103935,1037,2024-05-19,completed,3037.42
103936,1014,2024-10-02,pending,1417.11
103937,1010,2024-11-28,refunded,424.23
103938,1032,2024-02-03,completed,579.69
103939,1019,2024-04-13,shipped,1073.73
103940,1005,2024-05-25,shipped,4589.62
103941,1044,2023-02-09,shipped,1671.04
103942,1022,2025-02-25,completed,1592.52
103943,1007,2023-06-16,pending,2566.44
103944,1028,2024-06-28,pending,3839.93
103945,1023,2024-01-31,completed,591.62
103946,1023,2025-01-15,completed,4286.14
103947,1014,2024-04-02,completed,3808.02
103948,1009,2025-09-15,completed,266.8
103949,1005,2024-10-17,completed,705.42
103950,1015,2024-02-14,completed,3533.36
103951,1042,2023-09-04,cancelled,775.8
103952,1007,2024-02-04,refunded,1015.61
103953,1048,2024-05-23,pending,82.89
103955,1043,2023-01-23,completed,2821.05
103956,1025,2024-08-29,completed,1779.48
103957,1029,2025-05-13,completed,2554.35
103958,1002,2023-10-30,cancelled,856.8
103959,1012,2023-11-18,pending,1017.68
103960,1041,2023-08-09,pending,3568.93
103961,1042,2025-07-17,completed,978.57
103962,1025,2024-10-23,completed,197.66
103963,1009,2024-10-30,pending,303.76
103964,1020,2024-10-07,pending,4278.7
103965,1015,2025-06-08,completed,1002.81
103966,1013,2024-10-30,refunded,2862.54
103968,1044,2024-08-02,shipped,1290.27
103969,1006,2023-03-22,completed,2901.49
103970,1005,2023-09-28,completed,1140.98
103971,1033,2023-10-14,completed,3286.02
103972,1029,2024-04-26,refunded,2385.44
103973,1045,2025-01-01,completed,3668.75
103974,1005,2023-05-23,pending,4173.79
103975,1050,2025-12-10,cancelled,3419.52
103976,1009,2023-11-14,refunded,5670.77
103978,1002,2024-02-29,completed,3758.21
103980,1038,2024-06-18,completed,2548.85
103981,1027,2023-02-19,cancelled,353.01
103982,1004,2024-04-06,completed,3090.74
103983,1033,2024-04-21,refunded,1595.45
103984,1044,2024-10-16,pending,2474.1
103985,1025,2025-03-21,shipped,1038.99
103986,1025,2025-10-05,cancelled,3870.09
103987,1009,2025-04-29,completed,4647.68
103988,1037,2023-03-15,completed,2634.19
103989,1046,2023-01-15,cancelled,4872.89
103990,1006,2025-01-23,refunded,2194.41
103991,1033,2024-03-11,shipped,4414.48
103992,1041,2024-07-30,shipped,3152.77
103993,1034,2025-03-06,refunded,1252.24
103994,1045,2024-06-08,completed,276.64
103995,1049,2024-06-17,completed,2757.92
103996,1025,2025-07-13,pending,65.64
103997,1023,2025-11-14,pending,3865.63
103998,1026,2023-08-19,pending,1336.0
103999,1036,2024-02-26,refunded,4876.45
104000,1018,2024-09-03,cancelled,1005.27
104001,1047,2024-09-13,pending,1899.2
104002,1010,2024-04-15,refunded,1671.6
104003,1025,2025-11-12,completed,382.8
104004,1045,2024-01-06,completed,5403.08
104005,1020,2025-03-06,completed,4703.83
104006,1012,2025-03-11,refunded,2103.49
104007,1004,2025-10-03,shipped,3650.3
104008,1028,2024-05-23,shipped,3237.1
104009,1025,2023-01-01,shipped,4844.6
104010,1041,2023-01-23,completed,1037.92
104011,1020,2025-02-20,shipped,2315.85
104012,1027,2023-07-19,completed,1724.46
104013,1001,2024-01-26,cancelled,136.82
104014,1041,2023-06-05,pending,2013.18
104015,1023,2024-09-01,completed,2689.32
104016,1033,2024-09-10,completed,1065.85
104017,1031,2024-02-24,cancelled,3566.13
104018,1004,2023-03-04,completed,2153.35
104019,1020,2023-06-26,completed,1794.85
104020,1041,2024-07-13,completed,194.18
104021,1028,2025-09-09,cancelled,5204.42
104022,1028,2024-03-17,pending,1821.54
104023,1026,2023-03-03,pending,2034.2
104024,1050,2025-08-11,completed,3405.03
104025,1016,2023-04-01,completed,4361.86
104026,1019,2024-07-29,completed,2530.35
104027,1041,2024-02-20,completed,3628.04
104028,1039,2024-01-21,cancelled,3887.74
104029,1015,2023-01-04,completed,6401.79
104030,1009,2025-06-10,cancelled,1266.38
104031,1019,2024-04-19,refunded,1775.97
104032,1047,2024-08-09,completed,4864.84
104033,1004,2025-07-23,shipped,2804.16
104034,1020,2025-01-30,shipped,3170.76
104035,1021,2024-10-18,cancelled,4478.45
104036,1011,2023-12-23,pending,4990.1
104037,1023,2024-12-12,completed,5875.83
104038,1017,2025-10-09,shipped,1849.04
104039,1029,2025-06-03,shipped,7729.86
104040,1045,2023-10-09,completed,2405.11
104041,1022,2025-07-12,shipped,3527.82
104042,1026,2023-12-03,completed,863.52
104043,1012,2023-10-25,completed,8612.98
104044,1010,2023-11-23,completed,2326.38
104045,1018,2024-02-26,pending,2939.5
104046,1031,2025-05-08,shipped,1416.18
104047,1030,2025-11-30,shipped,7638.76
104048,1016,2027-02-14,completed,4776.33
104049,1005,2024-11-16,completed,1897.63
104050,1009,2025-02-03,pending,1531.2
104051,1038,2025-03-15,shipped,293.45
104052,1018,2025-04-15,refunded,527.26
104053,1014,2024-04-07,cancelled,1983.09
104054,1019,2024-01-21,completed,167.2
104055,1030,2025-10-30,pending,6594.97
104056,1018,2023-05-28,completed,1319.67
104057,1043,2025-04-11,refunded,1486.03
104058,1036,2023-07-17,completed,1592.03
104059,1031,2024-08-28,completed,1679.24
104060,1028,2023-05-27,completed,5189.74
104061,1001,2023-09-01,completed,2910.15
104062,1018,2023-01-22,shipped,277.8
104063,1047,2025-03-05,completed,2426.14
104064,1014,2025-09-06,shipped,37.86
104065,1026,2025-10-03,pending,1341.34
104066,1040,2023-03-05,cancelled,683.65
104067,1022,2025-02-24,shipped,3675.8
104068,1018,2025-05-15,shipped,4346.44
104069,1017,2024-12-19,pending,5053.7
104070,1026,2025-02-17,pending,3046.84
104071,1004,2023-06-27,completed,2135.97
104072,1039,2023-06-19,cancelled,2071.67
104073,1003,2023-07-12,pending,2105.55
104074,1012,2024-05-09,pending,3220.27
104076,1009,2024-09-26,refunded,964.27
104077,1037,2025-07-13,shipped,2774.27
104078,1017,2023-01-22,completed,434.34
104079,1006,2023-02-27,pending,248.87
104080,1003,2024-01-07,completed,4655.79
104081,1008,2025-03-05,cancelled,1779.8
104082,1011,2024-06-02,completed,3986.75
104083,1035,2025-10-02,pending,5367.16
104085,1026,2023-11-30,completed,1593.27
104086,1031,2025-05-23,cancelled,1981.99
104087,1036,2023-06-07,pending,3508.2
104088,1048,2023-01-12,refunded,596.25
104089,1023,2023-12-28,pending,488.2
104090,1038,2024-01-10,completed,2016.16
104091,1038,2025-10-07,cancelled,906.03
104092,1030,2023-08-26,completed,847.83
104093,1002,2023-02-18,pending,9516.26
104094,1025,2025-05-30,cancelled,3953.12
104095,1014,2025-01-24,shipped,2354.36
104096,1026,2025-08-28,completed,3112.87
104097,1028,2025-05-14,completed,3359.38
104098,1004,2025-01-02,pending,7906.54
104099,1032,2024-05-13,completed,4680.52
104100,1010,2023-06-26,completed,1446.59
104101,1016,2025-07-02,shipped,8156.58
104102,1004,2024-06-22,completed,3326.82
104103,1011,2024-01-15,pending,4585.14
104104,1038,2023-03-23,completed,7032.44
104105,1021,2023-09-30,cancelled,4301.22
104106,1027,2025-01-31,shipped,1837.18
104107,1007,2023-08-19,cancelled,382.88
104108,1024,2025-12-22,completed,2531.62
104109,1044,2023-10-08,completed,3155.79
104110,1036,2024-03-13,cancelled,2285.44
104111,1037,2025-09-07,completed,1106.52
104112,1033,2023-05-26,cancelled,660.16
104113,1033,2025-11-10,refunded,2664.16
104114,1006,2025-09-05,completed,2400.78
104115,1014,2024-05-20,refunded,607.67
104116,1038,2025-01-10,refunded,1021.14
104117,1022,2023-05-03,pending,3560.28
104118,1023,2024-10-18,pending,2759.4
104119,1049,2025-02-04,pending,2572.92
104120,1021,2024-04-05,completed,1864.04
104121,1050,2025-11-09,cancelled,3417.48
104122,1039,2023-11-19,shipped,1408.06
104123,1023,2025-10-15,completed,3475.77
104124,1050,2023-03-05,completed,3173.29
104125,1023,2023-10-26,cancelled,4532.56
104126,1049,2024-07-22,completed,928.2
104127,1043,2024-11-30,refunded,766.12
104128,1043,2024-10-31,refunded,2288.87
104129,1005,2025-11-13,pending,4274.17
104130,1004,2023-10-09,completed,96.02
104131,1045,2025-09-29,shipped,2281.5
104132,1040,2023-05-09,cancelled,6466.3
104133,1042,2024-07-09,shipped,446.44
104134,1044,2024-10-03,completed,1752.02
104135,1043,2024-12-14,completed,2353.35
104136,1017,2025-11-26,pending,2826.94
104139,1016,2025-05-18,cancelled,7030.38
104140,1023,2023-10-13,cancelled,1888.03
104141,1019,2025-01-10,shipped,368.48
104142,1003,2024-02-23,shipped,2289.53
104143,1020,2023-08-29,cancelled,2419.68
104144,1037,2024-05-20,shipped,633.75
104145,1035,2024-11-21,cancelled,1615.21
104146,1039,2025-02-06,pending,4174.84
104147,1010,2024-07-08,pending,1081.57
104149,1040,2023-10-27,shipped,4334.26
104150,1048,2023-09-12,refunded,3306.2
104151,1024,2025-03-16,completed,1407.16
104152,1005,2024-06-05,pending,732.32
104153,1006,2024-07-21,shipped,5937.58
104154,1027,2024-06-28,pending,3305.58
104155,1012,2025-09-29,completed,1338.4
104156,1044,2025-03-03,completed,1836.14
104157,1047,2023-09-09,refunded,2248.65
104158,1026,2023-04-22,refunded,3612.66
104159,1009,2023-08-09,shipped,7781.26
104160,1021,2023-07-16,cancelled,4008.77
104161,1016,2023-03-23,shipped,1652.3
104162,1045,2023-08-17,shipped,5767.36
104163,1001,2024-08-05,completed,7223.47
104164,1009,2024-06-30,completed,2491.95
104165,1025,2023-11-07,shipped,2133.32
104166,1034,2024-03-26,refunded,3143.18
104167,1037,2025-02-23,shipped,24.42
104168,1029,2023-11-25,shipped,3735.09
104169,1005,2024-07-06,completed,3354.57
104170,1038,2025-04-12,completed,659.37
104172,1035,2023-12-06,completed,3600.29
104173,1039,2023-01-07,cancelled,1275.84
104174,1002,2025-03-02,completed,1248.55
104175,1050,2023-06-17,cancelled,3166.23
104176,1021,2023-11-04,pending,5010.43
104177,1025,2025-02-17,shipped,3616.77
104178,1017,2024-02-25,pending,5737.14
104179,1045,2025-12-09,completed,2240.72
104180,1013,2025-11-05,pending,1999.82
104181,1047,2024-02-25,completed,3861.9
104182,1034,2025-02-12,refunded,4726.59
104184,1044,2024-03-22,completed,2919.79
104185,1019,2024-05-24,completed,3490.36
104186,1012,2025-02-16,pending,4640.54
104187,1015,2024-05-14,cancelled,5096.29
104188,1048,2023-02-14,shipped,4799.91
104189,1025,2025-02-19,pending,1558.9
104190,1001,2025-07-01,completed,1206.49
104191,1038,2024-12-14,completed,1489.04
104192,1004,2024-06-16,completed,2560.37
104193,1012,2025-11-25,shipped,1231.56
104194,1048,2023-03-16,completed,4979.4
104195,1029,2024-04-13,cancelled,4049.13
104196,1013,2023-07-09,cancelled,4874.27
104197,1029,2024-05-27,shipped,4589.86
104198,1033,2025-07-16,completed,1431.3
104199,1041,2025-06-11,refunded,1312.2
104200,1050,2024-04-14,completed,290.04
104201,1038,2023-05-17,refunded,4026.78
104202,1010,2023-04-17,cancelled,2004.21
104203,1042,2023-12-27,shipped,606.28
104204,1034,2025-05-16,completed,2641.65
104205,1012,2024-02-05,cancelled,1971.67
104206,1041,2023-07-27,refunded,2548.83
104207,1031,2025-12-29,refunded,717.39
104208,1020,2025-01-25,completed,2237.71
104209,1039,2024-01-18,refunded,1058.61
104210,1023,2023-12-18,completed,4592.84
104211,1006,2023-02-12,shipped,344.28
104212,1032,2025-03-17,completed,2810.72
104213,1032,2023-11-16,completed,54.5
104214,1010,2025-01-22,refunded,2213.97
104215,1003,2024-05-18,completed,1928.65
104216,1034,2024-05-23,cancelled,417.4
104217,1028,2023-03-28,pending,86.02
104218,1003,2024-08-11,shipped,477.36
104219,1009,2025-03-19,shipped,2409.42
104220,1003,2025-12-11,cancelled,2445.67
104221,1012,2024-12-25,shipped,659.31
104222,1022,2025-04-09,completed,4612.12
104223,1034,2025-04-14,shipped,1218.61
104224,1026,2023-09-16,completed,3206.92
104225,1043,2025-01-22,completed,311.26
104226,1048,2025-04-24,pending,2669.45
104227,1044,2023-02-18,pending,4062.89
104228,1037,2023-02-02,pending,1252.96
104229,1002,2023-10-29,refunded,2875.99
104230,1015,2023-10-14,refunded,3488.47
104231,1033,2024-05-15,completed,2904.17
104232,1040,2025-06-18,pending,6003.75
104233,1047,2025-08-10,completed,4777.53
104234,1027,2025-05-01,completed,1956.73
104235,1042,2023-07-27,completed,2256.69
104236,1048,2025-08-10,cancelled,2236.05
104237,1012,2023-06-09,completed,569.36
104238,1009,2025-11-15,pending,350.84
104239,1028,2025-09-08,completed,3370.46
104240,1006,2024-09-27,completed,1014.33
104241,1033,2023-07-27,cancelled,590.76
104242,1027,2024-07-06,completed,4548.22
104243,1047,2025-12-03,completed,931.66
104244,1013,2024-11-15,pending,4139.21
104245,1042,2024-10-30,completed,2884.02
104246,1011,2025-11-24,completed,4285.63
104247,1001,2025-09-25,refunded,589.88
104248,1028,2025-11-02,completed,206.82
104249,1045,2025-02-12,cancelled,1237.22
104250,1033,2024-07-01,completed,3006.84
104251,1029,2024-02-07,shipped,3000.42
104252,1038,2025-03-18,completed,2118.62
104253,1032,2023-01-25,completed,2987.64
104254,1050,2024-02-01,refunded,3978.46
104255,1001,2023-11-07,shipped,125.19
104256,1024,2024-03-07,completed,1939.44
104257,1040,2023-03-18,cancelled,3517.34
104258,1038,2023-05-16,pending,1572.2
104259,1017,2023-12-06,pending,3411.08
104260,1045,2025-07-30,shipped,3156.29
104261,1004,2025-02-01,completed,425.92
104262,1014,2024-11-08,cancelled,1988.61
104263,1016,2023-11-15,cancelled,4436.3
104264,1017,2025-12-01,completed,3838.67
104265,1038,2024-05-17,refunded,2163.75
104266,1041,2025-09-16,completed,2984.75
104267,1005,2024-09-07,cancelled,4976.97
104268,1011,2023-04-16,completed,2055.11
104269,1030,2024-06-11,refunded,1860.57
104270,1038,2024-04-02,completed,789.45
104271,1030,2023-11-10,cancelled,3987.1
104272,1050,2025-01-13,cancelled,3682.99
104273,1043,2024-11-09,completed,2520.58
104274,1016,2025-09-12,completed,3358.95
104275,1001,2023-04-27,pending,4294.14
104276,1050,2023-11-12,pending,2912.27
104277,1047,2024-11-14,completed,2895.73
104278,1005,2025-09-23,pending,1680.5
104279,1001,2025-04-10,refunded,1889.79
104280,1013,2024-05-13,refunded,1431.68
104281,1012,2023-11-23,completed,113.62
104282,1030,2023-06-19,completed,420.21
104283,1033,2023-01-18,shipped,2194.31
104284,1018,2023-07-09,cancelled,781.66
104285,1024,2023-04-16,pending,3557.22
104286,1042,2023-10-01,refunded,2597.3
104287,1016,2025-01-01,shipped,727.65
104288,1043,2023-12-05,completed,727.21
104289,1026,2023-06-18,shipped,2959.57
104290,1034,2026-08-15,pending,2700.28
104291,1030,2025-10-01,completed,2212.92
104292,1028,2025-12-13,refunded,48.99
104293,1028,2023-10-11,pending,3511.27
104295,1034,2024-06-16,cancelled,2793.39
104296,1030,2025-11-20,pending,6226.95
104297,1026,2024-08-04,pending,1964.51
104298,1018,2023-11-30,pending,3293.76
104299,1006,2025-01-04,completed,754.65
104300,1050,2025-04-01,refunded,2324.28
104301,1016,2024-09-25,completed,5084.08
104302,1033,2025-08-02,cancelled,9470.02
104303,1027,2023-06-12,shipped,2461.75
104304,1030,2023-10-30,pending,1772.32
104305,1042,2023-05-31,refunded,221.62
104306,1011,2024-10-17,completed,232.3
104307,1050,2025-06-10,completed,5456.84
104308,1019,2024-09-11,completed,5257.36
104309,1047,2023-03-11,completed,3960.28
104310,1028,2024-12-07,completed,6341.15
104311,1048,2024-05-31,completed,3707.51
104312,1016,2025-08-07,pending,2614.67
104313,1002,2024-10-24,completed,429.75
104314,1016,2025-05-14,completed,2021.58
104315,1024,2024-01-12,refunded,4568.17
104316,1050,2024-05-28,completed,2766.42
104317,1033,2024-11-16,completed,1606.26
104318,1006,2024-05-06,shipped,268.84
104319,1036,2024-07-23,cancelled,855.72
104320,1023,2023-03-20,completed,3105.57
104321,1013,2024-12-03,completed,2996.62
104322,1004,2023-08-03,refunded,1669.5
104323,1036,2025-10-23,completed,1118.78
104324,1041,2025-10-31,shipped,1623.88
104325,1011,2025-12-18,shipped,2076.41
104326,1001,2024-02-07,refunded,4025.76
104327,1003,2023-03-22,cancelled,355.25
104328,1008,2024-08-17,refunded,3429.53
104329,1045,2024-08-05,completed,3334.94
104330,1004,2023-05-09,refunded,5038.09
104331,1012,2025-08-07,shipped,3136.86
104332,1011,2024-10-07,completed,2942.71
104333,1015,2024-09-06,refunded,52.8
104334,1016,2024-04-14,shipped,5551.96
104335,1024,2024-06-27,shipped,3100.58
104336,1002,2024-03-30,completed,3882.38
104337,1027,2025-05-30,completed,4725.65
104338,1008,2024-07-14,refunded,754.95
104339,1025,2025-05-03,shipped,1688.72
104340,1023,2024-09-19,shipped,7107.91
104341,1011,2025-10-14,completed,490.64
104342,1023,2024-08-11,completed,3247.6
104343,1009,2025-03-07,cancelled,1556.99
104344,1024,2024-02-15,cancelled,2503.71
104345,1015,2024-11-04,completed,4548.94
104346,1030,2023-02-12,completed,20.04
104347,1034,2024-06-12,cancelled,1767.17
104348,1050,2024-06-10,completed,1514.48
104349,1020,2024-02-22,completed,1908.64
104350,1043,2024-08-14,shipped,1972.57
104351,1028,2023-05-21,completed,4020.78
104352,1039,2023-01-07,completed,2611.29
104353,1035,2024-07-07,completed,4507.42
104354,1031,2024-11-22,shipped,3745.78
104355,1003,2025-12-30,shipped,5048.04
104356,1029,2024-07-23,completed,3017.75
104357,1035,2024-12-24,pending,3780.64
104358,1020,2024-05-27,completed,2152.91
104359,1028,2023-06-26,completed,3154.61
104360,1007,2023-11-25,refunded,619.59
104361,1004,2024-02-02,refunded,3825.23
104362,1045,2023-03-03,refunded,1833.77
104363,1030,2025-06-04,refunded,2151.12
104364,1037,2025-04-04,completed,1205.16
104365,1023,2025-09-17,shipped,4527.62
104366,1021,2023-05-18,completed,263.23
104367,1009,2025-10-09,refunded,2548.38
104368,1015,2024-10-21,completed,1100.1
104369,1026,2023-03-27,pending,1368.45
104371,1025,2024-12-28,cancelled,7283.73
104372,1050,2024-11-24,cancelled,4844.32
104373,1003,2024-10-07,completed,5165.01
104374,1012,2023-07-16,shipped,5491.11
104375,1011,2023-08-27,completed,5274.17
104376,1031,2024-11-28,shipped,834.6
104377,1039,2024-10-11,completed,513.36
104378,1042,2025-05-21,completed,934.44
104379,1043,2023-04-23,cancelled,1822.2
104380,1018,2023-10-08,completed,1780.74
104381,1041,2023-11-10,completed,3645.76
104382,1007,2023-06-02,completed,2397.87
104383,1021,2024-09-23,completed,894.44
104384,1042,2023-02-23,completed,184.6
104385,1032,2023-07-10,shipped,2620.74
104386,1047,2023-07-25,completed,4173.3
104387,1023,2024-06-25,completed,8237.79
104388,1035,2023-09-11,shipped,2309.9
104389,1038,2023-06-11,completed,350.83
104390,1019,2023-06-13,shipped,4723.23
104391,1009,2024-08-31,cancelled,1618.73
104392,1022,2025-04-06,completed,7252.63
104393,1029,2025-05-10,cancelled,4625.13
104394,1032,2023-04-17,completed,1244.74
104395,1030,2023-01-09,pending,2122.81
104396,1049,2025-01-09,shipped,1908.94
104397,1011,2023-11-22,shipped,3886.42
104398,1029,2024-05-22,completed,2506.55
104399,1014,2023-08-01,refunded,1896.18
104400,1020,2024-03-23,cancelled,1526.63
104401,1039,2025-11-09,pending,2112.11
104402,1041,2025-12-07,shipped,2660.14
104403,1005,2024-01-20,shipped,2878.61
104404,1037,2025-05-30,shipped,1493.46
104405,1007,2024-01-30,completed,1953.9
104406,1011,2025-04-08,pending,3777.39
104407,1041,2024-08-12,completed,4768.13
104408,1019,2023-09-13,pending,1277.78
104409,1024,2025-10-16,completed,585.81
104410,1021,2024-01-27,completed,921.34
104411,1015,2024-01-13,shipped,1267.39
104412,1032,2024-05-24,cancelled,481.64
104413,1021,2024-05-26,completed,3557.4
104414,1032,2025-03-19,completed,1298.52
104415,1010,2023-08-19,completed,950.15
104416,1018,2023-08-15,completed,3065.98
104417,1037,2024-11-30,pending,314.72
104418,1047,2023-09-10,completed,521.76
104419,1016,2025-02-14,shipped,1755.79
104420,1016,2025-06-27,completed,5902.7
104421,1037,2023-10-26,pending,3968.35
104422,1005,2024-05-12,pending,1772.96
104423,1027,2025-06-14,completed,765.47
104424,1034,2027-01-01,completed,1371.46
104425,1021,2023-05-03,pending,2575.57
104426,1050,2024-02-22,completed,6737.86
104427,1042,2023-10-16,completed,2196.77
104428,1004,2023-01-29,refunded,1275.5
104429,1011,2023-05-14,pending,1239.28
104430,1002,2024-04-04,completed,1961.42
104431,1004,2024-07-18,pending,3731.44
104432,1038,2025-09-10,pending,4671.87
104433,1023,2023-02-05,completed,1152.57
104434,1038,2025-02-26,shipped,6594.44
104435,1031,2023-10-24,completed,4043.17
104436,1040,2025-12-05,cancelled,4448.65
104437,1043,2025-11-23,cancelled,5429.28
104438,1010,2023-05-09,completed,1156.58
104439,1040,2024-08-02,refunded,4338.73
104440,1035,2025-12-21,cancelled,1607.99
104441,1024,2025-12-18,completed,372.24
104442,1023,2024-11-01,cancelled,1493.27
104443,1010,2025-05-09,completed,92.22
104444,1035,2026-08-16,completed,2622.77
104445,1040,2025-05-20,cancelled,713.97
104446,1014,2024-02-13,pending,3915.2
104448,1030,2024-12-31,pending,822.28
104449,1039,2024-02-06,completed,1595.69
104450,1046,2024-11-19,pending,3123.88
104451,1045,2025-12-26,pending,7697.14
104452,1018,2023-02-03,completed,1411.65
104453,1038,2023-10-08,pending,2550.22
104454,1003,2024-02-24,pending,4027.55
104455,1030,2023-05-29,cancelled,3409.03
104456,1019,2025-06-22,completed,2054.26
104457,1037,2024-03-15,completed,1105.46
104458,1024,2024-06-09,shipped,3270.21
104459,1015,2024-07-28,shipped,4658.97
104460,1029,2024-03-04,completed,852.85
104461,1029,2023-09-01,refunded,7998.6
104462,1026,2024-05-08,pending,2448.61
104463,1016,2023-12-09,refunded,3961.48
104464,1005,2023-01-14,refunded,4061.7
104465,1045,2025-04-23,completed,4360.68
104466,1010,2024-04-14,completed,695.2
104467,1046,2027-04-30,completed,5575.42
104468,1025,2023-12-03,cancelled,2802.46
104469,1016,2023-02-13,completed,2497.12
104470,1038,2023-11-18,cancelled,2333.29
104471,1036,2024-01-03,refunded,1372.1
104472,1042,2023-09-29,pending,2351.49
104473,1038,2025-07-09,shipped,2879.65
104475,1020,2023-08-30,cancelled,787.11
104476,1017,2024-09-05,pending,658.74
104477,1034,2023-05-10,pending,4419.8
104478,1047,2023-12-17,completed,749.3
104479,1030,2025-05-10,completed,2754.54
104480,1028,2024-03-09,completed,1148.64
104481,1038,2025-06-09,cancelled,3452.3
104482,1019,2024-06-29,shipped,211.62
104483,1011,2025-12-23,shipped,6252.93
104484,1034,2025-07-16,refunded,5230.81
104485,1016,2025-12-27,shipped,5053.46
104486,1001,2025-07-08,completed,881.25
104487,1041,2025-06-30,completed,2584.92
104488,1020,2024-03-14,refunded,225.6
104489,1036,2023-02-11,pending,1585.59
104490,1029,2025-08-10,refunded,2051.8
104491,1027,2023-09-17,completed,1129.44
104492,1031,2025-12-28,shipped,821.61
104493,1027,2023-10-04,shipped,4050.5
104494,1032,2024-04-19,completed,8811.67
104495,1012,2025-11-07,shipped,2825.33
104496,1008,2024-05-09,shipped,1953.08
104497,1008,2025-12-11,completed,324.98
104498,1009,2024-11-11,completed,3080.47
104499,1001,2023-04-01,pending,2148.1
104500,1032,2024-02-25,refunded,1215.6
104501,1007,2023-07-03,completed,2225.8
104502,1001,2023-05-27,cancelled,4289.71
104503,1021,2023-06-14,refunded,431.82
104504,1017,2023-12-04,completed,1412.51
104505,1025,2024-11-22,completed,778.4
104506,1023,2023-02-25,cancelled,3776.14
104507,1029,2023-03-04,completed,4535.3
104508,1029,2023-06-16,cancelled,1982.74
104509,1002,2023-07-21,refunded,1828.11
104510,1027,2025-01-30,refunded,1929.44
104511,1020,2023-02-22,completed,980.1
104512,1048,2024-10-02,cancelled,927.87
104513,1015,2025-10-29,completed,4651.51
104514,1034,2024-06-18,completed,1285.15
104515,1012,2023-10-30,cancelled,3069.62
104516,1042,2025-09-03,pending,4178.0
104517,1033,2023-06-06,completed,3284.7
104518,1006,2024-08-14,shipped,2919.91
104519,1048,2024-10-05,pending,2008.54
104520,1003,2025-06-09,completed,3411.81
104521,1024,2023-04-11,cancelled,3685.78
104522,1048,2024-05-18,completed,1762.87
104523,1047,2023-07-01,cancelled,1704.43
104524,1033,2025-12-21,pending,1087.75
104525,1039,2023-09-09,pending,2394.48
104526,1006,2024-07-05,completed,3627.39
104527,1016,2025-01-26,completed,3087.12
104528,1010,2023-12-15,pending,2792.48
104529,1014,2023-03-22,pending,726.75
104530,1039,2024-03-01,pending,303.48
104531,1013,2025-07-31,completed,4445.34
104532,1023,2023-02-04,shipped,1996.28
104533,1035,2025-12-12,completed,590.19
104534,1027,2024-07-02,completed,2996.6
104536,1007,2024-06-01,completed,4001.15
104537,1021,2025-12-19,completed,1716.65
104538,1015,2024-06-13,completed,3171.7
104539,1005,2025-08-28,completed,4234.84
104540,1019,2025-02-13,refunded,363.17
104541,1049,2023-05-12,completed,1230.15
104542,1033,2023-05-15,cancelled,1518.5
104543,1020,2024-08-27,completed,4270.25
104544,1050,2024-09-21,completed,1497.1
104545,1050,2024-05-12,refunded,2969.6
104546,1020,2025-01-24,cancelled,5604.27
104547,1037,2025-06-01,completed,1691.97
104548,1029,2024-05-30,pending,820.71
104549,1042,2025-03-10,cancelled,1539.66
104550,1022,2024-12-27,completed,752.58
104551,1035,2023-03-28,pending,5594.63
104552,1045,2025-01-25,shipped,2964.51
104553,1036,2024-08-24,refunded,1518.72
104554,1016,2023-02-17,completed,3345.48
104555,1050,2024-09-22,refunded,151.53
104556,1006,2024-08-18,shipped,2194.8
104557,1006,2025-12-22,completed,4295.86
104558,1047,2023-08-12,completed,3734.09
104559,1007,2025-10-22,completed,2403.07
104560,1045,2024-07-18,cancelled,1196.12
104561,1013,2025-08-11,refunded,2277.47
104562,1026,2024-11-27,completed,2911.94
104563,1042,2023-04-28,completed,1499.38
104564,1037,2024-03-18,refunded,2087.26
104565,1007,2024-02-02,completed,1383.94
104566,1049,2023-09-08,cancelled,1169.21
104567,1030,2023-10-17,completed,4501.06
104568,1007,2025-07-20,pending,5842.49
104569,1008,2023-09-11,completed,5499.97
104570,1039,2024-02-11,shipped,415.21
104571,1005,2024-02-10,completed,245.7
104572,1038,2024-10-23,completed,2876.27
104573,1020,2023-03-13,completed,2019.31
104574,1005,2025-10-31,refunded,2367.84
104575,1030,2025-03-08,pending,1897.29
104576,1023,2025-04-13,shipped,4161.53
104577,1024,2025-12-10,completed,3982.82
104578,1025,2024-03-03,refunded,782.56
104579,1045,2023-08-07,refunded,461.36
104580,1012,2023-09-19,shipped,1640.7
104581,1018,2024-05-15,pending,1584.84
104582,1040,2025-10-15,cancelled,5397.83
104583,1020,2023-09-03,pending,800.15
104584,1049,2024-03-13,completed,2522.34
104585,1032,2024-12-09,completed,762.39
104586,1031,2023-05-26,refunded,515.87
104587,1030,2024-08-10,shipped,3944.14
104588,1049,2024-04-18,shipped,1791.6
104589,1011,2023-02-24,completed,2046.99
104590,1036,2025-04-14,completed,509.74
104591,1037,2023-11-19,shipped,3838.14
104592,1028,2023-10-30,completed,5756.03
104593,1045,2024-11-17,pending,433.16
104594,1026,2024-06-06,cancelled,1523.82
104595,1032,2024-08-25,shipped,6251.87
104596,1047,2023-03-29,cancelled,2089.24
104597,1039,2024-11-22,pending,1516.53
104598,1001,2025-05-27,refunded,5027.82
104599,1018,2025-11-29,completed,140.86
104600,1001,2023-09-21,refunded,929.07
104601,1036,2023-03-28,refunded,5675.82
104602,1037,2025-12-01,completed,2552.64
104603,1022,2023-07-01,completed,907.55
104604,1028,2025-07-22,completed,2149.05
104605,1030,2024-03-11,completed,3028.31
104606,1045,2024-06-04,completed,864.77
104607,1006,2025-05-30,shipped,1783.32
104608,1005,2023-08-11,cancelled,3661.72
104609,1022,2025-05-19,shipped,488.69
104610,1013,2023-10-20,completed,1003.56
104611,1042,2024-06-24,cancelled,3897.39
104612,1039,2023-08-26,completed,3018.79
104613,1007,2023-01-11,pending,862.05
104614,1043,2024-12-02,completed,1873.01
104615,1032,2025-12-18,pending,5163.11
104616,1015,2024-04-23,completed,1843.61
104617,1027,2023-09-12,completed,1853.4
104618,1018,2025-07-13,cancelled,204.52
104619,1006,2023-04-08,completed,1091.32
104620,1042,2023-05-13,completed,3621.01
104621,1019,2023-02-02,pending,2774.63
104622,1049,2023-12-06,refunded,3374.58
104623,1023,2025-05-11,shipped,3981.89
104624,1023,2025-02-08,cancelled,1103.4
104625,1029,2025-07-23,shipped,6256.42
104626,1011,2025-01-19,pending,38.81
104627,1033,2024-05-23,completed,1600.74
104628,1025,2024-08-25,refunded,3524.29
104629,1010,2024-09-26,shipped,373.88
104630,1035,2024-02-03,completed,1510.86
104631,1042,2024-04-01,refunded,1365.12
104632,1049,2025-05-30,shipped,5785.46
104633,1050,2023-04-23,shipped,1092.92
104634,1033,2025-08-26,pending,5385.01
104635,1022,2025-07-25,pending,640.32
104636,1015,2023-03-04,pending,778.54
104637,1043,2024-03-18,shipped,702.64
104638,1007,2024-04-12,shipped,968.4
104639,1015,2025-01-10,completed,2847.74
104640,1032,2025-12-01,cancelled,460.22
104641,1042,2023-02-05,refunded,3594.98
104642,1050,2026-11-01,cancelled,2249.31
104643,1018,2023-10-19,shipped,493.11
104644,1025,2024-11-30,shipped,2950.99
104645,1049,2023-10-29,shipped,568.32
104646,1001,2023-10-28,cancelled,1650.09
104647,1010,2025-02-22,pending,1230.85
104648,1037,2023-05-30,completed,4458.36
104649,1030,2025-05-22,cancelled,3740.85
104650,1023,2023-10-26,completed,5294.98
104651,1010,2024-10-04,completed,1571.8
104652,1040,2023-09-04,refunded,762.38
104653,1049,2024-06-30,shipped,946.88
104654,1006,2024-09-28,completed,1809.0
104655,1025,2023-03-25,refunded,1913.67
104656,1022,2025-09-06,completed,5957.19
104657,1006,2027-04-15,pending,4017.92
104658,1028,2025-03-08,completed,2145.27
104659,1006,2025-03-03,completed,805.52
104660,1013,2024-01-31,completed,1095.78
104662,1027,2023-02-22,completed,2528.12
104663,1013,2023-04-25,cancelled,380.22
104664,1014,2024-08-23,shipped,1516.99
104665,1027,2024-10-20,pending,2322.79
104666,1014,2023-12-29,shipped,85.06
104667,1015,2025-06-26,pending,1744.14
104668,1020,2023-04-14,completed,2505.1
104669,1041,2024-07-27,completed,5035.53
104670,1002,2025-06-21,shipped,4319.3
104671,1027,2023-11-29,cancelled,196.35
104672,1020,2023-10-14,pending,3397.87
104673,1016,2025-04-23,completed,1049.72
104674,1025,2024-12-06,shipped,255.62
104675,1020,2025-10-04,cancelled,1508.34
104676,1027,2025-02-26,completed,1639.81
104677,1023,2023-05-17,refunded,3918.63
104678,1007,2025-03-24,cancelled,533.83
104679,1036,2023-05-18,completed,3732.29
104680,1029,2024-04-20,completed,2952.63
104681,1046,2024-10-05,cancelled,746.52
104682,1046,2024-02-19,pending,257.36
104683,1003,2023-06-12,completed,5393.91
104684,1017,2023-12-03,completed,4625.16
104685,1024,2023-12-01,pending,4459.85
104686,1039,2025-05-14,refunded,529.68
104687,1032,2024-10-12,pending,3256.42
104688,1048,2024-12-07,completed,3314.52
104689,1028,2025-07-05,cancelled,2907.0
104690,1040,2024-09-20,shipped,6177.86
104691,1011,2023-12-12,completed,902.7
104692,1042,2025-03-21,shipped,4464.35
104693,1001,2023-07-13,completed,1042.33
104694,1039,2023-04-19,pending,933.44
104695,1030,2024-05-27,pending,446.38
104696,1033,2023-08-10,pending,1227.9
104697,1016,2025-10-20,shipped,8014.74
104698,1028,2024-01-18,completed,1631.21
104699,1005,2023-07-08,refunded,3719.07
104700,1030,2024-01-09,cancelled,1488.5
104701,1050,2025-11-29,completed,4969.53
104702,1021,2024-11-27,refunded,5166.2
104703,1038,2025-06-15,refunded,2228.89
104704,1008,2024-04-19,completed,4407.38
104705,1035,2025-11-21,shipped,1500.71
104706,1050,2024-10-14,completed,4705.7
104707,1021,2025-07-09,completed,3152.36
104708,1049,2025-05-27,cancelled,561.87
104709,1003,2023-09-01,pending,2521.5
104710,1005,2025-04-04,completed,1141.59
104711,1023,2025-11-27,refunded,3414.86
104712,1047,2023-02-01,refunded,1374.88
104713,1033,2027-02-09,completed,389.55
104714,1035,2023-12-17,completed,5507.19
104715,1017,2024-11-02,completed,735.19
104716,1017,2025-03-16,refunded,1753.71
104717,1023,2023-01-31,completed,3355.88
104718,1030,2025-07-05,cancelled,4778.65
104719,1020,2023-11-04,completed,4237.53
104720,1028,2023-12-23,shipped,983.8
104721,1003,2025-03-25,refunded,2925.23
104722,1009,2023-03-22,shipped,3733.57
104723,1039,2024-07-03,pending,2057.58
104724,1008,2024-08-14,refunded,2928.57
104725,1032,2023-11-21,completed,4707.27
104726,1012,2023-03-11,cancelled,195.9
104727,1020,2025-06-06,shipped,2094.47
104728,1006,2024-05-28,completed,3358.89
104729,1012,2024-09-02,completed,4626.69
104730,1009,2025-11-14,cancelled,865.76
104731,1042,2023-06-22,completed,3088.65
104732,1003,2025-11-05,refunded,1740.69
104733,1018,2023-03-15,cancelled,1522.02
104734,1035,2025-01-01,completed,3760.28
104735,1002,2025-04-02,pending,4508.24
104736,1025,2024-01-18,shipped,2210.82
104737,1023,2025-02-18,completed,62.94
104738,1020,2023-05-11,cancelled,3006.86
104739,1005,2025-08-02,shipped,3707.87
104741,1008,2025-02-26,completed,1558.97
104742,1006,2025-06-12,pending,1710.18
104743,1032,2023-11-12,completed,2434.58
104744,1005,2024-02-06,cancelled,4161.21
104745,1044,2025-12-25,cancelled,3905.61
104746,1015,2025-03-27,completed,4270.72
104747,1047,2024-05-01,completed,2493.2
104748,1016,2023-03-03,refunded,3470.35
104749,1048,2025-03-10,cancelled,2871.6
104750,1010,2025-07-24,completed,2463.33
104751,1034,2023-09-13,completed,2315.75
104752,1023,2023-12-27,cancelled,677.34
104753,1041,2025-02-06,completed,2666.53
104754,1049,2025-12-08,pending,2019.63
104755,1032,2024-02-06,completed,2010.81
104756,1035,2024-08-25,cancelled,3478.25
104757,1017,2023-09-30,shipped,3378.98
104758,1049,2024-07-05,refunded,1173.56
104759,1008,2024-02-03,shipped,399.2
104760,1049,2024-11-27,completed,3002.39
104761,1035,2024-11-02,shipped,3666.12
104762,1035,2025-09-16,completed,2485.9
104763,1049,2023-12-18,shipped,6519.97
104764,1045,2024-03-31,shipped,650.1
104765,1030,2025-01-27,completed,2401.94
104766,1030,2025-10-30,shipped,2236.49
104767,1047,2025-01-26,completed,654.92
104768,1007,2025-09-29,completed,548.22
104769,1025,2024-10-26,shipped,1391.85
104770,1023,2025-09-25,cancelled,3620.53
104771,1038,2024-06-19,completed,5082.3
104772,1017,2023-09-03,shipped,878.28
104773,1031,2023-06-02,pending,3904.34
104774,1027,2023-12-04,completed,6877.16
104775,1011,2024-11-14,completed,1032.18
104776,1029,2023-03-19,refunded,3284.81
104777,1043,2025-03-18,completed,157.41
104778,1030,2025-07-18,completed,1124.91
104779,1030,2024-02-19,completed,3374.42
104780,1013,2025-01-19,completed,1355.04
104781,1020,2025-09-01,refunded,3163.19
104782,1039,2023-07-19,refunded,3907.05
104783,1026,2024-10-11,completed,6934.81
104784,1033,2024-06-28,cancelled,1795.27
104785,1042,2023-08-12,refunded,3624.29
104786,1023,2023-03-14,completed,1057.87
104787,1013,2025-02-23,shipped,188.82
104788,1018,2023-09-07,shipped,348.77
104789,1012,2023-05-04,cancelled,1686.6
104790,1024,2025-09-05,completed,1314.52
104791,1006,2024-04-26,shipped,2929.3
104792,1049,2024-12-14,completed,1926.4
104793,1009,2024-11-08,refunded,869.35
104794,1050,2025-05-26,completed,3769.03
104795,1050,2025-11-03,refunded,5098.28
104796,1041,2025-06-24,completed,2463.28
104797,1005,2023-10-11,cancelled,1033.72
104798,1021,2024-11-21,cancelled,5523.63
104799,1020,2024-11-26,shipped,146.09
104800,1044,2025-01-14,refunded,3264.5
104801,1035,2024-08-12,shipped,6461.74
104802,1029,2023-09-01,refunded,1202.46
104803,1025,2024-11-11,completed,1048.54
104804,1026,2023-01-13,completed,2070.72
104805,1047,2024-09-20,cancelled,704.28
104806,1028,2024-04-20,completed,347.68
104807,1044,2023-08-26,refunded,907.98
104808,1024,2024-03-02,completed,3315.57
104809,1007,2023-03-11,completed,2679.73
104810,1009,2025-05-21,cancelled,1784.58
104811,1042,2023-07-25,completed,1194.88
104812,1007,2025-11-30,shipped,2519.57
104813,1033,2025-10-01,pending,776.16
104814,1001,2024-03-30,pending,1154.82
104815,1020,2025-06-22,completed,1768.18
104816,1021,2023-11-03,completed,2425.63
104817,1021,2025-11-21,cancelled,1014.97
104818,1042,2025-01-25,completed,2005.48
104819,1007,2023-05-23,completed,3618.59
104820,1019,2023-12-21,shipped,3919.79
104821,1021,2023-08-05,completed,551.14
104822,1032,2023-05-09,completed,6939.6
104823,1014,2023-01-15,completed,720.46
104824,1048,2023-05-01,cancelled,3426.72
104825,1007,2023-07-04,completed,2219.64
104826,1034,2025-09-29,completed,1044.72
104827,1046,2025-08-06,completed,2897.3
104828,1049,2025-08-23,shipped,4463.1
104830,1035,2025-07-22,refunded,1343.91
104831,1004,2024-12-17,pending,1217.13
104832,1009,2025-01-13,cancelled,5244.4
104833,1048,2023-10-05,completed,3404.67
104834,1044,2023-03-08,completed,6303.66
104835,1023,2025-11-12,refunded,4714.08
104837,1048,2025-07-17,cancelled,2044.71
104838,1049,2023-07-29,completed,2054.55
104839,1019,2024-01-08,pending,1879.05
104840,1035,2025-08-18,completed,2257.98
104841,1036,2024-03-16,pending,1553.61
104842,1010,2024-03-20,cancelled,1579.06
104843,1025,2024-01-17,completed,1915.79
104844,1010,2023-11-14,shipped,1774.68
104845,1021,2024-03-14,pending,4309.18
104846,1020,2023-07-26,pending,3814.17
104847,1014,2023-06-04,completed,4816.59
104848,1039,2023-10-22,completed,5189.57
104849,1018,2025-01-14,completed,1460.9
104850,1044,2024-02-21,shipped,1416.49
104851,1050,2024-06-30,completed,1694.33
104852,1021,2025-08-06,cancelled,3199.72
104853,1034,2024-03-24,refunded,1091.35
104854,1025,2024-05-21,shipped,1946.41
104855,1010,2024-06-03,refunded,3906.28
104856,1013,2025-10-17,cancelled,1247.14
104857,1002,2024-01-05,shipped,4243.07
104858,1024,2025-06-17,completed,2768.9
104859,1028,2025-06-20,completed,1688.58
104860,1016,2024-05-19,shipped,489.03
104861,1005,2025-12-15,cancelled,1788.2
104862,1019,2025-10-01,refunded,500.36
104863,1039,2025-11-28,completed,4182.73
104864,1032,2023-07-21,refunded,742.5
104865,1009,2023-04-22,completed,3853.48
104866,1040,2023-04-02,refunded,2096.43
104867,1007,2025-08-11,shipped,1943.71
104868,1046,2025-06-16,cancelled,2182.84
104869,1016,2025-02-01,shipped,1065.36
104871,1014,2024-04-29,shipped,8088.2
104872,1022,2023-05-05,refunded,70.28
104873,1036,2023-03-24,completed,1004.04
104874,1039,2024-09-10,pending,3270.66
104875,1031,2024-10-18,pending,2917.08
104876,1037,2023-11-30,refunded,434.64
104877,1025,2023-07-11,refunded,2164.8
104878,1023,2023-12-09,cancelled,3311.84
104879,1016,2024-12-14,completed,3833.58
104880,1004,2024-02-12,completed,3040.84
104881,1036,2025-11-13,completed,6244.51
104882,1024,2024-02-07,shipped,2812.94
104884,1029,2025-08-20,completed,1557.91
104885,1029,2025-10-20,shipped,7298.84
104886,1049,2023-10-25,completed,221.38
104887,1031,2023-11-07,completed,2070.66
104888,1050,2025-07-31,pending,3390.1
104890,1027,2023-10-13,completed,2884.98
104891,1031,2023-07-02,completed,2705.85
104892,1032,2023-08-03,completed,1394.87
104893,1002,2023-03-07,completed,5530.75
104894,1022,2025-12-19,pending,3904.45
104895,1013,2024-02-10,cancelled,2532.69
104896,1042,2023-03-17,shipped,306.62
104897,1045,2025-02-17,completed,1117.45
104898,1003,2024-01-02,cancelled,2791.0
104899,1023,2024-09-09,shipped,854.93
104900,1035,2024-07-31,completed,1457.4
104901,1009,2023-02-16,cancelled,1076.84
104902,1032,2025-12-10,completed,3063.45
104903,1032,2024-10-30,completed,891.66
104904,1032,2025-02-08,completed,1704.57
104905,1018,2024-02-01,refunded,3185.14
104906,1020,2024-12-17,pending,1912.73
104907,1021,2023-05-16,cancelled,3202.87
104908,1019,2024-03-15,cancelled,705.83
104909,1032,2024-12-08,refunded,881.24
104910,1025,2025-10-13,refunded,706.91
104911,1031,2025-07-18,completed,4057.37
104912,1046,2025-05-18,shipped,1383.67
104913,1048,2025-01-20,completed,1391.49
104914,1037,2023-09-24,refunded,4910.13
104915,1021,2023-06-03,refunded,1470.16
104916,1004,2023-10-16,completed,2264.7
104917,1013,2025-01-11,completed,1856.9
104918,1041,2025-10-10,completed,4662.24
104919,1002,2023-05-06,cancelled,214.71
104920,1001,2023-06-24,pending,3403.54
104921,1050,2023-02-15,completed,2748.74
104922,1007,2024-07-30,cancelled,1454.94
104923,1045,2023-08-08,completed,4508.47
104924,1017,2023-11-21,cancelled,4876.97
104925,1018,2024-03-30,cancelled,3701.64
104926,1039,2023-03-08,completed,1840.41
104927,1049,2025-01-13,pending,2284.02
104928,1047,2025-07-13,pending,1422.65
104929,1013,2024-09-23,completed,473.48
104930,1047,2024-12-13,completed,261.66
104931,1039,2023-12-20,completed,41.38
104932,1032,2023-08-06,refunded,1609.43
104933,1001,2025-08-03,completed,72.72
104934,1023,2023-05-02,completed,1468.56
104935,1031,2025-11-19,completed,2867.92
104936,1009,2025-04-24,completed,1368.53
104937,1041,2025-03-27,refunded,2345.09
104938,1034,2025-09-28,pending,1111.3
104939,1007,2023-01-27,completed,730.81
104940,1002,2025-01-20,completed,3116.27
104941,1020,2023-03-04,completed,543.38
104942,1003,2023-05-05,completed,5206.62
104944,1050,2023-03-28,pending,4012.8
104945,1003,2023-04-21,cancelled,4019.94
104946,1027,2023-06-13,refunded,2187.08
104947,1007,2025-01-09,completed,3095.92
104948,1049,2024-02-13,completed,2457.5
104949,1025,2024-02-07,completed,2843.75
104950,1046,2024-01-08,shipped,3814.08
104951,1002,2024-12-28,pending,2789.53
104952,1005,2024-06-03,completed,1255.92
104953,1045,2023-01-12,completed,1274.9
104954,1012,2024-02-15,pending,1004.4
104955,1040,2025-06-19,refunded,1189.02
104956,1001,2025-03-17,refunded,2907.39
104957,1011,2024-12-24,completed,3681.82
104958,1018,2023-10-11,refunded,693.74
104959,1027,2023-03-07,completed,4305.56
104960,1030,2025-05-21,completed,7112.52
104961,1022,2023-02-21,completed,2910.5
104962,1002,2023-04-14,shipped,719.64
104963,1031,2025-08-15,completed,4308.5
104964,1011,2024-06-21,completed,3989.86
104965,1019,2023-05-20,shipped,469.27
104966,1010,2024-07-06,completed,552.82
104967,1044,2023-05-15,refunded,262.11
104968,1013,2024-06-07,shipped,2445.55
104969,1015,2024-09-01,refunded,1510.87
104970,1049,2025-10-14,refunded,2010.12
104971,1014,2025-10-06,completed,4538.53
104973,1003,2024-02-11,shipped,1855.83
104974,1050,2023-09-04,pending,2141.43
104975,1030,2024-08-22,pending,3408.34
104976,1033,2023-07-23,completed,1951.38
104977,1005,2023-04-11,pending,3437.15
104978,1038,2024-05-23,refunded,5760.78
104979,1001,2024-10-22,completed,912.36
104980,1016,2025-11-21,shipped,955.93
104981,1013,2023-08-22,pending,1791.72
104982,1019,2023-05-18,refunded,3559.77
104983,1001,2023-12-05,refunded,1166.07
104984,1025,2023-10-13,completed,2613.18
104986,1003,2025-11-21,refunded,667.18
104987,1030,2023-12-18,completed,6265.86
104988,1016,2023-11-21,cancelled,1624.03
104989,1030,2024-06-15,refunded,310.0
104990,1039,2023-06-21,completed,151.32
104991,1012,2025-11-16,shipped,3465.54
104992,1033,2025-07-07,completed,1692.84
104993,1025,2025-06-29,cancelled,5456.29
104995,1014,2025-10-28,shipped,5212.51
104996,1025,2025-11-06,refunded,2717.29
104997,1008,2023-05-25,pending,91.84
104998,1008,2024-09-14,completed,1456.22
104999,1002,2023-09-04,completed,2569.0
105000,1010,2024-04-22,pending,734.7
105001,1002,2025-02-04,completed,3751.95
105002,1025,2023-05-07,completed,4457.83
105003,1004,2025-05-07,completed,1566.11
105004,1035,2023-07-11,refunded,931.54
105005,1043,2023-06-24,shipped,5297.12
105006,1034,2023-06-22,shipped,1676.35
105007,1034,2024-07-07,shipped,4083.34
105009,1033,2025-10-30,pending,252.16
105010,1011,2025-03-14,cancelled,2533.31
105011,1016,2025-09-04,cancelled,2760.66
105012,1011,2023-03-30,completed,863.19
105013,1040,2023-08-30,refunded,4106.14
105015,1031,2025-05-17,completed,644.34
105016,1009,2025-10-09,cancelled,3856.43
105017,1042,2025-09-25,cancelled,3420.83
105018,1045,2024-04-04,cancelled,1509.41
105019,1023,2023-08-08,pending,4608.96
105020,1035,2025-03-26,completed,1214.2
105021,1018,2025-05-13,cancelled,1924.35
105022,1048,2025-02-09,shipped,6804.69
105023,1013,2024-06-26,pending,1255.5
105024,1006,2025-07-16,completed,4820.07
105025,1024,2025-06-28,completed,318.93
105026,1048,2023-07-29,completed,2910.62
105027,1011,2024-12-29,refunded,238.2
105028,1041,2025-04-12,shipped,2395.59
105029,1006,2023-01-01,shipped,1871.79
105030,1041,2024-03-30,shipped,2266.89
105031,1038,2025-10-24,shipped,2792.67
105032,1032,2025-06-11,completed,4485.12
105033,1022,2023-11-06,shipped,1030.74
105034,1001,2023-05-20,completed,621.51
105035,1029,2023-05-10,completed,4405.08
105036,1011,2023-08-20,refunded,3809.3
105037,1046,2024-05-23,cancelled,4338.36
105038,1037,2023-12-01,cancelled,2423.2
105039,1037,2024-04-21,pending,591.87
105040,1045,2023-01-01,completed,1634.98
105041,1040,2023-03-31,completed,2102.24
105042,1049,2023-07-13,completed,12.03
105043,1034,2023-02-14,completed,5649.25
105044,1022,2024-07-24,completed,1945.68
105045,1031,2024-06-20,shipped,5311.22
105047,1015,2024-10-13,completed,6070.93
105048,1041,2024-08-15,completed,3583.73
105049,1049,2025-05-02,refunded,104.89
105050,1021,2025-09-18,completed,3656.89
105051,1018,2023-09-17,completed,1510.9
105052,1008,2023-03-27,shipped,4107.73
105053,1049,2023-01-06,pending,2958.43
105054,1030,2023-10-25,completed,2038.73
105055,1050,2024-07-08,shipped,4746.35
105056,1038,2023-08-03,refunded,882.4
105057,1049,2024-01-14,cancelled,138.01
105058,1008,2024-06-26,pending,2202.9
105059,1018,2024-05-24,shipped,1095.19
105060,1043,2025-06-20,shipped,911.85
105061,1018,2024-10-01,refunded,3918.12
105062,1011,2024-11-27,completed,1254.05
105063,1031,2023-04-11,completed,1228.74
105064,1027,2024-01-05,refunded,477.22
105065,1047,2025-09-05,completed,1232.22
105066,1018,2025-02-20,completed,4706.04
105067,1004,2023-05-25,completed,2111.55
105068,1038,2023-05-07,refunded,823.03
105069,1037,2025-03-19,pending,2936.5
105070,1019,2025-04-21,cancelled,3096.4
105071,1011,2025-11-20,completed,372.96
105072,1048,2023-04-25,pending,2394.7
105073,1012,2023-02-20,cancelled,3023.03
105074,1032,2024-09-08,completed,3761.82
105075,1035,2024-05-27,completed,2264.91
105076,1048,2025-02-09,cancelled,305.28
105077,1001,2025-06-09,pending,1532.25
105078,1001,2024-10-31,completed,353.25
105079,1044,2024-09-28,pending,2415.47
105080,1022,2025-09-30,pending,1789.09
105081,1010,2023-03-01,pending,1161.93
105082,1023,2024-09-23,completed,107.2
105083,1006,2024-01-29,refunded,990.08
105084,1032,2025-05-20,completed,4373.84
105085,1040,2025-01-26,refunded,4223.09
105086,1032,2025-02-19,refunded,4480.47
105087,1045,2025-05-07,cancelled,3003.42
105088,1049,2023-08-11,cancelled,482.88
105089,1038,2024-12-11,completed,2298.79
105090,1034,2025-05-21,refunded,1615.39
105091,1033,2023-12-25,completed,3242.08
105092,1001,2025-07-14,pending,2862.7
105093,1043,2025-08-28,pending,2183.02
105094,1013,2024-10-09,completed,2593.24
105095,1029,2023-08-01,completed,2465.89
105096,1029,2023-07-24,completed,3501.48
105097,1040,2025-10-27,shipped,2057.76
105098,1027,2025-03-06,completed,1526.86
105099,1030,2023-01-31,pending,1436.09
105100,1004,2025-03-22,cancelled,943.68
105101,1036,2023-09-19,refunded,3947.61
105102,1002,2025-01-03,refunded,1052.68
105103,1002,2024-07-13,completed,3268.75
105104,1040,2025-04-16,refunded,8207.58
105105,1028,2025-05-20,completed,1659.61
105106,1027,2023-12-04,completed,1567.28
105107,1021,2024-04-13,refunded,2332.23
105108,1038,2024-12-01,pending,1542.1
105109,1022,2025-03-01,shipped,4966.33
105110,1014,2024-12-18,completed,4348.35
105111,1006,2024-06-26,completed,1572.2
105112,1016,2023-09-10,shipped,2567.4
105113,1006,2024-04-21,completed,5537.78
105114,1022,2025-01-11,completed,158.08
105115,1040,2025-05-29,completed,4130.16
105116,1015,2024-08-07,pending,1732.21
105117,1036,2023-10-26,refunded,778.54
105118,1032,2023-08-17,completed,745.74
105119,1042,2025-07-05,refunded,1885.81
105120,1017,2025-10-03,shipped,833.94
105121,1002,2023-06-23,pending,1816.0
105122,1022,2025-03-26,completed,3130.38
105123,1015,2024-08-24,cancelled,1850.42
105124,1005,2023-12-07,completed,2879.3
105125,1017,2025-02-16,completed,2134.42
105126,1046,2025-08-30,cancelled,1920.1
105127,1028,2023-05-05,shipped,5652.01
105128,1026,2024-05-20,completed,1719.73
105129,1026,2024-02-03,pending,1574.11
105131,1044,2024-04-15,cancelled,3173.41
105132,1041,2023-10-24,shipped,4174.49
105133,1038,2024-11-08,completed,884.82
105134,1006,2023-08-01,completed,2456.11
105135,1002,2025-03-22,pending,1731.8
105136,1028,2025-11-19,refunded,2920.5
105137,1041,2023-12-19,completed,1283.58
105138,1040,2025-01-06,completed,2659.71
105139,1037,2025-12-24,refunded,2061.91
105140,1018,2025-01-10,completed,715.6
105141,1002,2024-03-21,cancelled,5003.9
105142,1024,2023-08-08,cancelled,549.2
105143,1039,2024-10-18,cancelled,4031.94
105144,1008,2023-10-29,pending,1138.52
105145,1016,2025-11-15,completed,1113.17
105146,1013,2025-03-01,shipped,2246.66
105148,1006,2025-12-16,refunded,57.15
105149,1043,2023-05-05,completed,1411.13
105150,1004,2023-09-30,completed,4448.77
105151,1017,2025-07-09,completed,5318.93
105152,1026,2024-04-21,refunded,1520.7
105153,1019,2025-02-19,completed,1720.43
105154,1037,2023-09-28,refunded,4065.2
105155,1011,2024-04-08,pending,2942.73
105156,1039,2024-04-27,shipped,4975.64
105157,1031,2023-11-06,cancelled,2489.67
105158,1025,2025-10-20,pending,3185.22
105159,1010,2023-11-18,completed,1657.92
105160,1006,2025-11-24,completed,3788.34
105161,1034,2024-03-10,completed,474.3
105162,1024,2023-08-28,completed,3461.65
105163,1025,2023-01-05,completed,1506.96
105164,1003,2025-03-01,pending,3705.55
105165,1025,2023-04-03,shipped,2751.5
105166,1019,2025-09-11,pending,6003.02
105167,1042,2023-06-21,completed,1402.94
105168,1042,2023-07-10,completed,826.5
105169,1009,2024-04-26,completed,6001.56
105170,1015,2024-05-14,completed,2729.63
105171,1004,2023-04-08,completed,2276.08
105172,1036,2023-10-11,completed,453.59
105173,1017,2024-10-09,refunded,5097.01
105174,1036,2023-01-08,cancelled,3482.22
105175,1003,2023-02-04,refunded,342.56
105176,1024,2024-01-09,completed,868.4
105177,1045,2024-07-25,cancelled,436.59
105178,1028,2025-06-15,completed,87.12
105179,1001,2023-04-05,pending,3090.16
105180,1001,2025-03-09,completed,3590.56
105181,1015,2023-01-27,pending,4910.02
105182,1029,2024-09-04,cancelled,2228.08
105183,1042,2024-04-05,completed,931.56
105184,1030,2024-10-25,pending,732.0
105185,1023,2024-07-04,shipped,477.33
105186,1013,2025-12-06,completed,490.5
105187,1001,2024-02-03,pending,8097.66
105188,1009,2024-08-25,completed,854.65
105189,1034,2025-04-09,pending,1338.61
105191,1007,2023-02-01,completed,3884.36
105192,1014,2025-12-01,shipped,3093.74
105193,1017,2025-12-19,cancelled,1952.15
105194,1047,2023-05-29,completed,1342.7
105195,1035,2025-05-28,completed,3254.33
105196,1010,2023-06-08,pending,2111.62
105197,1018,2023-02-17,shipped,2109.83
105198,1029,2023-02-15,completed,4550.13
105199,1003,2025-01-04,refunded,4248.03
105200,1010,2025-12-05,shipped,4541.62
105201,1048,2024-01-18,completed,459.85
105202,1009,2023-06-11,refunded,2425.75
105203,1032,2025-01-24,completed,1541.9
105204,1045,2025-01-09,shipped,1479.45
105205,1003,2023-08-30,pending,2370.48
105206,1016,2023-07-04,cancelled,1995.7
105207,1048,2024-08-30,shipped,2818.24
105208,1030,2023-06-02,shipped,2116.23
105209,1041,2023-10-24,completed,4955.86
105210,1032,2025-04-04,pending,3351.12
105211,1033,2023-11-30,shipped,799.41
105212,1006,2024-11-15,shipped,3586.33
105213,1019,2023-04-20,completed,892.24
105214,1041,2025-01-20,completed,976.64
105215,1017,2024-12-10,completed,1372.09
105217,1044,2023-04-03,pending,2150.33
105218,1024,2023-09-16,refunded,1563.54
105219,1047,2023-09-16,pending,719.28
105220,1020,2023-02-06,completed,1839.5
105221,1038,2025-03-28,cancelled,1917.91
105222,1041,2025-04-19,completed,1751.71
105223,1032,2024-03-08,completed,839.3
105224,1035,2025-08-20,shipped,2971.88
105225,1020,2024-11-02,refunded,2680.55
105226,1029,2023-04-30,pending,2781.94
105227,1035,2025-11-24,completed,2887.09
105228,1039,2025-07-15,completed,3703.9
105229,1028,2025-05-09,pending,3509.45
105230,1024,2025-02-03,pending,3740.2
105231,1009,2024-12-20,cancelled,2617.23
105232,1029,2023-05-01,completed,2334.94
105233,1013,2023-01-03,completed,815.19
105234,1016,2023-08-12,completed,2309.61
105235,1029,2025-05-25,cancelled,1969.67
105236,1038,2025-01-12,refunded,872.38
105237,1027,2025-06-21,refunded,1379.42
105238,1026,2024-02-13,completed,1264.44
105239,1011,2025-05-31,completed,2727.65
105240,1004,2023-01-10,completed,352.37
105241,1006,2023-06-27,shipped,4558.65
105242,1018,2024-11-01,completed,3203.1
105243,1010,2023-10-16,shipped,2294.56
105244,1050,2024-03-12,completed,3381.59
105245,1041,2024-06-10,pending,3460.64
105246,1020,2025-04-26,completed,808.27
105247,1033,2025-11-20,pending,2939.16
105248,1008,2024-09-28,completed,4661.09
105249,1026,2023-05-25,completed,3430.83
105250,1046,2023-11-11,refunded,3386.77
105251,1038,2025-04-05,cancelled,2881.22
105252,1042,2025-08-17,completed,2629.41
105253,1002,2025-01-07,completed,360.22
105254,1045,2024-05-10,refunded,2856.55
105255,1007,2025-05-11,completed,1735.23
105256,1008,2024-07-13,pending,833.5
105257,1002,2025-05-29,completed,4556.45
105258,1019,2024-03-24,completed,1789.79
105259,1036,2025-10-27,shipped,1609.44
105260,1044,2023-12-29,refunded,2232.01
105261,1049,2024-09-02,completed,278.81
105262,1045,2024-11-08,completed,3844.46
105263,1041,2025-06-28,cancelled,261.0
105264,1002,2025-01-07,shipped,3903.84
105265,1047,2023-06-13,pending,4793.77
105266,1020,2024-01-10,refunded,2247.04
105267,1008,2023-03-11,completed,3788.48
105268,1030,2024-10-26,completed,1563.8
105269,1020,2024-09-25,completed,1351.26
105271,1038,2023-07-28,completed,2550.18
105272,1003,2023-07-25,refunded,2512.05
105273,1030,2025-03-05,shipped,107.44
105274,1033,2023-02-09,completed,5620.43
105275,1017,2025-06-30,pending,4118.5
105276,1034,2023-12-29,cancelled,997.92
105277,1038,2025-01-29,completed,3030.8
105278,1018,2024-07-02,completed,1017.68
105279,1029,2023-01-02,cancelled,1162.18
105280,1044,2025-06-15,refunded,1197.46
105281,1027,2025-01-01,completed,2221.53
105282,1022,2025-05-05,refunded,1143.45
105283,1029,2023-04-14,completed,4838.07
105284,1020,2024-03-15,completed,3472.64
105285,1015,2024-12-11,cancelled,3242.72
105286,1002,2024-06-15,cancelled,2315.29
105287,1026,2024-11-26,pending,385.28
105288,1030,2025-10-05,refunded,54.45
105289,1032,2024-01-27,pending,6348.77
105290,1046,2023-04-12,cancelled,2535.56
105291,1015,2025-01-19,completed,5326.39
105292,1027,2023-05-15,completed,4318.8
105293,1017,2024-08-12,shipped,122.22
105294,1023,2024-09-14,cancelled,638.96
105295,1024,2023-08-31,completed,1951.02
105296,1037,2023-03-06,pending,3577.19
105297,1028,2024-08-05,completed,1417.86
105298,1038,2023-07-12,cancelled,3010.68
105299,1008,2023-12-23,completed,3169.38
105300,1047,2024-05-13,cancelled,2040.67
105301,1026,2023-10-28,completed,2097.26
105302,1027,2023-03-10,pending,2374.08
105303,1015,2023-01-27,completed,6494.34
105304,1009,2025-05-27,completed,1105.13
105305,1019,2025-03-03,pending,7229.33
105306,1023,2023-04-01,cancelled,258.24
105307,1006,2025-09-07,completed,87.6
105308,1019,2023-09-14,completed,4048.4
105309,1043,2024-08-14,shipped,774.64
105310,1038,2025-02-06,completed,3438.48
105311,1003,2027-01-15,pending,3222.0
105312,1045,2023-11-18,completed,2470.86
105313,1014,2023-11-26,completed,3215.03
105314,1005,2023-05-30,completed,3597.0
105315,1040,2024-10-03,completed,1249.2
105316,1042,2024-01-12,completed,2123.75
105317,1035,2024-06-05,shipped,1099.55
105318,1016,2024-01-18,shipped,2497.88
105319,1038,2023-11-03,refunded,1569.2
105320,1030,2024-11-08,completed,490.44
105321,1010,2023-03-07,completed,1334.73
105322,1017,2025-05-13,completed,132.72
105323,1014,2023-01-12,refunded,66.69
105324,1006,2025-04-27,completed,3517.5
105325,1031,2023-11-07,completed,1026.39
105326,1038,2025-06-28,refunded,644.92
105327,1042,2023-01-14,cancelled,3097.18
105328,1045,2025-07-23,refunded,2816.41
105329,1044,2025-07-12,refunded,2196.38
105330,1029,2024-01-17,completed,284.48
105331,1043,2025-05-17,completed,3028.61
105332,1039,2024-04-17,pending,4742.12
105333,1024,2024-01-02,cancelled,258.8
105334,1046,2025-01-27,shipped,2734.6
105335,1003,2024-06-07,pending,2295.09
105336,1024,2023-09-16,pending,4876.7
105337,1034,2024-12-06,completed,2741.86
105338,1035,2023-01-13,completed,4155.65
105339,1030,2023-12-11,cancelled,432.64
105340,1028,2023-12-17,completed,3557.34
105341,1031,2025-12-10,shipped,5844.38
105342,1020,2025-09-28,completed,4336.02
105343,1001,2023-07-13,completed,5311.5
105344,1001,2025-10-27,completed,3002.84
105345,1009,2024-11-11,shipped,1191.52
105346,1010,2024-10-02,cancelled,2323.36
105347,1034,2025-08-21,cancelled,1350.05
105348,1009,2025-02-20,shipped,2032.32
105349,1022,2023-04-14,refunded,309.81
105350,1004,2024-04-29,shipped,1517.57
105351,1028,2024-03-18,shipped,3785.78
105352,1006,2023-11-13,shipped,492.48
105353,1006,2023-12-20,completed,3204.9
105354,1027,2024-09-28,cancelled,5125.35
105355,1032,2025-11-18,completed,2602.94
105356,1034,2025-09-03,completed,1082.04
105357,1013,2024-03-13,completed,4121.59
105358,1032,2024-04-13,cancelled,5675.94
105359,1040,2023-05-02,completed,2469.18
105360,1041,2025-09-24,cancelled,2169.27
105361,1021,2023-09-27,refunded,2480.24
105362,1028,2023-08-13,pending,6448.84
105363,1010,2025-01-07,shipped,3071.75
105364,1017,2023-01-21,completed,1429.36
105365,1032,2023-01-27,completed,1364.94
105366,1041,2023-04-14,cancelled,7346.06
105368,1032,2024-03-24,completed,259.6
105369,1046,2025-10-16,refunded,1107.13
105370,1039,2023-07-31,completed,4102.24
105371,1023,2023-03-26,refunded,4928.74
105372,1050,2023-07-11,completed,2885.19
105373,1040,2025-04-13,pending,3789.26
105374,1046,2023-04-28,cancelled,2949.24
105375,1002,2024-04-17,pending,4445.1
105376,1011,2025-03-25,completed,2096.14
105377,1032,2024-04-04,refunded,2259.73
105378,1015,2023-02-16,completed,2420.37
105379,1050,2023-07-03,cancelled,5648.06
105380,1004,2023-06-01,completed,1977.45
105381,1034,2023-03-25,shipped,4261.33
105382,1037,2025-12-23,completed,734.4
105383,1040,2023-03-01,completed,1545.22
105384,1028,2024-07-19,shipped,1791.69
105385,1033,2023-11-29,shipped,3541.59
105386,1031,2024-02-20,pending,2582.04
105387,1027,2025-10-23,completed,4303.15
105388,1050,2025-01-24,refunded,3932.72
105389,1003,2025-03-16,refunded,1507.7
105390,1048,2023-03-25,completed,2458.02
105391,1029,2023-11-10,shipped,1848.51
105392,1047,2025-03-17,completed,1275.04
105393,1023,2024-08-10,refunded,894.92
105394,1015,2024-09-07,completed,2788.89
105395,1049,2025-06-02,completed,3795.96
105396,1019,2024-01-22,completed,3626.83
105397,1024,2024-12-05,completed,4371.53
105398,1034,2025-02-10,pending,801.29
105399,1048,2023-12-12,completed,2313.55
105400,1029,2023-08-29,completed,1390.38
105401,1037,2024-06-07,refunded,2634.7
105402,1021,2023-10-09,completed,1779.39
105403,1041,2024-10-18,cancelled,2705.09
105404,1006,2025-11-20,cancelled,2298.73
105405,1008,2023-03-22,cancelled,3403.6
105406,1021,2023-07-20,shipped,1693.02
105407,1014,2023-10-30,completed,906.32
105408,1016,2023-06-23,shipped,1330.8
105410,1040,2025-02-17,completed,3077.42
105411,1039,2024-11-24,completed,4010.62
105412,1003,2024-07-30,completed,171.35
105413,1047,2023-04-28,shipped,603.28
105414,1040,2024-05-17,completed,561.84
105415,1018,2023-03-13,completed,881.91
105416,1016,2025-01-19,shipped,5662.91
105417,1047,2023-02-27,cancelled,2114.16
105418,1023,2025-08-14,cancelled,4705.75
105419,1005,2024-07-04,completed,2974.83
105420,1011,2025-04-02,cancelled,3552.39
105421,1020,2024-07-03,refunded,1656.82
105422,1036,2024-11-18,completed,2068.82
105423,1047,2025-06-13,shipped,1630.38
105424,1049,2024-07-08,pending,462.67
105425,1048,2025-10-26,refunded,3547.2
105426,1041,2024-03-03,completed,3805.64
105427,1042,2024-12-03,completed,639.16
105428,1010,2023-01-17,completed,3186.86
105429,1006,2024-09-19,completed,4317.74
105430,1022,2024-01-15,pending,3053.8
105431,1047,2024-10-23,shipped,2278.1
105432,1002,2024-09-10,completed,1134.12
105433,1024,2024-05-05,pending,576.24
105434,1032,2024-07-19,completed,4220.13
105435,1041,2023-09-01,completed,1645.91
105436,1027,2024-08-08,cancelled,1517.72
105438,1039,2024-02-05,refunded,3866.26
105439,1031,2025-04-30,completed,3102.15
105440,1037,2024-09-24,cancelled,2406.7
105441,1010,2025-07-16,pending,1854.09
105442,1038,2025-07-26,completed,1033.83
105443,1025,2023-02-07,shipped,3837.11
105444,1005,2023-09-07,shipped,445.44
105445,1033,2023-12-09,completed,58.89
105446,1029,2025-07-03,shipped,3193.2
105447,1037,2023-11-17,completed,3497.74
105448,1021,2024-07-26,completed,2962.83
105449,1003,2025-11-01,completed,541.78
105450,1027,2025-10-17,completed,4523.54
105451,1015,2023-12-02,refunded,2518.65
105452,1050,2025-12-19,refunded,1360.95
105453,1038,2023-10-30,pending,4194.99
105454,1010,2023-09-28,pending,2903.39
105455,1050,2024-10-25,completed,198.8
105456,1031,2023-01-07,completed,1877.43
105457,1022,2023-04-06,cancelled,4033.61
105458,1002,2023-11-09,shipped,1362.18
105459,1044,2025-01-22,cancelled,4622.45
105460,1026,2023-04-04,completed,3731.64
105461,1017,2025-09-17,completed,173.98
105462,1043,2023-05-15,completed,4715.02
105463,1031,2024-02-04,pending,4455.11
105464,1038,2024-09-08,shipped,3449.93
105465,1023,2023-09-10,completed,3298.37
105466,1014,2025-12-19,cancelled,1646.49
105467,1026,2023-12-03,completed,2375.97
105468,1013,2025-02-13,completed,2403.55
105469,1007,2023-11-12,refunded,3892.12
105470,1012,2023-02-24,cancelled,3792.2
105471,1039,2025-09-19,completed,1088.84
105472,1013,2025-02-03,completed,7141.57
105473,1039,2024-03-12,completed,2990.99
105474,1038,2025-06-25,cancelled,1573.72
105475,1012,2025-12-05,shipped,177.27
105476,1047,2024-08-11,refunded,2351.94
105477,1046,2024-03-30,completed,3762.5
105478,1001,2025-05-16,completed,3008.03
105479,1004,2023-03-13,pending,751.55
105480,1009,2023-04-11,pending,4666.18
105481,1048,2024-01-19,shipped,1733.21
105482,1022,2023-09-05,shipped,2775.24
105483,1048,2024-02-14,completed,2856.6
105484,1031,2025-10-03,completed,2082.05
105485,1015,2024-12-26,refunded,635.25
105486,1009,2024-03-31,cancelled,4102.01
105487,1019,2024-01-10,completed,3040.47
105488,1016,2025-10-06,refunded,2657.08
105489,1019,2025-06-09,refunded,4539.54
105490,1023,2024-06-12,pending,1476.39
105491,1002,2024-10-26,refunded,803.2
105492,1037,2023-10-25,completed,4077.76
105493,1033,2023-11-09,completed,1758.96
105494,1025,2025-11-07,cancelled,7258.68
105495,1040,2024-08-21,completed,2034.98
105496,1019,2023-11-12,refunded,5761.54
105497,1035,2024-01-13,cancelled,3685.48
105498,1027,2025-04-09,pending,3803.42
105500,1037,2024-11-22,completed,3898.63
105501,1039,2025-03-08,refunded,2351.55
105502,1039,2025-09-07,completed,1218.15
105503,1008,2023-08-23,completed,3309.88
105504,1041,2025-10-04,completed,1003.17
105505,1005,2023-01-13,cancelled,1407.48
105506,1023,2024-09-16,completed,5633.11
105507,1033,2024-10-25,completed,4733.32
105508,1038,2023-05-27,refunded,198.58
105509,1016,2025-04-01,completed,2163.74
105510,1016,2024-08-10,pending,1250.29
105511,1016,2025-08-27,completed,5883.06
105512,1020,2024-10-04,completed,3779.49
105513,1047,2023-04-03,completed,704.09
105514,1035,2023-05-29,cancelled,1572.87
105515,1029,2025-01-24,pending,26.4
105516,1028,2024-07-02,completed,4486.18
105517,1045,2024-12-01,pending,60.55
105518,1010,2023-07-07,cancelled,643.05
105519,1011,2024-03-09,completed,3389.82
105520,1046,2025-10-14,refunded,1684.51
105521,1024,2025-09-04,refunded,89.76
105522,1034,2024-06-03,pending,2248.59
105523,1028,2023-01-31,shipped,2619.36
105524,1030,2025-10-13,completed,1480.6
105525,1033,2023-07-03,completed,3501.46
105526,1010,2024-02-18,completed,4924.93
105527,1013,2025-05-30,pending,2126.13
105528,1049,2025-07-18,completed,2166.9
105529,1004,2025-12-07,completed,1321.35
105530,1005,2025-05-23,pending,6215.0
105531,1032,2024-01-15,pending,2336.72
105532,1003,2023-02-27,completed,1325.8
105533,1008,2025-12-22,shipped,620.8
105534,1046,2025-05-10,completed,3197.83
105535,1014,2024-03-01,cancelled,655.11
105536,1036,2024-09-24,completed,4672.0
105537,1045,2025-02-21,completed,2520.36
105538,1017,2025-11-15,cancelled,1996.35
105539,1035,2024-11-16,completed,3275.89
105540,1034,2023-04-04,completed,2077.04
105541,1025,2024-12-21,refunded,435.05
105542,1041,2025-02-13,completed,1090.04
105543,1042,2025-07-23,pending,726.92
105544,1024,2023-04-13,completed,1695.53
105545,1049,2025-08-08,completed,6524.87
105546,1005,2025-06-10,pending,4682.92
105547,1011,2025-07-06,pending,4125.27
105548,1050,2023-07-02,refunded,277.65
105549,1001,2024-12-12,cancelled,2478.41
105550,1045,2024-06-10,completed,1105.44
105551,1046,2024-05-15,completed,2617.18
105552,1036,2025-08-21,completed,2313.84
105553,1041,2025-03-01,shipped,1328.17
105554,1003,2024-01-17,pending,3410.72
105555,1032,2025-01-03,shipped,3620.68
105556,1044,2024-04-01,completed,3391.89
105557,1011,2025-01-29,pending,464.8
105558,1047,2024-01-03,completed,5748.24
105559,1034,2025-12-19,pending,3724.26
105560,1001,2024-02-27,completed,4128.99
105562,1044,2023-06-10,shipped,3994.64
105563,1013,2025-12-10,refunded,291.82
105564,1013,2024-11-17,pending,1470.94
105565,1050,2024-07-30,cancelled,1639.56
105566,1045,2024-09-03,refunded,4884.33
105567,1021,2024-08-21,completed,2434.89
105568,1028,2024-06-11,refunded,578.14
105569,1049,2023-09-06,shipped,1543.65
105570,1022,2024-05-15,shipped,4914.49
105571,1041,2024-06-13,shipped,1160.76
105572,1010,2024-04-08,completed,2510.8
105573,1025,2024-06-24,shipped,143.73
105574,1033,2023-12-17,completed,939.54
105575,1006,2024-11-03,pending,2411.37
105576,1020,2025-09-03,completed,2007.88
105577,1015,2025-12-27,refunded,229.05
105578,1030,2024-07-06,completed,431.68
105579,1022,2023-01-17,shipped,1552.84
105580,1018,2023-05-06,completed,2586.82
105581,1022,2025-09-07,completed,1728.96
105582,1007,2024-09-09,completed,1174.53
105583,1047,2025-04-25,completed,1514.34
105584,1023,2023-09-28,completed,3926.37
105585,1026,2023-01-21,completed,2368.51
105586,1043,2025-06-05,pending,1159.52
105587,1020,2023-10-31,shipped,1104.77
105588,1025,2023-04-22,completed,2364.04
105589,1030,2024-12-29,completed,2909.1
105590,1020,2024-02-22,refunded,348.3
105591,1046,2025-03-16,shipped,1312.8
105592,1036,2025-03-13,completed,1132.15
105593,1024,2025-08-23,shipped,1262.45
105594,1010,2023-06-11,shipped,947.98
105595,1040,2023-05-21,cancelled,1141.34
105596,1036,2024-09-03,completed,1745.34
105597,1048,2025-03-23,completed,3234.88
105598,1008,2024-04-01,shipped,974.62
105599,1042,2024-02-24,completed,1861.1
105600,1034,2025-04-14,cancelled,3970.49
105601,1039,2023-03-10,completed,4563.62
105602,1035,2024-08-22,completed,1033.53
105603,1025,2023-08-09,completed,1160.0
105604,1019,2025-07-12,shipped,592.32
105605,1008,2025-03-22,refunded,2309.96
105606,1019,2024-10-04,cancelled,967.44
105607,1048,2024-07-28,refunded,4542.13
105608,1033,2023-04-13,refunded,424.63
105609,1002,2025-09-24,completed,99.04
105610,1036,2024-06-23,completed,1273.56
105611,1027,2024-10-14,completed,1437.61
105612,1027,2025-01-20,completed,873.06
105613,1001,2024-07-28,pending,4999.3
105614,1022,2025-07-07,completed,1616.68
105615,1036,2023-11-23,completed,1315.5
105616,1013,2023-11-10,refunded,2805.98
105617,1025,2023-10-07,completed,3312.72
105618,1037,2023-08-09,completed,1840.4
105619,1025,2024-04-15,completed,4072.69
105620,1003,2025-04-16,pending,4717.34
105621,1016,2023-09-09,pending,2502.9
105622,1024,2025-01-17,pending,8167.38
105623,1023,2023-10-18,pending,1300.14
105624,1022,2024-12-12,refunded,1595.44
105625,1035,2023-04-27,completed,4675.61
105626,1027,2024-03-07,completed,4202.24
105627,1038,2023-12-21,cancelled,1921.77
105628,1005,2024-06-13,completed,4075.09
105629,1041,2024-03-19,cancelled,1945.05
105630,1026,2023-09-27,completed,381.16
105631,1028,2025-07-27,refunded,2484.83
105632,1029,2023-02-03,pending,1656.73
105633,1016,2023-12-01,refunded,233.08
105634,1047,2023-04-17,completed,3322.7
105635,1040,2025-04-27,cancelled,4918.49
105636,1020,2025-08-05,refunded,3844.42
105637,1015,2025-09-02,cancelled,1353.28
105638,1040,2024-10-19,pending,2109.76
105639,1040,2024-01-10,completed,1041.51
105640,1008,2024-04-10,refunded,3852.58
105641,1017,2023-11-12,pending,5401.36
105642,1006,2024-11-26,refunded,2137.41
105643,1033,2024-01-04,completed,383.94
105644,1048,2024-12-03,pending,2072.16
105645,1019,2024-07-31,completed,1729.76
105646,1039,2023-10-29,pending,3086.43
105647,1002,2024-01-20,shipped,943.18
105648,1035,2023-06-06,completed,2249.29
105649,1027,2023-06-26,completed,1794.86
105650,1026,2025-11-17,completed,4011.85
105651,1021,2025-05-01,shipped,5879.52
105652,1003,2023-06-01,refunded,5182.18
105653,1042,2025-09-19,cancelled,2722.83
105654,1012,2024-04-06,completed,1540.46
105655,1018,2024-05-30,completed,4630.48
105656,1021,2024-10-13,refunded,4100.47
105657,1035,2023-07-28,completed,4576.37
105658,1048,2025-10-05,cancelled,3700.83
105659,1009,2024-03-27,pending,3779.16
105660,1047,2023-02-13,refunded,2117.67
105661,1031,2023-10-23,pending,554.08
105662,1017,2024-10-18,refunded,2668.55
105663,1036,2025-02-22,completed,216.99
105664,1018,2023-01-04,shipped,2409.33
105665,1042,2024-02-19,completed,301.24
105666,1043,2023-02-07,shipped,5706.43
105667,1006,2025-10-19,shipped,2081.68
105668,1024,2024-11-08,completed,1659.58
105669,1024,2023-12-07,refunded,2808.19
105670,1023,2025-02-12,shipped,2122.76
105671,1013,2023-05-27,refunded,7260.63
105672,1017,2024-01-24,pending,295.25
105673,1049,2024-01-08,pending,4238.69
105674,1034,2024-03-04,shipped,931.12
105675,1038,2025-04-28,completed,504.25
105676,1004,2025-10-16,completed,716.8
105677,1046,2023-11-24,shipped,449.4
105678,1029,2025-05-06,pending,621.6
105679,1033,2023-06-21,refunded,1468.46
105680,1015,2023-02-26,completed,4273.44
105681,1033,2023-11-19,shipped,1835.08
105682,1044,2023-05-27,refunded,4612.84
105683,1037,2025-04-20,completed,200.62
105684,1044,2024-10-12,refunded,1166.03
105685,1038,2025-04-03,pending,4237.45
105686,1015,2023-11-12,pending,2531.1
105687,1016,2024-08-30,refunded,3017.04
105688,1001,2023-03-29,pending,1885.65
105689,1013,2024-06-14,shipped,3664.76
105690,1030,2024-11-26,completed,4196.43
105691,1038,2023-08-08,cancelled,3870.95
105692,1026,2023-03-24,completed,4868.43
105693,1019,2024-04-04,refunded,243.25
105694,1035,2023-06-21,refunded,859.79
105695,1028,2023-12-21,completed,2255.12
105697,1016,2025-11-13,completed,285.2
105698,1001,2023-11-11,shipped,6645.92
105699,1049,2025-10-19,completed,1910.96
105700,1022,2023-08-01,shipped,2433.3
105701,1040,2024-10-31,shipped,317.43
105702,1043,2025-03-08,completed,1890.8
105704,1026,2023-01-02,refunded,1719.55
105705,1005,2025-10-26,pending,5611.39
105706,1039,2025-09-10,refunded,5015.2
105707,1023,2024-11-01,cancelled,245.86
105708,1042,2025-04-02,refunded,59.28
105709,1023,2024-09-28,cancelled,317.07
105710,1020,2025-06-10,completed,1326.32
105711,1031,2024-01-05,shipped,2468.76
105712,1033,2025-06-12,completed,2866.4
105713,1025,2024-01-10,completed,1707.38
105714,1042,2023-04-04,completed,1077.54
105715,1037,2025-12-25,refunded,43.65
105716,1020,2024-07-30,pending,4614.64
105717,1029,2023-08-18,pending,146.12
105718,1033,2025-07-03,refunded,3099.52
105719,1010,2024-07-22,cancelled,2556.95
105720,1006,2023-11-26,cancelled,1615.96
105721,1027,2023-02-10,completed,5569.05
105722,1050,2025-05-14,completed,3653.75
105723,1019,2023-12-11,completed,1082.68
105724,1036,2024-12-13,cancelled,5032.96
105725,1036,2024-11-20,shipped,3775.05
105726,1024,2023-07-17,completed,799.68
105727,1035,2024-10-30,completed,8130.63
105728,1039,2025-12-20,shipped,1472.67
105729,1009,2024-12-28,cancelled,2035.05
105730,1013,2025-05-05,completed,3779.26
105731,1027,2023-05-08,pending,1880.78
105732,1034,2025-06-04,refunded,3950.6
105733,1039,2025-06-12,refunded,1398.41
105734,1006,2024-02-28,shipped,1279.0
105735,1037,2024-02-22,refunded,3174.05
105736,1006,2023-06-20,completed,3780.28
105737,1035,2025-04-04,pending,2948.15
105738,1001,2024-05-22,shipped,457.36
105739,1024,2023-08-11,completed,1255.44
105740,1034,2025-11-01,completed,3241.31
105742,1030,2023-11-09,cancelled,3501.18
105743,1020,2025-11-06,completed,7900.04
105744,1003,2024-01-18,cancelled,6030.1
105745,1007,2023-05-10,pending,1150.17
105746,1049,2023-02-10,pending,1833.85
105747,1015,2023-07-14,completed,4365.24
105748,1011,2025-01-28,completed,3769.68
105749,1030,2025-12-06,refunded,3332.24
105750,1039,2024-06-29,refunded,1568.85
105751,1003,2023-09-18,shipped,42.22
105752,1031,2025-04-19,pending,3199.11
105753,1046,2023-08-15,shipped,2569.76
105754,1015,2025-12-28,completed,6054.21
105755,1046,2024-09-04,cancelled,4197.45
105756,1019,2023-02-04,refunded,1970.4
105757,1048,2025-03-11,completed,1354.36
105758,1008,2025-03-28,pending,3038.69
105759,1010,2024-12-25,refunded,4146.45
105760,1002,2024-10-24,completed,1107.02
105761,1011,2025-11-04,shipped,2791.28
105762,1045,2023-11-29,completed,5529.31
105763,1016,2024-07-12,pending,3762.55
105765,1022,2023-01-19,pending,2856.97
105766,1011,2023-10-07,refunded,3007.95
105767,1041,2025-06-30,cancelled,1430.42
105768,1001,2025-04-23,shipped,446.38
105769,1028,2024-09-15,refunded,4236.81
105770,1005,2025-03-22,completed,3480.66
105771,1043,2025-07-25,cancelled,3653.96
105773,1009,2024-06-06,completed,1051.35
105774,1049,2024-08-05,completed,1748.22
105775,1036,2025-11-08,refunded,2457.7
105776,1043,2025-10-29,completed,3427.1
105777,1042,2024-05-11,refunded,2025.22
105778,1037,2024-12-04,pending,1600.02
105779,1030,2025-12-28,pending,3827.25
105780,1025,2025-12-29,completed,1318.43
105781,1012,2023-01-21,completed,4033.59
105782,1049,2025-11-20,completed,467.49
105783,1031,2023-12-17,refunded,1941.25
105784,1034,2023-03-06,pending,336.8
105785,1026,2025-07-28,pending,2129.22
105786,1025,2023-05-06,refunded,276.06
105787,1008,2024-07-08,refunded,4271.14
105788,1030,2025-12-01,refunded,3997.94
105789,1016,2024-01-25,refunded,3384.47
105790,1043,2025-09-15,cancelled,3704.89
105791,1013,2024-04-30,shipped,2249.32
105792,1021,2024-06-20,completed,1067.63
105793,1039,2025-05-01,completed,4461.99
105794,1047,2025-07-04,completed,427.4
105795,1026,2024-03-11,cancelled,4848.1
105796,1022,2025-03-10,cancelled,3822.39
105797,1015,2024-12-29,completed,815.04
105798,1048,2025-01-02,completed,2639.43
105799,1023,2024-06-18,shipped,2324.24
105800,1008,2025-06-16,cancelled,1110.96
105801,1001,2024-08-25,pending,2852.82
105802,1022,2025-10-26,pending,6922.8
105803,1015,2023-02-09,completed,4832.31
105804,1050,2023-11-28,cancelled,2964.1
105805,1031,2023-03-05,cancelled,5756.98
105806,1047,2025-05-25,cancelled,2138.46
105807,1041,2024-04-17,completed,1099.92
105808,1032,2024-05-31,shipped,31.6
105809,1049,2023-03-30,pending,1030.3
105810,1001,2024-12-03,shipped,2309.51
105811,1047,2025-03-31,completed,3338.16
105812,1048,2023-03-21,completed,3679.21
105813,1031,2023-09-16,completed,233.36
105814,1004,2025-06-12,completed,674.4
105815,1023,2025-05-21,completed,1407.46
105816,1031,2024-01-06,shipped,4660.56
105817,1037,2024-04-28,cancelled,1839.21
105818,1002,2024-08-26,refunded,643.04
105819,1043,2025-10-18,pending,3251.49
105820,1008,2024-09-13,completed,1509.92
105821,1047,2024-10-28,shipped,3980.37
105822,1044,2025-06-14,completed,476.64
105823,1008,2024-04-19,completed,5403.15
105824,1029,2025-09-28,completed,2990.52
105825,1037,2024-12-13,completed,3243.35
105826,1024,2023-04-26,cancelled,1246.38
105827,1016,2023-09-19,completed,2659.98
105828,1019,2023-05-20,refunded,735.06
105829,1014,2023-10-21,pending,4766.1
105830,1023,2025-05-21,completed,3246.79
105831,1013,2024-05-19,completed,5335.27
105832,1009,2024-10-19,completed,664.25
105833,1034,2024-09-17,cancelled,3268.04
105834,1019,2023-10-14,refunded,4992.4
105835,1031,2025-04-11,shipped,2143.86
105836,1013,2025-01-24,completed,5205.43
105837,1045,2023-04-23,completed,3152.4
105838,1047,2023-04-07,completed,116.02
105839,1002,2024-06-13,pending,4063.94
105840,1038,2025-08-23,refunded,77.0
105841,1046,2024-03-15,refunded,2431.24
105842,1007,2025-06-16,cancelled,1165.22
105843,1031,2024-08-28,refunded,1683.26
105844,1031,2025-08-02,completed,3149.32
105845,1036,2025-07-29,completed,669.9
105846,1026,2024-02-21,completed,3662.2
105847,1008,2025-11-11,completed,1500.06
105848,1007,2023-09-13,completed,2929.39
105849,1018,2023-05-21,completed,430.7
105850,1012,2025-12-03,completed,2055.13
105851,1006,2023-03-18,pending,1117.3
105853,1009,2023-12-25,completed,5769.62
105854,1004,2023-12-23,shipped,3925.75
105855,1042,2023-01-20,refunded,4101.27
105856,1044,2024-01-12,cancelled,2604.06
105857,1031,2024-01-07,pending,2504.22
105858,1044,2025-04-16,refunded,2446.8
105859,1020,2024-11-01,completed,451.18
105860,1027,2025-11-14,completed,1387.26
105861,1046,2023-08-08,pending,1007.27
105862,1042,2024-01-21,completed,2719.98
105863,1029,2025-10-13,cancelled,5184.82
105864,1034,2025-02-14,shipped,2470.39
105865,1043,2023-05-14,completed,1513.97
105866,1032,2025-03-22,shipped,492.96
105867,1048,2024-06-10,cancelled,5625.22
105868,1045,2024-06-20,completed,1289.64
105869,1018,2023-03-01,completed,1577.69
105870,1012,2025-12-26,shipped,2736.06
105871,1010,2024-04-11,completed,3607.86
105872,1017,2024-04-24,cancelled,1308.15
105873,1019,2023-07-14,completed,4123.63
105874,1016,2025-04-18,shipped,1824.58
105875,1034,2024-08-11,cancelled,730.48
105876,1021,2024-07-21,shipped,5050.71
105877,1013,2024-09-01,refunded,1036.08
105878,1011,2025-07-26,completed,4394.22
105879,1023,2025-01-29,pending,2507.34
105881,1022,2024-12-14,shipped,2822.84
105882,1021,2025-11-27,completed,6095.7
105883,1035,2023-04-16,completed,4942.14
105884,1020,2025-08-05,shipped,1724.84
105885,1032,2023-06-01,completed,117.92
105886,1014,2024-01-20,shipped,2878.7
105887,1029,2025-07-14,pending,29.6
105888,1022,2024-11-03,shipped,7418.12
105889,1045,2024-06-21,refunded,1702.88
105890,1037,2024-06-28,pending,7441.77
105891,1007,2023-11-24,pending,2780.15
105892,1029,2023-08-03,completed,1973.1
105893,1037,2023-03-02,shipped,3592.58
105894,1008,2025-06-08,completed,931.24
105895,1013,2024-05-18,pending,1762.37
105896,1041,2023-06-13,completed,162.49
105897,1021,2023-02-16,refunded,849.59
105898,1030,2023-12-08,pending,2852.2
105899,1047,2023-04-07,completed,3316.94
105900,1001,2025-05-20,shipped,5965.84
105901,1029,2025-02-04,cancelled,2812.65
105902,1021,2024-10-03,shipped,2435.72
105903,1022,2023-02-12,cancelled,619.12
105904,1023,2023-01-25,refunded,425.7
105905,1032,2024-02-04,cancelled,5282.66
105906,1031,2023-09-06,shipped,2254.75
105907,1024,2023-06-13,completed,4711.63
105908,1032,2025-12-26,refunded,1769.64
105909,1043,2025-08-29,completed,1305.3
105910,1046,2024-10-07,completed,1177.06
105911,1026,2025-05-23,shipped,2961.39
105912,1044,2025-12-23,refunded,2113.68
105913,1006,2023-07-26,cancelled,2325.02
105914,1044,2024-08-03,completed,1808.93
105915,1037,2024-09-05,cancelled,4061.46
105916,1028,2025-03-31,completed,2030.35
105917,1005,2025-12-23,completed,1239.3
105918,1032,2025-04-03,pending,2125.23
105919,1006,2024-12-15,cancelled,1412.64
105920,1037,2024-05-17,completed,1352.98
105921,1019,2023-05-04,completed,3575.05
105922,1022,2024-10-20,refunded,2979.31
105923,1047,2023-07-05,cancelled,3796.21
105924,1016,2025-07-11,completed,2096.92
105925,1048,2024-11-15,refunded,1281.97
105926,1010,2025-09-25,completed,368.91
105927,1030,2023-08-25,pending,122.0
105928,1017,2025-03-15,shipped,3797.92
105929,1006,2023-10-02,completed,3514.72
105930,1003,2024-01-08,completed,1369.72
105931,1023,2025-05-13,cancelled,5787.65
105932,1045,2023-01-10,completed,1691.93
105933,1029,2025-12-03,pending,1353.69
105934,1028,2024-06-09,refunded,3673.68
105935,1028,2025-04-24,completed,1054.8
105936,1044,2025-08-03,cancelled,576.24
105937,1008,2024-11-16,refunded,654.62
105938,1050,2024-09-05,refunded,1607.64
105939,1031,2025-02-03,completed,1214.0
105940,1032,2023-01-03,pending,206.66
105941,1040,2023-01-17,completed,959.62
105942,1001,2024-03-03,completed,241.32
105943,1030,2025-11-08,completed,164.32
105944,1003,2024-07-08,completed,4368.63
105945,1011,2024-04-15,completed,3268.7
105946,1010,2023-02-14,pending,4597.19
105947,1050,2023-04-02,pending,1464.78
105949,1010,2023-01-08,completed,1980.67
105950,1013,2024-07-23,shipped,5657.45
105951,1044,2024-07-06,refunded,1901.65
105952,1019,2023-08-18,completed,572.91
105953,1008,2024-11-04,cancelled,1681.13
105954,1005,2023-10-06,completed,90.36
105956,1025,2024-02-07,cancelled,5047.24
105957,1030,2023-09-03,refunded,2815.0
105958,1023,2024-07-08,cancelled,3604.69
105960,1036,2023-03-13,completed,1868.06
105961,1022,2025-10-28,shipped,1484.91
105962,1005,2025-11-04,completed,4258.01
105963,1015,2025-06-26,cancelled,4551.83
105964,1038,2025-11-14,cancelled,3307.8
105965,1042,2025-04-08,refunded,3965.09
105966,1040,2023-01-29,completed,566.0
105967,1012,2023-01-18,completed,4015.31
105968,1046,2023-08-19,completed,1145.57
105969,1025,2025-05-08,completed,1863.72
105970,1032,2025-03-21,completed,1323.02
105971,1026,2023-12-08,completed,3945.21
105972,1038,2023-12-15,completed,1691.64
105973,1002,2024-12-30,pending,1579.63
105974,1022,2024-07-03,completed,5323.95
105975,1019,2023-04-26,cancelled,4851.39
105976,1030,2024-07-11,shipped,2592.12
105977,1047,2024-07-08,refunded,1786.85
105978,1027,2023-06-04,shipped,580.15
105979,1030,2024-09-25,cancelled,1126.08
105980,1022,2023-10-23,completed,3583.45
105981,1025,2025-08-11,shipped,4337.04
105982,1033,2025-08-30,cancelled,5457.75
105983,1010,2024-06-07,pending,3030.16
105984,1047,2023-12-30,completed,536.0
105985,1033,2024-09-03,completed,2944.45
105986,1018,2024-06-26,cancelled,2333.2
105987,1050,2023-12-20,completed,1410.94
105988,1026,2023-04-16,completed,1342.17
105989,1001,2025-12-12,completed,2992.24
105990,1027,2024-03-16,pending,255.84
105991,1002,2025-03-28,cancelled,2451.87
105992,1033,2023-04-25,refunded,2233.92
105993,1023,2024-11-17,refunded,1212.72
105994,1020,2025-04-28,completed,4850.57
105995,1036,2025-01-08,pending,4385.79
105996,1024,2023-03-05,completed,4808.2
105997,1025,2024-10-03,completed,7930.51
105998,1032,2024-05-13,completed,557.1
105999,1025,2023-01-26,refunded,3292.08
106000,1029,2025-08-03,completed,614.86
106001,1015,2023-03-12,pending,717.75
106002,1030,2023-07-11,completed,2659.99
106003,1010,2025-02-18,completed,1506.19
106004,1028,2025-08-25,cancelled,4157.6
106005,1035,2023-10-19,completed,4002.4
106006,1044,2024-06-03,refunded,2224.87
106007,1021,2024-07-26,pending,126.63
106008,1031,2025-10-12,shipped,4001.48
106009,1004,2023-05-21,refunded,2557.68
106010,1043,2024-06-09,completed,2359.83
106011,1038,2023-10-24,refunded,2255.98
106012,1035,2023-09-27,completed,1334.22
106013,1024,2025-03-24,completed,2499.28
106014,1011,2024-03-15,completed,1679.04
106015,1020,2023-10-18,cancelled,3178.65
106016,1043,2024-07-10,cancelled,3998.29
106017,1035,2025-08-29,pending,2842.98
106018,1017,2024-03-02,completed,416.08
106019,1044,2024-12-24,completed,2756.0
106020,1004,2023-09-25,pending,1715.78
106021,1012,2025-08-11,refunded,1058.59
106022,1017,2023-02-19,completed,1854.99
106023,1018,2024-12-07,completed,2880.32
106024,1031,2024-12-19,pending,2480.41
106025,1030,2023-08-05,shipped,3183.48
106026,1008,2024-10-16,shipped,367.41
106027,1034,2023-07-06,refunded,4186.43
106028,1022,2025-04-08,cancelled,4848.92
106029,1040,2025-04-27,pending,4454.93
106030,1017,2025-11-18,pending,2023.92
106031,1048,2025-08-07,completed,4300.42
106032,1007,2025-10-21,completed,3266.3
106033,1025,2024-06-14,shipped,98.18
106034,1016,2025-06-16,shipped,5835.65
106035,1010,2023-08-13,completed,893.25
106036,1029,2023-09-25,pending,275.44
106037,1049,2023-04-14,shipped,1383.73
106038,1023,2025-12-19,completed,2711.08
106039,1036,2023-09-19,refunded,2754.3
106040,1041,2024-04-16,shipped,1461.6
106041,1041,2025-06-14,pending,4488.02
106043,1006,2023-03-22,completed,2326.5
106044,1050,2025-12-16,completed,4119.47
106045,1033,2024-01-19,cancelled,2034.1
106046,1028,2023-12-11,completed,2673.17
106047,1017,2025-10-03,cancelled,1802.59
106048,1046,2023-01-30,completed,369.68
106049,1022,2026-08-23,completed,1168.65
106050,1025,2026-05-19,shipped,1200.36
106051,1042,2024-05-24,cancelled,2904.95
106052,1003,2025-04-05,completed,1590.43
106053,1024,2023-01-10,shipped,484.42
106054,1031,2023-07-04,completed,5325.1
106055,1025,2023-01-06,shipped,3953.82
106056,1048,2023-07-09,shipped,588.84
106057,1039,2023-11-08,completed,2936.14
106058,1003,2024-02-17,cancelled,3243.47
106059,1023,2025-12-25,shipped,1340.19
106060,1048,2023-04-02,completed,3435.18
106061,1043,2024-11-20,shipped,1115.28
106062,1009,2023-06-18,pending,4889.53
106063,1048,2024-06-12,completed,3200.46
106064,1012,2023-02-17,refunded,3823.14
106065,1041,2025-11-20,cancelled,6685.68
106066,1031,2025-06-08,completed,268.2
106068,1002,2024-05-15,completed,2418.33
106069,1029,2025-12-07,completed,530.65
106070,1018,2025-01-26,completed,2756.69
106071,1022,2023-10-17,shipped,3329.57
106072,1033,2024-09-24,completed,700.56
106073,1016,2024-06-16,completed,975.52
106074,1044,2024-02-21,refunded,4205.74
106075,1050,2025-04-25,completed,1615.58
106076,1010,2025-02-07,shipped,2332.11
106077,1011,2024-08-03,cancelled,5569.33
106078,1001,2025-04-08,pending,312.4
106079,1030,2023-04-20,completed,2268.92
106080,1015,2024-06-30,cancelled,5386.64
106081,1019,2023-10-13,refunded,187.74
106082,1018,2023-07-07,shipped,2476.8
106083,1015,2023-10-10,completed,334.42
106084,1024,2024-08-14,completed,2968.35
106085,1033,2025-03-11,completed,5415.87
106086,1028,2025-10-22,pending,3691.05
106087,1032,2024-10-27,pending,1681.7
106088,1014,2025-01-04,completed,5253.56
106089,1038,2023-11-24,completed,4397.26
106090,1024,2023-02-05,completed,997.14
106091,1023,2023-07-13,shipped,2333.2
106092,1030,2024-11-10,shipped,3646.0
106093,1028,2025-05-07,cancelled,1941.73
106094,1046,2024-11-01,shipped,1010.17
106095,1031,2025-03-25,completed,2814.57
106096,1038,2023-12-21,completed,1319.88
106097,1025,2025-04-16,completed,1774.13
106098,1007,2024-05-11,completed,229.78
106099,1029,2023-03-02,cancelled,629.93
106100,1036,2023-12-26,completed,1570.73
106101,1028,2025-05-24,completed,2050.23
106102,1015,2023-03-02,completed,5961.1
106103,1024,2025-02-05,pending,592.83
106104,1022,2025-06-10,completed,4608.4
106105,1043,2024-06-13,pending,532.29
106106,1015,2024-09-17,completed,3104.95
106107,1050,2025-06-19,completed,1462.68
106108,1048,2024-09-06,refunded,989.76
106109,1013,2023-08-08,completed,2640.3
106110,1047,2023-01-15,pending,1575.1
106111,1020,2024-02-24,completed,3881.19
106112,1040,2023-11-01,completed,7763.66
106113,1029,2025-05-13,pending,2471.53
106114,1034,2025-12-31,completed,892.26
106115,1021,2023-07-27,cancelled,3670.69
106116,1016,2025-07-28,completed,5875.12
106117,1006,2023-01-08,pending,1093.28
106118,1046,2025-03-04,cancelled,5239.38
106119,1032,2023-11-09,completed,3269.8
106120,1050,2025-06-24,refunded,3424.28
106121,1041,2025-11-11,refunded,2965.1
106122,1003,2025-08-27,refunded,3268.94
106123,1011,2023-11-23,completed,2181.49
106124,1024,2025-01-10,completed,594.69
106125,1006,2023-08-11,completed,4558.23
106126,1043,2025-09-16,completed,4196.27
106127,1041,2024-10-03,refunded,436.84
106128,1043,2023-04-20,cancelled,839.8
106129,1009,2025-02-13,completed,2183.32
106130,1029,2023-11-05,completed,3401.27
106131,1040,2025-06-05,shipped,5039.82
106132,1034,2024-12-30,completed,3039.92
106133,1025,2023-12-19,pending,1516.82
106134,1042,2024-07-20,cancelled,1232.27
106135,1030,2023-09-11,cancelled,1122.28
106136,1023,2025-10-06,completed,5984.28
106137,1007,2023-06-14,completed,3084.48
106138,1016,2023-01-06,pending,4035.11
106139,1045,2024-04-06,cancelled,4446.59
106140,1006,2024-08-11,refunded,1022.58
106141,1020,2024-01-02,completed,6957.7
106142,1011,2024-07-21,refunded,1481.33
106143,1049,2023-02-17,pending,3037.7
106144,1046,2023-02-07,refunded,2814.87
106145,1026,2023-07-26,completed,4700.52
106146,1043,2025-01-29,completed,2960.46
106148,1029,2024-07-25,refunded,718.8
106149,1025,2024-05-21,completed,3247.74
106150,1043,2023-04-15,shipped,1940.13
106151,1001,2025-12-17,completed,1553.4
106152,1005,2024-05-05,completed,3391.32
106153,1048,2025-10-31,completed,698.18
106154,1034,2024-02-19,completed,3234.66
106155,1030,2024-02-17,shipped,2521.36
106156,1029,2023-04-12,completed,1620.3
106157,1024,2023-03-08,completed,63.7
106158,1031,2025-08-30,completed,955.38
106159,1021,2025-10-13,completed,2331.6
106160,1022,2025-08-13,cancelled,4102.33
106161,1023,2023-04-04,cancelled,1415.9
106162,1033,2025-03-05,refunded,356.37
106163,1017,2024-12-27,cancelled,748.72
106164,1020,2023-04-15,shipped,3373.87
106165,1014,2024-08-06,pending,3143.21
106166,1047,2024-11-04,completed,433.8
106167,1037,2023-06-07,pending,1779.96
106168,1007,2024-11-22,completed,1786.76
106169,1004,2023-02-16,completed,2662.85
106170,1007,2025-06-27,cancelled,3255.18
106171,1023,2026-07-18,pending,4087.98
106172,1019,2023-04-26,completed,1826.9
106173,1030,2025-04-30,pending,3742.92
106174,1031,2025-11-14,refunded,566.69
106175,1032,2023-11-13,completed,2928.43
106176,1040,2025-02-25,pending,2843.09
106177,1008,2023-09-05,completed,4447.53
106178,1026,2024-04-09,pending,4367.66
106179,1024,2023-08-06,completed,4592.72
106180,1017,2023-01-31,cancelled,1915.66
106181,1046,2025-01-20,pending,4709.87
106183,1026,2025-10-22,completed,3045.08
106184,1016,2024-06-10,refunded,2833.05
106185,1037,2023-10-04,pending,1692.79
106186,1031,2023-11-29,pending,3006.09
106187,1012,2025-02-26,cancelled,4330.97
106188,1003,2024-12-22,completed,1237.6
106189,1025,2025-08-24,pending,751.43
106190,1028,2024-12-31,pending,501.7
106191,1039,2023-08-31,shipped,4710.43
106192,1018,2025-01-16,cancelled,62.9
106193,1029,2023-10-18,completed,1901.34
106194,1050,2023-08-25,completed,760.8
106195,1028,2025-03-06,completed,424.62
106196,1037,2023-01-20,completed,1335.3
106197,1023,2025-12-06,completed,1502.57
106198,1042,2023-11-17,refunded,3547.96
106199,1013,2023-08-19,shipped,1381.27
106200,1042,2023-10-08,shipped,247.42
106201,1028,2025-10-27,completed,3534.86
106202,1030,2024-09-09,cancelled,805.92
106203,1024,2023-06-02,completed,4532.04
106204,1033,2023-04-06,completed,2403.21
106205,1048,2023-05-26,pending,3547.78
106206,1018,2025-03-05,completed,1441.38
106207,1038,2024-05-16,cancelled,3616.53
106208,1038,2024-11-06,completed,5234.52
106209,1024,2023-07-11,completed,239.15
106210,1022,2023-08-31,completed,2967.2
106211,1040,2025-05-11,refunded,6056.1
106212,1006,2025-10-01,refunded,3119.77
106213,1031,2025-05-19,completed,5975.66
106214,1044,2024-11-21,cancelled,2897.6
106215,1032,2023-08-16,shipped,2139.23
106216,1005,2025-07-08,completed,1889.7
106217,1038,2023-10-02,shipped,286.56
106218,1006,2025-10-16,completed,2200.52
106219,1033,2024-06-15,pending,1160.58
106220,1022,2023-04-04,cancelled,325.4
106221,1034,2025-08-03,completed,2266.1
106222,1033,2023-02-08,completed,6596.13
106223,1022,2025-06-10,cancelled,3878.1
106224,1023,2025-01-27,completed,2313.24
106225,1003,2025-08-05,completed,2189.49
106226,1002,2023-05-13,completed,5879.73
106227,1027,2024-02-21,refunded,4275.97
106228,1047,2023-09-08,pending,3586.03
106230,1008,2025-09-11,cancelled,3187.2
106231,1016,2025-09-12,cancelled,2073.23
106232,1005,2023-07-20,completed,224.46
106233,1007,2024-04-12,completed,118.31
106234,1042,2025-06-24,refunded,3657.48
106235,1006,2024-09-09,refunded,2406.08
106236,1016,2025-07-29,completed,602.43
106237,1010,2023-11-28,completed,1861.17
106238,1017,2025-03-18,shipped,6057.4
106239,1002,2023-10-30,completed,1984.43
106240,1026,2024-09-06,pending,2056.87
106241,1032,2024-05-28,completed,77.31
106242,1017,2025-02-11,completed,3568.32
106243,1019,2023-05-19,completed,1161.99
106244,1020,2024-03-02,shipped,1746.9
106245,1004,2025-04-01,pending,2458.31
106247,1012,2025-01-03,completed,5125.03
106248,1001,2025-12-19,cancelled,2387.97
106249,1012,2025-08-31,completed,5119.79
106250,1040,2023-03-03,shipped,2196.71
106251,1049,2025-12-07,shipped,815.6
106252,1027,2023-12-28,cancelled,2181.33
106253,1023,2025-01-28,completed,6660.69
106254,1025,2024-12-11,cancelled,20.63
106255,1004,2023-10-24,completed,1863.94
106256,1044,2023-06-21,shipped,4235.4
106257,1040,2025-05-28,refunded,1531.98
106258,1017,2024-01-28,cancelled,4834.07
106259,1002,2025-04-22,completed,4451.31
106260,1012,2025-10-21,pending,225.41
106262,1046,2024-11-25,completed,4912.3
106263,1011,2023-06-07,cancelled,3684.57
106264,1007,2024-05-09,completed,348.54
106265,1004,2024-01-06,completed,1255.92
106266,1003,2023-09-24,cancelled,944.58
106267,1019,2023-05-03,completed,1493.59
106268,1004,2023-10-29,completed,1744.57
106269,1003,2023-06-03,refunded,369.45
106270,1001,2025-09-30,shipped,2679.42
106271,1030,2025-10-04,pending,502.02
106272,1034,2024-08-26,shipped,1453.04
106273,1031,2025-01-31,completed,2111.49
106274,1010,2025-04-07,shipped,1088.9
106275,1035,2025-02-06,completed,397.08
106276,1037,2023-01-17,shipped,2666.1
106278,1035,2024-01-02,completed,2634.66
106279,1010,2025-04-26,refunded,1777.24
106280,1041,2023-07-15,completed,2699.35
106281,1005,2024-07-04,refunded,3040.45
106282,1008,2025-05-14,completed,1126.43
106283,1003,2025-07-11,refunded,994.88
106284,1029,2024-03-18,pending,5345.27
106285,1023,2025-07-01,completed,3202.33
106286,1026,2023-01-23,completed,1782.72
106288,1035,2024-03-03,pending,156.32
106289,1040,2024-01-11,completed,285.97
106290,1031,2024-04-03,refunded,6060.22
106291,1010,2023-11-24,completed,105.45
106292,1039,2025-06-06,shipped,147.46
106293,1010,2024-03-31,completed,4540.67
106294,1040,2024-10-27,completed,3746.87
106295,1013,2024-12-17,cancelled,3916.47
106296,1030,2024-10-27,cancelled,189.1
106297,1032,2024-04-05,pending,3799.59
106298,1035,2025-10-07,shipped,3297.5
106299,1010,2023-11-24,completed,348.48
106300,1046,2024-03-31,cancelled,442.5
106301,1027,2025-05-29,completed,4646.71
106302,1002,2025-05-09,pending,2220.15
106303,1003,2023-12-18,refunded,495.06
106304,1046,2024-09-14,completed,197.25
106305,1013,2024-06-26,cancelled,3893.0
106306,1025,2025-02-04,pending,298.8
106307,1008,2025-11-01,pending,864.9
106308,1050,2023-01-06,cancelled,3238.86
106309,1022,2025-01-14,pending,1735.2
106310,1034,2023-02-14,completed,3690.46
106312,1010,2023-07-31,refunded,43.99
106313,1034,2023-04-06,completed,1856.8
106314,1023,2025-01-30,refunded,3558.95
106315,1013,2024-05-02,completed,5314.65
106316,1011,2023-03-12,completed,5430.85
106317,1046,2023-11-18,completed,5019.91
106318,1024,2023-12-21,completed,5700.08
106319,1026,2023-05-18,completed,2388.96
106320,1046,2024-11-09,refunded,3750.85
106321,1013,2023-08-21,cancelled,2499.61
106322,1042,2024-11-22,completed,1848.25
106323,1038,2023-03-10,refunded,3524.09
106324,1009,2025-10-29,refunded,4523.8
106325,1013,2024-03-02,completed,5890.24
106326,1036,2024-05-17,completed,2893.19
106327,1049,2024-05-19,completed,6505.54
106328,1024,2023-09-28,refunded,3235.25
106329,1010,2024-12-11,cancelled,2303.25
106330,1031,2024-04-17,completed,2302.11
106331,1022,2024-07-05,completed,3146.11
106332,1002,2023-04-28,refunded,1832.33
106333,1044,2025-03-15,refunded,1331.4
106334,1027,2023-10-02,completed,1309.11
106335,1049,2025-10-13,completed,2599.34
106336,1043,2025-07-30,shipped,3026.05
106337,1028,2023-11-24,completed,1073.0
106338,1015,2024-07-03,completed,1956.13
106339,1045,2025-07-06,shipped,745.56
106340,1011,2023-07-20,completed,2584.22
106341,1028,2025-07-03,cancelled,3514.76
106342,1047,2025-09-13,completed,1198.57
106343,1001,2023-09-20,refunded,3508.1
106344,1044,2025-08-27,completed,5465.03
106345,1014,2025-11-07,pending,1690.83
106346,1033,2023-07-30,cancelled,394.0
106347,1031,2025-05-21,pending,896.46
106348,1025,2024-04-13,completed,1563.24
106349,1016,2023-11-21,cancelled,635.41
106350,1044,2024-07-04,refunded,4109.85
106351,1036,2023-05-06,completed,3360.58
106352,1046,2023-05-09,cancelled,1993.95
106353,1046,2024-11-10,completed,1334.24
106354,1037,2024-07-08,cancelled,5245.03
106355,1011,2023-07-25,cancelled,1147.1
106356,1016,2024-05-01,refunded,1904.12
106357,1005,2025-06-23,shipped,2631.96
106358,1040,2023-10-14,pending,3151.17
106359,1047,2023-09-17,cancelled,1111.27
106360,1033,2023-09-26,completed,461.52
106362,1019,2024-04-28,refunded,1107.8
106363,1018,2024-10-20,shipped,4395.43
106364,1021,2024-01-05,completed,1366.83
106365,1005,2025-09-16,completed,4404.91
106366,1010,2025-02-21,completed,396.44
106367,1022,2024-04-25,completed,2218.36
106368,1046,2025-05-30,completed,5609.53
106369,1034,2023-04-28,completed,4015.46
106370,1001,2024-08-16,completed,4082.08
106371,1045,2025-11-30,cancelled,1850.53
106373,1021,2025-01-05,shipped,2950.08
106374,1023,2023-12-18,completed,3753.28
106375,1032,2025-09-05,pending,4077.31
106376,1021,2023-02-06,shipped,2247.57
106377,1032,2025-09-14,cancelled,872.31
106378,1047,2023-12-11,completed,4657.88
106379,1021,2024-10-15,completed,1351.99
106380,1034,2025-03-13,shipped,2778.13
106381,1046,2024-01-11,completed,253.69
106382,1035,2025-12-28,completed,1104.04
106383,1034,2025-04-10,refunded,5181.91
106384,1002,2024-09-06,completed,769.59
106385,1011,2024-01-22,refunded,3370.73
106386,1015,2024-01-05,completed,1590.93
106387,1034,2023-12-14,completed,4666.68
106388,1042,2023-06-28,shipped,3682.48
106389,1024,2023-01-24,shipped,225.3
106390,1049,2025-05-05,completed,4037.86
106391,1026,2025-06-27,completed,1386.55
106392,1040,2023-01-01,refunded,1873.0
106393,1011,2023-04-18,completed,4099.11
106394,1028,2024-01-15,pending,676.59
106395,1025,2023-03-22,cancelled,810.36
106396,1027,2023-06-03,cancelled,4104.99
106397,1039,2024-03-25,completed,2701.07
106398,1032,2023-12-30,completed,161.4
106399,1029,2025-08-07,completed,3570.67
106400,1048,2024-03-31,refunded,996.1
106401,1050,2023-04-06,completed,122.84
106402,1003,2023-10-22,pending,1035.27
106403,1049,2024-10-18,completed,1223.35
106404,1027,2025-05-06,pending,5065.36
106405,1049,2023-09-23,completed,475.71
106406,1019,2025-12-12,completed,1641.37
106407,1038,2024-10-28,pending,2091.84
106408,1001,2024-07-09,completed,1112.29
106409,1016,2025-05-21,completed,3136.15
106410,1037,2023-08-16,refunded,2833.1
106411,1031,2025-04-20,completed,1953.81
106412,1042,2024-06-14,cancelled,3309.14
106413,1043,2025-06-10,completed,2075.85
106414,1048,2023-07-23,completed,3117.09
106415,1031,2024-08-12,cancelled,3720.44
106416,1003,2024-01-01,pending,3160.68
106417,1007,2025-03-06,completed,288.49
106418,1022,2025-05-10,completed,248.31
106419,1040,2024-03-02,shipped,3313.05
106420,1041,2023-04-03,pending,3848.89
106421,1044,2025-08-27,refunded,2545.15
106422,1009,2025-11-13,pending,3793.1
106423,1005,2023-06-27,shipped,5935.88
106424,1035,2024-01-22,completed,6715.92
106425,1034,2023-03-26,completed,7012.66
106426,1043,2025-06-30,completed,512.07
106427,1023,2023-06-09,pending,3022.85
106428,1046,2024-07-04,pending,277.25
106429,1006,2024-02-07,refunded,3132.25
106430,1002,2024-06-07,shipped,421.95
106431,1034,2023-01-23,completed,1921.36
106432,1021,2025-01-27,completed,3146.76
106433,1050,2023-10-08,shipped,1748.08
106434,1018,2024-07-29,pending,4138.22
106435,1001,2025-11-22,cancelled,4118.02
106436,1015,2023-05-10,completed,3653.94
106437,1012,2023-01-07,completed,3746.67
106438,1014,2024-11-21,completed,3008.79
106439,1035,2024-07-02,completed,6472.4
106440,1039,2024-07-24,completed,4072.49
106441,1026,2023-02-02,shipped,1514.52
106442,1008,2025-09-03,completed,1530.5
106443,1027,2025-05-25,completed,1362.95
106444,1021,2025-04-20,completed,2263.07
106445,1006,2025-07-22,shipped,112.71
106446,1003,2024-03-10,completed,2613.0
106447,1029,2025-02-07,shipped,1762.93
106448,1050,2024-12-20,completed,3693.08
106449,1032,2025-08-15,cancelled,5711.68
106450,1049,2024-04-23,shipped,3059.39
106451,1047,2023-05-18,cancelled,3151.84
106452,1007,2023-06-28,completed,238.0
106453,1027,2023-03-10,completed,3508.8
106454,1010,2023-12-08,refunded,2483.32
106455,1043,2025-11-24,completed,2928.14
106456,1015,2025-07-19,refunded,928.72
106458,1025,2025-02-27,completed,553.21
106459,1050,2025-01-14,refunded,4366.33
106460,1045,2023-03-10,completed,8827.59
106461,1002,2024-05-22,completed,2906.3
106462,1039,2025-11-08,completed,1962.5
106463,1015,2025-09-16,pending,574.14
106464,1049,2023-02-15,pending,4302.75
106465,1009,2023-09-04,completed,1052.61
106466,1050,2024-01-11,pending,2484.0
106467,1010,2025-08-31,cancelled,2809.24
106468,1013,2023-06-16,completed,808.3
106469,1006,2025-07-14,cancelled,1700.62
106470,1037,2024-11-04,shipped,189.38
106471,1048,2023-04-06,pending,374.65
106472,1037,2025-04-29,completed,172.92
106473,1018,2023-12-13,shipped,3438.33
106474,1022,2025-10-28,pending,36.27
106475,1021,2023-02-19,refunded,95.3
106476,1025,2024-10-22,refunded,525.65
106477,1010,2024-09-11,completed,2085.41
106478,1018,2023-08-30,pending,2051.75
106479,1022,2025-05-15,cancelled,2933.34
106480,1017,2025-04-02,cancelled,3001.88
106481,1049,2025-04-13,completed,1827.96
106482,1022,2023-05-06,completed,795.04
106484,1010,2023-11-30,cancelled,753.25
106485,1004,2023-01-31,completed,2651.12
106486,1023,2023-12-30,refunded,2508.78
106487,1017,2023-06-14,shipped,4943.26
106488,1005,2023-11-24,completed,851.55
106489,1018,2025-05-07,completed,5131.52
106490,1023,2024-02-22,refunded,5041.98
106491,1003,2023-07-05,cancelled,6525.79
106492,1008,2023-01-13,pending,255.7
106493,1013,2024-09-22,completed,3275.95
106494,1034,2024-08-20,completed,5241.81
106495,1029,2024-04-25,cancelled,5628.99
106496,1043,2024-10-31,cancelled,1481.19
106497,1031,2023-02-09,completed,2736.93
106498,1002,2025-05-07,completed,918.04
106500,1028,2024-01-03,shipped,706.59
106501,1036,2025-06-18,completed,1466.53
106502,1034,2025-12-22,completed,3292.2
106503,1021,2025-11-15,refunded,173.76
106504,1027,2024-05-17,cancelled,865.76
106505,1003,2023-06-04,cancelled,3505.7
106506,1004,2025-04-28,shipped,4045.41
106507,1048,2023-01-12,cancelled,2683.61
106508,1016,2024-07-09,completed,2798.44
106509,1015,2024-12-04,shipped,2800.53
106510,1030,2023-04-17,pending,2040.41
106511,1023,2024-06-01,shipped,1107.76
106512,1015,2023-10-18,shipped,794.61
106513,1036,2023-01-04,pending,1067.27
106514,1004,2023-08-23,completed,839.01
106515,1050,2023-11-16,cancelled,2214.2
106516,1027,2025-07-02,completed,2001.24
106517,1007,2023-03-06,cancelled,1847.33
106518,1003,2023-05-15,completed,3595.71
106519,1034,2025-12-18,shipped,749.98
106520,1015,2023-12-23,refunded,468.82
106521,1007,2024-09-04,completed,3024.44
106522,1016,2023-03-03,refunded,1323.4
106523,1007,2023-10-29,shipped,3679.49
106524,1010,2024-11-25,completed,4063.29
106525,1014,2025-08-14,completed,3513.13
106527,1008,2025-05-08,completed,3774.96
106528,1020,2023-08-19,shipped,1239.82
106529,1031,2025-02-27,completed,921.06
106530,1049,2025-04-11,completed,4388.79
106531,1007,2023-03-09,completed,79.84
106532,1013,2024-05-06,completed,2836.9
106534,1050,2023-12-25,completed,694.68
106535,1041,2024-06-25,completed,2352.09
106536,1014,2025-02-20,cancelled,4042.42
106537,1045,2024-06-02,shipped,1834.52
106538,1024,2025-09-19,completed,1158.07
106539,1016,2024-08-27,cancelled,2518.4
106540,1016,2023-11-29,completed,3063.91
106541,1011,2023-02-08,completed,4184.68
106542,1038,2023-11-16,pending,1946.94
106543,1035,2023-01-19,shipped,950.4
106544,1049,2025-07-13,refunded,2426.36
106545,1039,2023-05-01,shipped,2745.72
106546,1024,2025-07-08,completed,4234.35
106547,1039,2024-08-24,pending,2671.76
106548,1026,2024-09-23,completed,4668.85
106549,1040,2025-05-20,shipped,2838.52
106550,1002,2025-12-27,refunded,1644.34
106551,1017,2024-07-24,completed,2626.65
106552,1018,2025-03-30,completed,2491.21
106553,1008,2025-11-10,completed,1116.56
106554,1005,2025-07-14,completed,3850.14
106555,1019,2024-07-20,pending,79.44
106556,1032,2024-02-09,completed,2081.07
106557,1049,2025-02-19,refunded,1685.88
106558,1050,2025-12-19,completed,1282.39
106559,1047,2023-09-22,shipped,4441.53
106560,1016,2025-09-19,completed,1894.98
106561,1040,2023-04-14,completed,1772.62
106562,1035,2025-03-03,completed,3846.72
106563,1024,2023-09-21,pending,4197.32
106564,1003,2023-05-29,shipped,5648.55
106565,1036,2023-12-29,completed,2354.12
106566,1011,2023-11-13,cancelled,3950.82
106567,1037,2024-05-22,completed,3198.52
106568,1049,2025-09-04,shipped,290.12
106569,1002,2025-10-11,shipped,1689.99
106570,1024,2025-06-07,completed,1555.37
106571,1007,2024-06-05,completed,2033.72
106572,1012,2024-05-30,refunded,2022.87
106573,1036,2024-11-01,shipped,1336.25
106574,1022,2024-01-24,shipped,2771.79
106575,1049,2023-09-16,completed,4771.78
106576,1042,2023-05-17,completed,2960.0
106577,1049,2025-08-13,completed,1593.36
106578,1043,2023-05-18,cancelled,789.12
106579,1026,2024-04-09,refunded,444.51
106580,1037,2023-05-25,completed,3168.43
106581,1007,2024-02-23,refunded,3107.03
106582,1033,2024-10-20,cancelled,1557.66
106583,1032,2025-08-20,completed,635.53
106584,1015,2025-06-09,completed,2425.5
106585,1043,2025-02-24,completed,2391.24
106586,1042,2023-10-05,completed,2537.73
106587,1027,2023-11-06,shipped,130.28
106588,1038,2024-11-20,completed,6089.23
106589,1001,2025-09-19,pending,2636.33
106590,1013,2023-07-29,completed,5581.6
106591,1032,2025-03-31,shipped,3589.46
106592,1015,2023-03-11,refunded,702.7
106593,1032,2025-12-29,completed,8002.1
106594,1039,2025-01-16,cancelled,250.2
106595,1013,2025-07-07,pending,275.54
106596,1001,2025-12-13,shipped,2317.81
106597,1033,2025-09-10,refunded,3046.78
106598,1024,2024-08-17,completed,2838.56
106599,1005,2024-09-21,completed,2562.43
106600,1044,2023-12-01,completed,3704.26
106601,1004,2024-02-02,cancelled,2152.09
106602,1030,2025-04-08,completed,3632.62
106603,1005,2025-09-30,completed,2656.81
106604,1005,2023-05-31,completed,1123.05
106605,1029,2025-05-08,refunded,3104.09
106606,1026,2024-01-03,completed,1407.06
106607,1011,2023-05-26,completed,999.26
106608,1037,2024-02-01,pending,776.52
106609,1020,2024-09-02,completed,3528.19
106610,1041,2024-09-27,refunded,5939.18
106611,1023,2023-01-01,completed,2562.7
106612,1002,2023-02-22,cancelled,1352.51
106613,1032,2025-05-01,refunded,2121.94
106614,1024,2023-05-15,cancelled,1987.31
106615,1044,2025-04-26,completed,2456.6
106616,1004,2023-05-27,cancelled,2892.18
106617,1029,2025-01-01,pending,2250.89
106618,1008,2023-12-07,shipped,2379.78
106619,1046,2024-07-02,pending,2381.02
106620,1026,2024-06-07,shipped,1750.32
106621,1006,2024-12-26,completed,203.48
106622,1020,2023-06-11,cancelled,6486.53
106623,1002,2024-10-19,completed,2161.82
106624,1016,2025-03-14,completed,1037.33
106625,1049,2023-08-28,completed,3911.39
106626,1024,2025-08-26,completed,1595.13
106627,1024,2024-05-18,cancelled,1729.83
106628,1031,2024-09-30,shipped,691.32
106629,1022,2023-02-07,completed,4137.19
106630,1035,2023-11-03,completed,886.13
106631,1017,2023-02-19,completed,5511.49
106632,1023,2025-03-17,completed,2301.7
106633,1039,2023-03-23,shipped,2940.66
106634,1017,2025-03-28,completed,1729.12
106635,1016,2023-02-13,pending,1886.57
106636,1033,2023-01-26,pending,1251.57
106637,1029,2024-11-23,pending,2009.14
106638,1019,2025-06-14,shipped,557.18
106639,1020,2024-02-22,completed,2202.03
106640,1032,2025-05-05,completed,7187.55
106641,1012,2024-01-24,pending,377.2
106642,1006,2023-02-12,shipped,1470.3
106643,1005,2025-06-03,completed,1708.71
106644,1026,2025-09-16,shipped,441.61
106645,1012,2023-08-29,cancelled,2555.79
106646,1038,2024-07-31,completed,832.6
106647,1048,2023-10-25,pending,2885.56
106648,1008,2024-11-17,completed,607.6
106649,1045,2023-04-07,completed,841.68
106650,1035,2024-05-08,cancelled,1681.17
106651,1026,2025-04-05,completed,1140.16
106652,1033,2023-11-22,completed,618.12
106653,1017,2025-08-21,completed,1664.48
106654,1047,2024-07-12,cancelled,2476.03
106655,1020,2025-09-10,cancelled,4506.0
106656,1008,2023-04-27,cancelled,1814.54
106657,1014,2023-10-09,completed,375.84
106658,1042,2023-05-11,pending,5689.75
106659,1020,2024-11-25,completed,1066.84
106660,1005,2025-05-12,refunded,6418.99
106661,1032,2025-04-15,refunded,401.4
106662,1044,2024-05-23,cancelled,2481.51
106663,1024,2025-02-08,completed,3468.4
106664,1032,2023-01-28,cancelled,3293.56
106665,1043,2025-12-30,completed,2788.24
106666,1009,2025-09-22,pending,2662.43
106667,1007,2025-03-06,pending,3078.72
106668,1049,2023-04-17,completed,1265.11
106669,1039,2025-03-21,pending,1118.01
106670,1026,2025-01-29,completed,1719.26
106672,1015,2023-06-29,cancelled,914.13
106673,1013,2023-01-17,shipped,517.48
106674,1037,2023-01-23,shipped,904.04
106675,1034,2023-08-31,completed,2397.2
106676,1014,2024-04-30,completed,581.84
106677,1025,2023-10-05,shipped,1181.3
106678,1018,2023-11-20,completed,470.52
106679,1022,2025-07-31,completed,1857.69
106680,1038,2025-01-20,refunded,52.48
106681,1049,2024-01-18,completed,3391.83
106682,1001,2025-12-28,completed,2978.09
106683,1046,2025-08-07,refunded,772.72
106684,1016,2024-08-27,completed,7177.72
106685,1014,2024-07-13,shipped,279.9
106686,1044,2023-03-31,completed,6035.03
106687,1018,2024-07-30,completed,3245.63
106688,1006,2024-04-06,completed,3154.71
106689,1014,2023-02-03,shipped,2634.06
106690,1046,2025-03-08,cancelled,3029.82
106691,1042,2024-03-08,refunded,3095.11
106692,1049,2024-11-07,pending,3209.56
106693,1012,2023-12-10,refunded,1819.32
106694,1031,2023-11-02,pending,4620.45
106695,1044,2023-04-18,cancelled,2187.15
106696,1039,2023-01-25,refunded,3310.24
106697,1032,2025-05-10,completed,2976.83
106698,1002,2023-03-04,completed,53.3
106699,1022,2023-11-12,pending,2305.89
106700,1025,2025-04-11,completed,2640.1
106701,1047,2023-05-09,shipped,1535.86
106702,1047,2023-05-26,completed,4381.45
106703,1002,2023-05-19,completed,1460.16
106704,1001,2023-07-04,pending,985.88
106705,1001,2024-10-09,completed,3775.51
106706,1010,2025-06-20,completed,1312.08
106707,1040,2024-01-03,completed,187.35
106708,1011,2024-05-17,completed,4954.29
106709,1027,2024-06-27,cancelled,781.24
106710,1020,2024-06-25,cancelled,3397.32
106711,1017,2023-07-18,refunded,3829.32
106712,1011,2025-08-15,completed,4242.93
106713,1031,2025-07-31,shipped,3013.82
106714,1022,2023-06-13,cancelled,5247.65
106715,1049,2025-12-24,pending,3195.01
106716,1019,2024-09-07,pending,3877.51
106717,1045,2025-05-29,pending,4653.04
106718,1036,2024-04-26,completed,1942.61
106719,1040,2025-10-10,cancelled,2711.98
106720,1049,2025-07-31,shipped,1047.91
106721,1017,2025-02-05,pending,3389.71
106722,1039,2024-01-16,cancelled,2369.52
106723,1020,2025-08-28,completed,1388.85
106724,1024,2024-05-15,refunded,2406.84
106725,1034,2024-01-16,completed,1098.97
106726,1005,2025-06-04,completed,3889.16
106727,1018,2023-10-22,cancelled,1048.96
106728,1037,2025-09-08,refunded,2178.55
106729,1010,2024-03-06,refunded,4894.41
106730,1026,2024-06-14,completed,355.95
106731,1044,2023-10-01,completed,157.85
106732,1003,2025-03-19,pending,832.84
106733,1040,2024-01-18,completed,4453.16
106734,1013,2024-04-29,cancelled,1059.6
106735,1045,2025-12-31,cancelled,3101.2
106736,1039,2023-10-07,cancelled,4429.29
106737,1040,2023-07-12,cancelled,286.96
106738,1001,2023-05-14,shipped,3607.71
106739,1007,2023-12-25,completed,534.46
106740,1043,2024-03-11,pending,1565.96
106741,1033,2025-12-11,shipped,499.85
106742,1045,2025-09-16,refunded,1841.92
106743,1045,2023-06-22,refunded,1660.92
106744,1032,2024-12-01,pending,3769.0
106745,1044,2025-06-25,pending,4275.9
106746,1036,2023-05-23,shipped,2068.34
106747,1025,2023-09-12,completed,3707.58
106748,1042,2025-03-16,completed,2054.0
106749,1035,2023-11-13,refunded,3028.82
106750,1032,2023-11-05,pending,5016.84
106751,1037,2025-08-14,completed,7194.97
106752,1020,2025-04-28,shipped,98.15
106753,1049,2023-03-11,pending,2117.97
106754,1025,2025-09-06,refunded,3042.66
106755,1009,2024-02-29,completed,172.56
106756,1026,2025-02-14,completed,3062.56
106757,1013,2023-12-14,shipped,382.0
106758,1014,2023-10-05,completed,1071.88
106759,1014,2023-03-18,pending,1318.4
106760,1020,2024-09-01,completed,5489.81
106761,1041,2025-10-12,completed,1454.03
106762,1004,2025-06-08,refunded,5330.15
106763,1034,2025-11-02,pending,1301.86
106764,1047,2023-10-10,shipped,983.76
106765,1034,2025-05-30,completed,1935.84
106766,1019,2024-05-16,pending,2000.03
106767,1016,2025-11-07,completed,3937.55
106768,1040,2025-04-06,pending,2095.48
106769,1010,2024-08-02,pending,6622.53
106770,1015,2025-09-21,shipped,2331.14
106771,1037,2025-12-06,shipped,2592.7
106772,1021,2025-09-19,shipped,1486.34
106773,1012,2024-07-22,refunded,2885.96
106774,1001,2025-11-02,completed,2764.51
106775,1044,2024-10-07,completed,1481.74
106776,1033,2024-03-01,refunded,1658.11
106777,1042,2025-06-12,completed,808.24
106779,1011,2024-03-31,completed,3048.04
106780,1032,2023-07-27,completed,1221.03
106781,1015,2025-12-28,completed,5651.51
106782,1045,2023-08-02,shipped,3331.71
106783,1038,2024-11-26,completed,410.82
106784,1035,2023-05-30,cancelled,1219.38
106785,1032,2023-12-01,completed,7670.91
106786,1019,2025-12-23,completed,2675.04
106787,1035,2024-09-06,refunded,4897.76
106788,1045,2023-11-27,pending,1039.28
106789,1018,2025-10-29,pending,1495.4
106790,1023,2025-11-17,shipped,2413.56
106791,1037,2023-09-21,pending,141.48
106792,1027,2025-09-16,completed,3365.86
106793,1028,2024-08-17,pending,1051.4
106794,1018,2025-02-26,completed,2437.44
106795,1018,2024-02-14,cancelled,2884.24
106796,1049,2025-01-27,completed,3710.0
106797,1049,2024-07-09,completed,4384.81
106798,1006,2024-10-26,pending,4946.99
106799,1010,2024-07-05,refunded,3806.97
106800,1017,2024-01-30,shipped,1515.36
106801,1013,2023-01-08,refunded,4977.99
106802,1036,2023-11-12,pending,1974.21
106803,1008,2023-04-14,completed,2047.1
106804,1050,2023-10-16,completed,3050.83
106805,1024,2023-09-29,completed,4670.94
106806,1044,2024-12-30,cancelled,2305.35
106807,1050,2025-11-03,completed,2197.29
106808,1049,2025-12-06,completed,1378.12
106810,1005,2025-01-04,completed,750.15
106811,1040,2023-12-19,pending,3558.39
106812,1024,2023-01-12,completed,1474.32
106813,1045,2025-07-03,shipped,5466.71
106814,1007,2025-04-29,refunded,153.96
106815,1046,2023-04-28,completed,856.34
106816,1040,2024-12-23,completed,3154.73
106817,1040,2023-12-25,refunded,3863.77
106818,1023,2023-05-21,shipped,1520.73
106819,1042,2025-08-25,completed,6810.35
106820,1036,2024-02-18,shipped,5424.2
106821,1001,2025-12-30,completed,4563.49
106822,1044,2024-04-22,refunded,6414.19
106823,1020,2023-03-27,completed,383.7
106824,1050,2024-05-17,completed,3963.01
106825,1041,2024-09-02,completed,352.92
106826,1015,2025-11-15,pending,1092.57
106827,1018,2023-04-03,completed,1028.55
106828,1038,2025-12-31,completed,1972.75
106829,1021,2024-07-23,completed,2917.19
106830,1011,2023-01-25,refunded,695.63
106831,1012,2023-05-16,pending,4363.14
106832,1032,2025-09-24,refunded,2226.85
106833,1009,2023-11-10,completed,1958.58
106834,1048,2025-01-12,shipped,2706.84
106835,1043,2023-01-27,completed,3637.96
106836,1037,2025-08-08,completed,146.28
106837,1022,2025-02-12,cancelled,6053.46
106838,1024,2025-11-09,shipped,2083.69
106839,1010,2024-04-01,completed,1063.9
106840,1011,2024-11-20,refunded,140.97
106841,1032,2023-04-03,cancelled,791.1
106842,1034,2023-01-03,cancelled,3101.15
106843,1033,2024-07-07,cancelled,547.95
106844,1038,2023-04-01,completed,1129.26
106845,1012,2025-12-22,refunded,135.72
106846,1041,2025-12-02,shipped,1785.34
106847,1003,2023-02-05,completed,2211.14
106848,1026,2023-11-11,completed,1010.9
106849,1016,2025-06-20,pending,1442.02
106850,1001,2025-12-26,pending,1424.19
106851,1031,2025-01-18,cancelled,3172.49
106852,1001,2025-11-17,cancelled,2253.34
106853,1020,2025-12-06,completed,3619.87
106854,1007,2025-10-22,refunded,583.28
106855,1015,2024-10-17,shipped,1091.46
106856,1041,2025-11-19,completed,1618.3
106857,1039,2023-11-22,cancelled,2402.41
106858,1001,2023-12-11,completed,3567.81
106859,1020,2025-01-08,shipped,2016.02
106860,1034,2024-07-27,pending,955.43
106861,1042,2025-09-11,shipped,961.76
106862,1036,2025-06-27,cancelled,2491.87
106863,1035,2026-12-01,refunded,1405.8
106864,1047,2023-06-27,completed,4492.33
106865,1022,2025-12-20,completed,3242.1
106866,1033,2025-10-22,completed,2263.89
106867,1047,2025-02-20,refunded,2512.01
106868,1050,2024-10-01,shipped,2705.26
106869,1050,2023-02-17,completed,1280.26
106870,1020,2025-07-31,completed,3260.58
106871,1031,2025-08-28,pending,2243.32
106872,1033,2023-02-25,completed,3276.27
106873,1026,2023-04-26,cancelled,850.98
106874,1044,2025-05-27,refunded,111.16
106875,1027,2025-07-06,cancelled,4984.31
106876,1003,2024-07-28,pending,2203.77
106877,1028,2024-06-15,cancelled,1070.57
106878,1005,2025-05-11,completed,439.26
106879,1028,2025-12-10,refunded,7322.56
106880,1002,2023-03-23,cancelled,3265.55
106881,1028,2025-11-19,completed,2711.71
106882,1005,2024-10-18,shipped,683.02
106883,1047,2024-09-11,shipped,3484.48
106884,1034,2025-03-10,pending,1700.08
106885,1006,2024-03-06,completed,703.05
106886,1050,2025-06-26,completed,1204.2
106887,1025,2023-11-15,cancelled,412.03
106889,1033,2023-06-12,completed,3518.06
106890,1035,2023-08-11,completed,3224.31
106891,1014,2023-02-27,refunded,916.84
106892,1009,2023-06-30,refunded,1801.73
106893,1010,2023-11-13,cancelled,66.75
106894,1015,2025-12-07,pending,1955.58
106895,1006,2023-07-21,refunded,2486.53
106896,1015,2023-02-24,refunded,3107.79
106897,1048,2025-04-02,cancelled,1186.44
106898,1031,2023-03-17,completed,1466.26
106899,1038,2023-09-28,pending,2284.48
106900,1048,2023-10-22,shipped,1585.44
106901,1038,2024-04-18,completed,6239.42
106902,1016,2025-11-13,refunded,2090.04
106903,1012,2024-09-14,pending,1822.9
106904,1019,2024-05-11,completed,4389.89
106905,1044,2025-10-02,pending,6559.83
106906,1007,2025-04-27,refunded,1011.09
106907,1036,2024-04-06,completed,1745.46
106908,1024,2025-07-02,refunded,2843.61
106909,1021,2024-04-28,completed,4849.03
106910,1030,2024-03-22,completed,2280.75
106911,1017,2023-03-29,refunded,1441.04
106912,1017,2025-06-20,completed,95.26
106913,1007,2023-07-11,pending,2875.93
106914,1007,2024-03-31,completed,1370.81
106916,1040,2024-07-27,completed,1533.26
106917,1008,2025-11-08,completed,1400.29
106918,1043,2023-06-06,completed,3525.78
106919,1027,2025-09-16,cancelled,9249.69
106920,1022,2023-07-29,completed,1246.35
106921,1027,2024-10-22,completed,3539.32
106922,1031,2025-06-28,completed,2542.91
106923,1023,2025-03-16,shipped,1756.1
106924,1011,2023-03-18,cancelled,4307.79
106925,1013,2025-07-11,pending,4518.57
106926,1038,2023-10-19,cancelled,5904.8
106927,1046,2024-06-30,pending,2966.59
106928,1050,2024-06-23,pending,3104.66
106929,1025,2024-08-23,refunded,3223.87
106930,1020,2025-05-16,refunded,2042.24
106931,1025,2024-09-02,completed,2993.53
106932,1013,2023-10-03,completed,437.42
106933,1006,2025-10-18,cancelled,2874.54
106934,1046,2023-09-01,shipped,3237.41
106935,1002,2025-01-19,cancelled,4604.69
106937,1016,2023-10-29,pending,1709.07
106938,1049,2025-11-08,shipped,5407.75
106939,1019,2024-03-02,completed,4010.5
106940,1045,2023-07-01,shipped,1356.77
106941,1015,2024-09-15,completed,2767.25
106942,1038,2024-04-09,completed,4016.26
106943,1021,2025-02-08,completed,124.83
106944,1014,2024-12-11,cancelled,4069.62
106945,1011,2024-05-21,pending,1100.21
106946,1003,2023-02-19,completed,1991.8
106947,1004,2025-02-26,cancelled,5457.07
106948,1020,2023-12-28,completed,1651.47
106949,1008,2024-12-31,completed,3580.69
106950,1041,2025-09-24,cancelled,939.76
106952,1001,2023-08-24,completed,3275.24
106953,1024,2024-11-20,completed,6034.68
106954,1006,2023-06-07,cancelled,3939.82
106955,1015,2023-05-28,refunded,1336.68
106956,1038,2023-07-22,refunded,2747.56
106957,1016,2024-07-14,pending,273.07
106958,1019,2023-04-30,shipped,4547.39
106959,1018,2024-02-21,pending,1416.01
106960,1025,2024-08-12,cancelled,3054.0
106961,1008,2023-09-14,pending,2369.62
106962,1036,2024-05-09,refunded,687.78
106963,1001,2023-11-07,refunded,1364.98
106964,1010,2023-03-02,cancelled,5244.14
106965,1019,2025-02-26,refunded,2197.66
106966,1050,2024-01-22,pending,4203.77
106967,1012,2023-09-10,cancelled,1309.95
106968,1050,2025-04-30,pending,849.68
106969,1032,2023-01-04,completed,1113.82
106970,1041,2024-05-07,completed,1475.7
106971,1032,2023-03-07,refunded,1567.91
106972,1032,2023-09-20,cancelled,2328.43
106973,1041,2024-03-26,shipped,3724.68
106974,1028,2023-03-23,completed,1339.24
106975,1009,2025-05-17,completed,947.39
106976,1046,2025-09-26,shipped,1780.39
106977,1004,2023-07-12,refunded,3628.46
106978,1044,2023-05-28,completed,3466.22
106979,1049,2024-07-19,completed,4210.58
106980,1013,2023-02-25,completed,1910.74
106981,1028,2024-12-18,pending,5022.04
106982,1047,2025-03-20,pending,455.32
106983,1048,2023-10-14,refunded,1665.96
106984,1039,2025-02-24,pending,2816.43
106985,1037,2025-02-16,completed,3119.46
106986,1021,2024-12-31,cancelled,487.62
106987,1046,2024-11-16,shipped,3028.56
106988,1005,2024-01-10,cancelled,2280.89
106989,1029,2024-06-22,completed,74.0
106990,1037,2023-02-23,refunded,6180.83
106991,1024,2024-10-24,completed,1171.28
106992,1045,2024-11-16,completed,2491.94
106993,1041,2024-03-02,refunded,4074.72
106994,1009,2024-06-07,pending,2440.11
106995,1008,2024-01-05,shipped,3032.28
106996,1043,2023-01-02,pending,449.08
106997,1028,2024-04-23,completed,1837.91
106998,1048,2024-07-19,cancelled,3896.21
106999,1047,2023-06-21,cancelled,2041.04
107000,1033,2024-02-10,completed,3311.99
107001,1018,2024-06-17,refunded,3188.51
107002,1007,2025-12-13,pending,559.72
107004,1037,2024-10-10,completed,545.92
107005,1042,2023-01-17,completed,2348.35
107006,1039,2024-08-07,pending,2022.95
107007,1001,2025-06-10,completed,2180.7
107008,1018,2023-04-17,shipped,2050.16
107009,1027,2025-10-25,completed,1163.04
107010,1039,2025-09-10,completed,3689.23
107012,1044,2023-06-22,completed,797.88
107013,1038,2024-05-27,pending,2786.78
107014,1034,2025-04-24,cancelled,2616.38
107015,1005,2023-01-31,refunded,4113.3
107016,1030,2025-07-23,completed,598.09
107017,1014,2025-04-10,shipped,4835.22
107018,1032,2024-09-08,completed,3782.75
107019,1050,2023-04-19,cancelled,2188.06
107020,1033,2023-01-05,refunded,140.76
107021,1039,2024-02-10,refunded,1703.43
107022,1040,2025-02-01,completed,3604.47
107023,1024,2024-02-06,pending,951.48
107024,1036,2024-01-14,completed,1761.18
107025,1001,2025-10-25,refunded,4034.72
107026,1018,2024-11-17,completed,1426.41
107027,1034,2023-10-10,completed,4370.83
107028,1042,2023-07-16,refunded,312.0
107029,1050,2025-04-06,pending,50.75
107030,1028,2024-10-07,completed,1855.47
107031,1025,2023-10-18,completed,266.3
107032,1001,2025-04-02,completed,1987.32
107033,1033,2025-11-29,completed,1864.77
107034,1041,2023-10-07,completed,3491.81
107035,1038,2024-10-16,refunded,3493.16
107036,1035,2023-09-25,cancelled,2460.69
107037,1048,2025-02-01,completed,4258.32
107038,1016,2023-07-15,cancelled,1971.94
107039,1028,2023-04-05,completed,3096.12
107040,1008,2024-06-08,completed,3120.72
107041,1036,2023-07-26,completed,1238.87
107042,1035,2025-01-14,shipped,2980.98
107043,1037,2023-08-28,completed,2793.16
107044,1045,2024-06-04,refunded,3563.26
107045,1045,2024-08-03,completed,837.18
107046,1006,2024-01-16,pending,6254.46
107047,1013,2024-09-02,pending,1544.76
107048,1035,2023-01-11,completed,1115.72
107049,1001,2025-05-30,completed,1528.7
107050,1020,2023-04-22,refunded,2259.36
107051,1039,2024-12-31,pending,1741.57
107052,1014,2025-08-27,refunded,239.67
107053,1016,2024-07-20,shipped,1951.65
107054,1035,2025-01-08,shipped,2320.23
107055,1046,2024-04-20,pending,730.66
107056,1045,2023-07-08,cancelled,2749.97
107057,1049,2025-02-24,completed,757.04
107058,1041,2023-05-16,pending,4097.58
107059,1034,2025-03-09,completed,320.3
107060,1027,2025-11-12,shipped,2928.42
107061,1043,2025-05-02,completed,1776.06
107062,1038,2025-01-26,completed,2128.29
107063,1034,2025-01-29,completed,862.49
107064,1022,2024-07-08,pending,1879.33
107065,1016,2024-10-12,completed,2777.59
107066,1032,2025-04-15,refunded,1213.55
107067,1021,2024-11-25,completed,1342.69
107068,1019,2024-02-19,refunded,1380.6
107069,1011,2025-10-08,completed,2413.08
107070,1004,2024-11-24,completed,4764.08
107071,1015,2025-07-26,cancelled,1750.87
107072,1021,2024-02-07,cancelled,2195.6
107073,1044,2024-04-04,completed,3523.09
107074,1050,2024-08-09,shipped,265.58
107075,1039,2025-05-28,cancelled,709.98
107076,1030,2025-04-25,pending,4276.17
107077,1042,2023-10-29,shipped,2733.6
107078,1013,2024-04-29,shipped,2607.96
107079,1050,2023-06-08,completed,1990.3
107080,1017,2024-04-04,shipped,4297.5
107081,1006,2025-03-17,cancelled,3503.82
107082,1029,2025-08-03,completed,2700.56
107083,1037,2025-10-15,pending,5732.01
107084,1004,2023-05-01,cancelled,280.48
107085,1030,2023-01-09,completed,1877.66
107086,1004,2025-05-17,shipped,3485.77
107087,1009,2023-02-09,completed,1878.9
107088,1010,2024-07-17,completed,4948.71
107089,1042,2023-09-08,pending,377.1
107090,1023,2024-09-01,pending,3818.01
107092,1015,2024-10-24,completed,3871.82
107093,1048,2023-12-03,refunded,25.21
107094,1022,2024-12-06,pending,1779.21
107095,1012,2024-01-27,completed,4494.51
107096,1024,2024-09-07,completed,1169.9
107097,1006,2024-06-21,refunded,6926.38
107098,1035,2023-08-13,cancelled,2626.8
107099,1019,2025-02-23,completed,1582.66
107100,1013,2023-07-01,pending,305.96
107101,1050,2023-02-22,cancelled,1975.32
107102,1037,2024-04-04,completed,2674.9
107103,1026,2023-08-16,completed,3727.97
107104,1034,2023-08-09,completed,1445.32
107105,1031,2023-02-26,pending,3210.08
107106,1010,2024-05-20,shipped,3523.61
107107,1022,2023-03-11,refunded,2142.45
107108,1038,2024-04-08,completed,2451.7
107109,1004,2024-03-17,cancelled,3771.51
107110,1016,2025-09-14,refunded,53.12
107111,1008,2024-07-14,refunded,3190.45
107112,1010,2023-04-04,shipped,4866.69
107113,1029,2024-06-27,cancelled,5472.98
107114,1001,2023-05-26,pending,111.69
107115,1028,2023-03-19,completed,3223.42
107116,1030,2023-07-06,pending,323.1
107117,1011,2024-08-02,cancelled,1063.67
107118,1023,2023-06-20,completed,5615.89
107119,1015,2024-09-30,completed,1315.14
107120,1033,2023-03-21,shipped,3565.48
107121,1050,2025-05-04,completed,1660.01
107122,1021,2023-03-09,completed,3405.85
107123,1039,2023-03-23,completed,5446.4
107124,1040,2024-02-15,shipped,643.52
107125,1043,2024-11-05,shipped,4650.32
107126,1027,2023-11-16,completed,1011.57
107127,1001,2023-06-02,completed,3959.35
107128,1005,2023-07-16,refunded,4416.36
107129,1037,2023-07-24,shipped,1520.96
107130,1044,2023-06-13,refunded,1321.28
107131,1005,2023-06-26,completed,2673.64
107132,1019,2023-10-04,completed,811.1
107133,1025,2024-09-25,completed,6216.91
107134,1016,2025-08-08,refunded,2616.22
107135,1009,2027-01-30,refunded,979.53
107136,1029,2024-08-15,completed,2663.7
107137,1003,2025-12-28,refunded,3085.58
107138,1032,2024-10-11,pending,1584.8
107139,1023,2023-06-03,shipped,6507.43
107140,1004,2025-06-12,refunded,609.45
107141,1048,2025-10-02,completed,2332.94
107142,1012,2024-01-20,completed,4820.66
107144,1026,2023-06-13,cancelled,2374.16
107145,1016,2023-08-16,pending,1884.52
107146,1034,2024-08-09,completed,1790.88
107147,1046,2023-09-01,completed,1164.9
107148,1019,2023-06-05,completed,3349.75
107149,1037,2024-11-18,completed,3522.68
107150,1016,2025-06-06,completed,2204.8
107151,1009,2025-04-12,completed,3953.41
107152,1034,2024-11-21,completed,2349.99
107153,1021,2025-10-14,completed,482.66
107154,1032,2023-01-05,cancelled,1628.42
107155,1020,2025-09-23,refunded,756.62
107156,1011,2025-08-13,shipped,1760.38
107157,1007,2024-07-19,shipped,6508.59
107158,1001,2025-01-05,pending,5006.96
107159,1010,2025-11-03,shipped,2047.13
107160,1025,2023-04-30,completed,497.57
107161,1001,2024-11-28,pending,1736.02
107162,1037,2025-04-03,completed,972.41
107163,1042,2025-10-30,completed,2647.52
107164,1002,2024-01-13,cancelled,4691.79
107165,1033,2025-07-22,pending,1593.29
107166,1049,2025-01-10,completed,1531.32
107167,1024,2025-02-22,pending,2424.05
107168,1029,2023-03-29,completed,2273.7
107169,1031,2024-07-16,refunded,2687.86
107170,1006,2025-02-13,cancelled,4266.56
107172,1035,2025-05-12,completed,5239.28
107173,1002,2025-11-14,refunded,2563.39
107174,1024,2023-01-11,cancelled,3696.56
107175,1050,2025-04-23,shipped,2300.85
107176,1022,2024-07-10,completed,4762.72
107177,1024,2023-10-16,pending,1005.48
107178,1006,2024-01-29,cancelled,373.7
107179,1016,2024-12-20,completed,344.1
107180,1009,2023-10-20,completed,475.68
107181,1042,2023-11-14,completed,4127.26
107182,1044,2025-08-22,refunded,2772.75
107183,1046,2024-01-30,shipped,2485.38
107184,1026,2024-08-31,completed,6200.91
107185,1020,2023-03-21,refunded,3606.23
107186,1012,2025-07-15,refunded,3224.98
107187,1030,2025-02-02,cancelled,3659.84
107188,1046,2024-05-19,cancelled,148.32
107189,1036,2024-10-05,completed,2069.56
107190,1033,2025-06-26,completed,991.26
107192,1011,2025-12-22,completed,2649.41
107193,1001,2023-01-16,completed,4449.85
107194,1005,2025-01-06,shipped,4965.47
107195,1007,2025-08-09,completed,2890.36
107196,1028,2023-02-05,completed,627.7
107197,1013,2023-07-29,completed,1887.46
107198,1039,2024-11-05,completed,1732.75
107199,1022,2024-11-12,completed,2325.56
107200,1022,2025-11-11,completed,3642.03
107201,1042,2024-06-21,pending,6304.56
107202,1042,2025-07-19,cancelled,3787.79
107203,1009,2023-09-21,completed,3694.39
107204,1017,2025-11-10,shipped,5801.67
107205,1025,2024-04-02,pending,6328.83
107206,1005,2024-12-06,shipped,521.8
107207,1017,2023-02-21,completed,5882.35
107208,1016,2023-08-25,completed,7319.42
107209,1040,2025-06-29,completed,3623.71
107210,1012,2025-04-04,shipped,2188.55
107211,1009,2024-11-10,completed,2826.07
107212,1047,2025-10-06,shipped,1804.71
107213,1008,2023-02-12,refunded,4201.04
107214,1050,2023-01-02,shipped,2052.1
107215,1018,2023-04-11,completed,266.86
107216,1007,2023-11-10,shipped,3368.85
107217,1024,2025-05-28,pending,2600.16
107218,1048,2023-04-10,completed,2416.98
107219,1038,2024-05-07,pending,2623.61
107220,1002,2025-01-30,completed,3082.88
107221,1033,2024-10-13,pending,1940.26
107222,1050,2024-04-01,cancelled,3362.74
107223,1011,2024-09-04,shipped,857.36
107224,1038,2025-01-02,cancelled,2991.37
107225,1036,2024-07-28,pending,1776.54
107226,1014,2023-11-26,shipped,725.26
107228,1041,2024-08-28,completed,2043.15
107229,1035,2025-10-18,completed,220.62
107230,1008,2023-01-19,completed,3121.14
107231,1021,2024-05-07,completed,1200.6
107232,1037,2023-12-23,completed,6319.11
107233,1041,2023-03-07,completed,1434.06
107234,1043,2023-09-16,completed,2332.6
107235,1039,2024-12-01,refunded,2160.36
107236,1044,2023-08-10,shipped,2301.38
107237,1042,2025-07-28,refunded,2185.28
107238,1048,2023-02-28,completed,577.44
107239,1024,2025-02-14,completed,3010.51
107240,1002,2025-01-25,completed,3750.28
107241,1038,2024-03-12,cancelled,3814.78
107242,1017,2024-11-23,shipped,5573.75
107243,1038,2024-01-07,refunded,2162.3
107244,1007,2023-10-13,pending,865.55
107245,1025,2024-07-26,refunded,3768.05
107246,1049,2025-06-10,completed,2119.26
107247,1002,2023-07-05,completed,2763.69
107248,1034,2024-08-28,shipped,2120.02
107249,1025,2023-09-26,completed,1181.08
107250,1008,2025-08-08,refunded,3376.23
107251,1046,2023-09-02,cancelled,4904.65
107252,1049,2023-12-27,pending,4517.28
107253,1024,2025-08-30,pending,3616.32
107254,1046,2023-09-16,refunded,4909.73
107255,1031,2024-03-17,refunded,3162.44
107256,1006,2023-11-18,completed,3748.5
107257,1024,2025-01-03,completed,1767.65
107258,1030,2025-05-06,cancelled,492.68
107259,1010,2023-08-06,completed,207.12
107260,1047,2024-03-09,shipped,955.08
107261,1029,2025-09-24,shipped,472.17
107263,1015,2023-04-30,completed,396.42
107264,1001,2024-11-30,completed,6287.31
107265,1045,2024-01-13,pending,2271.62
107266,1018,2024-07-29,pending,324.52
107267,1046,2025-01-24,shipped,6678.68
107268,1011,2025-07-09,shipped,1874.24
107269,1038,2023-10-20,completed,4269.89
107270,1020,2024-12-05,refunded,84.4
107271,1021,2023-10-07,completed,3713.67
107272,1015,2025-02-27,cancelled,1162.9
107273,1023,2025-12-30,completed,1807.37
107274,1042,2025-02-10,pending,163.14
107275,1002,2024-05-16,completed,4920.39
107276,1013,2023-08-31,completed,1736.77
107277,1036,2024-12-23,cancelled,791.79
107278,1029,2023-08-02,cancelled,5305.92
107279,1001,2025-10-18,pending,4936.93
107280,1027,2024-11-27,completed,1239.13
107281,1015,2025-08-22,refunded,2140.31
107282,1025,2023-09-14,refunded,4648.98
107283,1018,2023-06-27,cancelled,152.36
107284,1050,2023-04-23,cancelled,1591.94
107285,1033,2023-05-03,completed,2032.72
107286,1049,2023-08-22,pending,6408.29
107287,1025,2025-06-23,pending,2955.37
107288,1014,2025-09-05,pending,381.15
107289,1032,2024-05-18,completed,378.52
107290,1031,2025-09-22,shipped,2470.47
107291,1028,2023-11-15,refunded,2911.64
107292,1020,2025-11-24,completed,127.57
107293,1050,2025-01-22,completed,6480.19
107294,1029,2023-06-21,completed,321.29
107295,1036,2024-09-30,completed,5256.76
107296,1003,2024-05-16,refunded,4188.84
107297,1010,2024-05-18,refunded,5014.65
107298,1039,2023-11-01,cancelled,2360.72
107299,1033,2024-02-29,completed,2414.08
107300,1048,2025-10-25,pending,7080.99
107301,1004,2023-09-17,refunded,1220.63
107302,1030,2024-06-12,pending,1165.22
107303,1017,2024-02-18,pending,1205.21
107304,1045,2023-05-27,completed,5020.41
107305,1026,2023-10-13,completed,1422.27
107306,1016,2024-07-16,refunded,2529.6
107307,1046,2025-03-05,completed,5467.94
107308,1042,2025-03-15,completed,4082.63
107309,1047,2024-03-27,completed,4045.78
107310,1035,2025-09-26,completed,1572.66
107311,1038,2024-12-08,refunded,2372.86
107312,1047,2025-09-28,cancelled,4841.86
107313,1013,2025-03-01,pending,2931.44
107314,1007,2024-06-16,pending,1866.44
107315,1034,2025-05-22,completed,4281.7
107316,1019,2024-08-12,completed,3316.23
107317,1043,2023-02-14,pending,1661.49
107318,1024,2024-10-06,pending,2302.93
107319,1044,2025-05-07,pending,768.65
107320,1031,2024-11-14,completed,281.7
107321,1050,2023-04-22,refunded,3320.09
107322,1050,2025-07-05,cancelled,1008.76
107323,1021,2024-04-18,completed,4109.07
107324,1011,2025-06-21,refunded,640.25
107325,1032,2024-07-05,completed,1526.97
107326,1043,2023-08-14,pending,726.36
107327,1024,2025-01-30,completed,2101.68
107328,1042,2024-02-06,pending,1992.96
107329,1042,2023-01-13,completed,1727.34
107330,1032,2025-08-07,completed,3757.92
107331,1042,2025-11-30,cancelled,326.72
107332,1025,2025-07-28,completed,6733.26
107333,1032,2025-12-20,completed,186.28
107334,1023,2023-10-22,completed,1378.28
107335,1018,2023-11-16,completed,4842.16
107336,1044,2024-07-06,completed,732.3
107337,1005,2025-03-19,pending,1352.41
107338,1024,2025-06-30,pending,5927.14
107339,1016,2024-03-25,completed,5298.4
107340,1001,2025-12-01,completed,1558.11
107341,1032,2026-06-12,refunded,2729.12
107342,1027,2023-02-25,cancelled,2328.43
107343,1006,2024-08-21,completed,2941.62
107344,1023,2024-06-02,refunded,810.9
107345,1022,2024-02-24,completed,2726.96
107346,1017,2025-07-13,shipped,2363.65
107347,1034,2025-11-09,cancelled,3067.96
107349,1005,2025-04-10,cancelled,397.41
107350,1018,2023-06-25,completed,5556.42
107351,1014,2024-11-18,cancelled,2755.17
107352,1001,2024-08-08,shipped,860.49
107353,1050,2025-01-28,completed,3051.08
107354,1031,2023-04-17,refunded,2905.78
107355,1013,2024-06-19,completed,4253.88
107356,1010,2023-07-11,completed,2918.13
107357,1028,2023-01-02,completed,3437.82
107358,1049,2024-08-20,completed,1289.82
107359,1019,2025-12-22,cancelled,1890.24
107360,1008,2023-05-03,completed,1479.22
107361,1020,2025-12-08,shipped,1295.69
107364,1042,2023-03-15,completed,886.7
107365,1042,2023-05-06,completed,1656.8
107366,1046,2023-05-11,pending,1436.47
107368,1045,2025-11-08,completed,1032.84
107369,1036,2024-11-07,shipped,693.42
107370,1041,2023-07-31,shipped,3583.98
107371,1043,2025-09-04,pending,2994.56
107372,1027,2025-11-01,completed,1818.48
107373,1030,2023-01-25,pending,2515.62
107374,1048,2024-10-12,completed,2964.79
107375,1002,2025-09-24,shipped,6271.37
107376,1012,2023-07-06,completed,3002.74
107377,1016,2025-08-05,completed,4043.02
107378,1018,2025-12-15,shipped,1718.64
107379,1004,2024-02-23,cancelled,4695.07
107380,1030,2023-07-11,completed,4282.26
107381,1001,2025-03-08,refunded,2162.18
107382,1031,2025-05-15,completed,441.35
107383,1048,2025-08-20,pending,2569.08
107384,1036,2025-12-03,cancelled,4012.13
107385,1028,2025-04-27,pending,1185.6
107386,1025,2024-10-19,completed,649.09
107387,1047,2024-02-29,completed,7124.94
107388,1011,2023-05-18,completed,1584.7
107389,1019,2025-06-19,completed,3636.15
107390,1047,2024-05-20,completed,4385.35
107391,1034,2025-11-08,completed,2651.55
107392,1016,2025-03-30,completed,2986.93
107393,1045,2025-09-14,shipped,571.41
107394,1008,2024-11-07,refunded,88.08
107395,1001,2025-05-21,shipped,1370.34
107397,1024,2024-03-02,refunded,3438.51
107398,1024,2024-02-19,completed,912.86
107399,1037,2024-11-29,completed,1412.78
107400,1035,2025-08-04,pending,2863.03
107401,1011,2025-05-30,shipped,2734.41
107402,1040,2024-03-30,completed,1651.84
107403,1021,2025-01-29,cancelled,2825.0
107404,1032,2024-10-17,refunded,3815.06
107405,1001,2024-09-06,completed,4434.91
107406,1008,2023-01-10,pending,1720.64
107407,1008,2023-01-16,shipped,6279.56
107408,1020,2023-09-14,refunded,4004.28
107409,1022,2025-07-24,refunded,3659.03
107410,1004,2023-12-08,refunded,1357.17
107411,1021,2025-07-22,refunded,2243.34
107412,1042,2025-10-23,completed,1644.26
107413,1015,2025-09-11,shipped,1660.04
107414,1024,2024-02-11,refunded,5584.6
107415,1002,2023-01-18,completed,143.03
107416,1033,2023-04-09,cancelled,839.98
107417,1036,2023-10-16,completed,3997.34
107418,1037,2025-09-28,cancelled,2779.28
107419,1021,2024-12-15,cancelled,1491.9
107420,1004,2025-07-04,completed,5200.12
107421,1031,2025-05-24,cancelled,3448.86
107422,1030,2025-08-30,pending,6160.61
107423,1046,2025-06-08,refunded,23.13
107424,1050,2025-07-21,completed,1667.07
107425,1007,2025-02-12,refunded,2198.74
107426,1023,2024-08-11,completed,888.8
107427,1033,2025-01-20,completed,3089.12
107428,1032,2024-07-30,cancelled,6591.06
107429,1036,2025-01-16,refunded,4877.7
107430,1018,2024-02-15,completed,629.8
107431,1011,2023-06-30,completed,3573.22
107432,1013,2024-05-14,cancelled,2907.14
107433,1047,2023-02-13,cancelled,1795.88
107434,1050,2024-05-13,completed,1975.88
107435,1005,2024-11-16,refunded,2067.12
107436,1029,2023-08-23,completed,836.62
107437,1026,2023-07-16,completed,2611.53
107438,1050,2023-11-07,completed,387.05
107439,1032,2023-03-08,pending,4434.41
107440,1016,2024-03-03,completed,2488.9
107441,1012,2024-11-19,pending,1932.96
107442,1038,2024-02-21,completed,2213.01
107443,1019,2025-10-21,completed,554.6
107444,1012,2023-07-02,completed,2763.79
107445,1004,2025-04-05,shipped,426.9
107446,1048,2024-05-31,completed,2816.55
107447,1050,2025-10-31,cancelled,3049.57
107448,1017,2024-08-03,refunded,249.3
107449,1025,2023-11-16,completed,4069.31
107450,1018,2025-10-10,completed,5153.22
107451,1001,2025-04-14,completed,4945.37
107452,1033,2025-11-27,completed,3078.68
107453,1040,2024-11-13,refunded,1931.49
107454,1020,2023-12-07,pending,3768.43
107456,1024,2024-08-17,completed,3671.23
107457,1025,2023-10-17,shipped,611.43
107458,1029,2023-04-12,completed,7800.21
107459,1025,2025-02-11,completed,2229.66
107460,1009,2023-02-19,refunded,2712.8
107461,1033,2024-03-02,pending,1996.43
107462,1015,2025-03-31,completed,2021.27
107463,1039,2024-02-10,completed,1676.18
107464,1048,2024-03-20,shipped,2661.9
107465,1024,2024-02-16,completed,1843.97
107466,1020,2023-04-27,completed,3705.32
107467,1012,2025-12-13,shipped,167.32
107468,1007,2025-06-27,completed,540.09
107469,1008,2024-09-26,completed,5644.6
107470,1045,2024-04-17,cancelled,2153.54
107471,1045,2023-05-13,shipped,204.45
107472,1013,2024-01-04,cancelled,2880.73
107473,1027,2024-04-16,completed,4668.38
107474,1050,2025-06-27,pending,2435.94
107475,1049,2025-05-05,completed,2824.99
107476,1006,2023-02-20,refunded,2193.21
107477,1032,2023-10-15,cancelled,1511.28
107478,1028,2025-11-30,completed,5350.77
107479,1023,2024-09-12,pending,4498.1
107480,1023,2024-06-09,pending,1128.35
107481,1019,2024-12-12,completed,1046.33
107482,1026,2023-06-30,completed,3170.68
107483,1017,2024-03-10,refunded,2706.96
107484,1013,2023-01-18,pending,5781.05
107485,1012,2024-02-20,pending,2444.61
107486,1032,2024-08-17,completed,1824.94
107487,1021,2023-09-13,completed,1678.46
107488,1012,2025-05-14,completed,923.94
107489,1020,2025-04-15,refunded,6383.79
107490,1022,2023-02-28,cancelled,6393.73
107491,1001,2025-09-21,pending,1619.0
107492,1006,2023-07-21,pending,574.26
107493,1016,2023-09-14,shipped,7363.65
107494,1050,2024-03-19,completed,6308.5
107495,1016,2025-12-13,cancelled,1057.45
107496,1020,2023-06-29,cancelled,1699.68
107497,1003,2023-11-27,pending,1983.76
107498,1035,2023-11-22,pending,2894.44
107499,1006,2025-06-28,refunded,2402.66
107500,1010,2023-01-23,cancelled,1735.48
107501,1015,2025-07-05,pending,1023.62
107503,1044,2025-03-20,completed,606.75
107504,1003,2023-01-02,completed,5060.8
107505,1044,2024-05-10,shipped,2204.06
107506,1044,2023-10-05,completed,1326.14
107507,1003,2025-09-10,completed,544.26
107508,1048,2025-10-12,completed,3065.78
107509,1009,2024-01-20,completed,2408.18
107510,1025,2025-12-25,completed,2077.96
107511,1019,2023-05-29,completed,3826.26
107512,1030,2025-06-21,refunded,492.22
107513,1009,2025-09-15,shipped,2304.49
107514,1032,2023-05-24,shipped,365.42
107515,1049,2024-12-22,completed,416.52
107516,1008,2025-12-30,pending,3719.97
107517,1043,2023-08-22,shipped,4599.42
107518,1015,2023-04-25,completed,1182.0
107519,1019,2023-01-09,shipped,317.6
107520,1012,2024-07-06,cancelled,665.8
107521,1002,2025-12-06,shipped,2062.88
107522,1046,2025-10-03,cancelled,142.59
107523,1014,2023-04-12,completed,778.82
107524,1011,2023-10-17,completed,3811.83
107525,1020,2023-07-28,completed,5731.25
107526,1028,2023-01-28,cancelled,5491.38
107527,1005,2023-03-15,completed,2058.81
107528,1049,2023-02-17,cancelled,1293.8
107529,1033,2024-12-06,completed,1707.34
107530,1050,2024-01-23,shipped,1177.5
107531,1014,2023-09-01,shipped,2918.62
107532,1026,2023-12-11,completed,3304.51
107533,1014,2025-10-17,completed,112.2
107534,1040,2023-10-06,refunded,4629.74
107535,1015,2025-02-27,cancelled,127.04
107536,1018,2024-06-15,refunded,2124.3
107537,1039,2025-01-14,pending,1347.72
107538,1025,2024-08-13,cancelled,6430.67
107539,1018,2025-10-10,completed,114.56
107540,1043,2024-07-21,pending,6684.19
107541,1050,2025-01-22,cancelled,414.6
107542,1040,2025-10-12,completed,2694.3
107543,1037,2025-10-06,completed,1453.85
107544,1047,2024-06-02,completed,513.16
107545,1041,2023-05-15,pending,1663.35
107546,1046,2025-05-07,refunded,3005.54
107547,1006,2024-07-02,completed,4516.2
107548,1016,2024-04-13,completed,7364.96
107549,1014,2025-05-28,completed,861.75
107550,1037,2025-10-09,pending,1948.74
107551,1007,2024-09-05,completed,1288.88
107552,1016,2023-03-02,refunded,1532.95
107553,1007,2025-01-17,pending,3042.71
107554,1012,2027-01-24,completed,1889.88
107556,1023,2025-04-16,refunded,115.03
107557,1016,2024-03-23,refunded,380.58
107558,1039,2024-09-07,refunded,252.09
107559,1012,2025-05-31,cancelled,826.55
107560,1046,2023-03-06,completed,2660.44
107561,1044,2024-09-17,refunded,3921.72
107562,1012,2023-03-07,completed,2509.5
107563,1003,2025-04-01,completed,2016.06
107564,1027,2023-01-17,pending,1193.28
107565,1022,2023-12-19,shipped,1119.12
107566,1018,2023-04-04,pending,869.48
107567,1033,2025-09-30,refunded,4773.92
107568,1041,2024-10-06,cancelled,676.43
107569,1016,2024-12-08,cancelled,155.3
107570,1039,2023-01-10,shipped,2117.52
107571,1050,2023-05-10,completed,3329.91
107572,1031,2024-12-20,completed,4061.46
107573,1018,2023-09-29,cancelled,2774.84
107574,1045,2024-09-06,completed,3835.61
107575,1043,2023-07-12,completed,2352.94
107576,1032,2023-05-13,pending,1942.08
107577,1038,2024-04-21,refunded,2990.66
107579,1036,2024-11-08,completed,2836.02
107580,1031,2023-07-25,completed,1403.49
107581,1010,2024-12-23,completed,3783.81
107582,1049,2023-12-08,completed,2660.05
107583,1040,2025-08-01,completed,1834.66
107584,1035,2025-02-17,refunded,968.88
107585,1018,2023-08-16,completed,4499.77
107587,1038,2025-10-12,shipped,2672.34
107588,1046,2024-12-17,completed,3186.46
107589,1040,2023-06-14,cancelled,1054.24
107590,1012,2023-03-25,refunded,1488.76
107591,1011,2023-06-15,completed,3308.03
107592,1004,2023-06-10,cancelled,1742.12
107593,1046,2024-09-15,refunded,2442.0
107594,1018,2024-03-26,pending,3059.26
107595,1032,2025-05-05,pending,2709.37
107596,1050,2023-08-09,pending,1055.1
107597,1040,2025-06-24,pending,217.6
107598,1029,2023-10-15,cancelled,1512.64
107599,1047,2025-09-01,pending,2827.98
107600,1022,2023-12-08,pending,2697.04
107601,1035,2023-07-27,refunded,4296.74
107602,1040,2025-11-18,shipped,2997.36
107603,1049,2025-06-24,completed,851.28
107604,1001,2023-05-02,shipped,2601.79
107605,1039,2025-06-02,completed,1219.63
107606,1013,2024-04-26,shipped,4352.85
107607,1001,2023-06-01,cancelled,2042.36
107608,1043,2023-05-02,completed,2512.92
107609,1020,2024-11-06,shipped,2261.77
107610,1032,2023-10-20,cancelled,3895.68
107611,1002,2025-05-07,completed,3632.64
107612,1035,2023-07-24,refunded,5877.58
107613,1023,2024-04-14,shipped,673.2
107614,1026,2025-12-22,completed,2438.07
107615,1016,2023-07-05,completed,2658.04
107616,1033,2023-04-28,completed,3302.22
107617,1049,2024-05-11,completed,2190.24
107618,1009,2023-10-24,completed,2992.47
107619,1030,2024-05-01,completed,1469.36
107620,1047,2025-08-23,refunded,2462.1
107621,1003,2025-02-14,completed,1066.74
107622,1031,2023-05-11,cancelled,4071.43
107623,1021,2023-02-19,completed,4441.54
107624,1029,2024-02-02,shipped,2355.16
107625,1015,2024-02-20,completed,2844.33
107626,1038,2025-02-01,refunded,3047.08
107627,1017,2023-03-20,cancelled,3680.02
107628,1004,2025-09-17,completed,1947.8
107629,1044,2023-08-08,completed,4501.75
107630,1017,2023-08-23,pending,488.66
107631,1045,2025-03-09,refunded,5393.16
107632,1037,2025-07-14,refunded,148.4
107633,1001,2023-08-17,completed,2902.4
107634,1021,2023-06-20,completed,2741.84
107635,1038,2025-09-28,refunded,346.05
107636,1030,2023-11-17,shipped,1890.19
107637,1010,2025-03-24,completed,2637.75
107638,1037,2025-06-25,cancelled,4088.41
107639,1031,2025-09-18,refunded,2777.78
107640,1010,2023-10-08,shipped,1421.15
107641,1024,2025-09-25,pending,1947.23
107642,1012,2024-12-10,cancelled,2199.34
107643,1047,2023-06-15,refunded,3776.9
107644,1041,2024-06-04,completed,5133.86
107645,1024,2023-12-30,completed,942.39
107646,1021,2025-02-11,refunded,932.87
107647,1009,2025-10-09,shipped,257.74
107648,1021,2024-03-12,completed,1679.04
107650,1034,2023-04-24,shipped,507.56
107651,1002,2025-03-29,refunded,3141.25
107652,1015,2024-05-01,refunded,5753.94
107653,1012,2023-01-18,refunded,1183.0
107655,1041,2024-02-26,pending,1910.67
107656,1017,2025-07-29,completed,1832.02
107657,1008,2023-05-21,cancelled,2817.3
107658,1001,2024-05-06,shipped,2598.36
107659,1028,2023-04-02,completed,3463.03
107660,1002,2023-09-28,completed,3380.03
107661,1030,2024-10-04,completed,6158.67
107662,1027,2025-02-07,completed,887.51
107663,1033,2023-11-24,completed,5010.9
107664,1047,2023-12-13,refunded,3425.8
107665,1023,2023-03-06,shipped,5116.25
107666,1022,2023-06-07,cancelled,2357.07
107667,1020,2023-09-06,refunded,1272.9
107668,1050,2024-03-31,refunded,3087.4
107669,1015,2023-06-26,cancelled,3026.39
107670,1021,2024-05-17,pending,2611.11
107671,1021,2025-08-12,shipped,2483.1
107672,1015,2024-09-19,pending,2097.02
107673,1026,2024-01-13,completed,2657.58
107674,1029,2023-09-23,completed,2102.4
107675,1023,2023-07-24,completed,2822.92
107676,1003,2023-01-19,completed,379.36
107677,1009,2024-07-04,completed,2299.14
107678,1015,2023-02-26,cancelled,2136.93
107679,1030,2024-10-18,completed,2983.41
107680,1007,2023-01-14,completed,2114.34
107681,1023,2023-08-14,shipped,1097.4
107682,1015,2024-06-26,completed,2501.52
107683,1050,2025-01-14,shipped,220.83
107685,1046,2025-03-20,completed,5683.03
107686,1012,2023-08-24,completed,2790.62
107687,1029,2025-10-17,completed,2791.99
107688,1018,2023-08-27,refunded,1608.71
107689,1050,2025-10-21,refunded,3500.1
107690,1039,2025-05-21,shipped,1017.27
107691,1032,2023-08-07,cancelled,3395.33
107692,1023,2025-02-20,pending,3527.08
107693,1047,2023-02-21,completed,891.26
107694,1030,2025-07-28,completed,1420.87
107695,1004,2025-12-10,cancelled,2037.12
107696,1034,2023-04-06,cancelled,8100.53
107698,1016,2024-08-14,pending,222.33
107699,1043,2024-09-10,refunded,1897.66
107700,1035,2025-02-19,pending,599.16
107701,1024,2024-03-23,completed,1145.94
107702,1028,2023-08-15,refunded,3939.52
107703,1017,2023-07-18,completed,4463.71
107704,1047,2023-07-29,completed,426.08
107705,1031,2024-04-09,shipped,5785.52
107706,1021,2025-12-25,pending,2195.08
107707,1040,2025-05-01,pending,3540.79
107708,1048,2024-05-27,completed,2892.84
107709,1011,2025-03-04,shipped,2360.49
107710,1037,2023-02-14,pending,3677.32
107711,1024,2024-04-18,completed,921.9
107712,1005,2024-03-26,cancelled,2096.53
107713,1049,2024-04-11,cancelled,3065.86
107714,1022,2023-06-11,completed,2029.2
107715,1021,2024-01-06,completed,2241.3
107716,1016,2023-08-21,cancelled,3588.44
107717,1048,2023-04-29,completed,1147.09
107718,1028,2024-07-27,completed,3258.18
107719,1048,2023-04-13,cancelled,4655.34
107720,1011,2023-10-25,completed,1577.43
107721,1034,2025-07-14,completed,3650.98
107722,1004,2024-07-29,completed,2466.9
107723,1029,2023-02-11,shipped,238.78
107724,1015,2025-03-31,completed,364.19
107725,1045,2025-09-10,cancelled,134.0
107726,1015,2025-12-02,completed,2196.39
107727,1042,2025-09-04,shipped,1392.84
107728,1044,2023-04-27,completed,3703.35
107729,1030,2023-10-04,pending,1325.25
107730,1008,2024-07-25,refunded,67.84
107731,1050,2024-11-18,completed,4381.45
107732,1009,2023-07-14,shipped,3436.27
107733,1024,2023-07-28,pending,4635.23
107734,1014,2024-03-08,refunded,421.26
107735,1050,2024-10-03,refunded,412.28
107736,1036,2025-04-15,refunded,2075.15
107737,1047,2025-08-02,refunded,4579.49
107738,1021,2023-12-31,refunded,3877.88
107739,1050,2023-07-31,shipped,5699.46
107740,1037,2025-04-20,pending,2416.59
107741,1028,2025-11-04,completed,580.48
107742,1007,2024-03-08,refunded,3370.86
107743,1049,2023-04-20,shipped,3483.93
107744,1018,2023-12-08,completed,5522.23
107745,1015,2024-02-29,refunded,4468.78
107746,1001,2023-06-07,pending,2359.78
107747,1031,2023-12-18,pending,1993.35
107748,1050,2024-02-03,completed,2809.26
107749,1028,2024-05-10,pending,895.39
107750,1045,2025-12-15,completed,1813.18
107751,1043,2023-04-03,cancelled,3024.56
107752,1039,2023-04-26,pending,5728.55
107753,1021,2025-01-01,completed,5388.59
107754,1006,2024-11-12,completed,2200.97
107755,1039,2025-05-12,cancelled,3587.98
107756,1033,2023-09-11,pending,1925.55
107757,1012,2024-03-22,cancelled,4428.75
107758,1023,2024-10-21,completed,2233.79
107759,1028,2024-07-11,refunded,161.0
107760,1044,2024-01-13,shipped,815.28
107761,1014,2023-05-17,cancelled,2221.87
107762,1005,2024-06-04,refunded,6394.38
107763,1030,2024-01-03,refunded,1359.37
107764,1019,2024-01-09,completed,5850.06
107765,1031,2023-03-18,cancelled,984.44
107766,1010,2024-04-22,shipped,2689.4
107767,1030,2024-06-12,refunded,4431.42
107768,1044,2024-05-30,completed,1448.23
107769,1037,2025-03-08,refunded,4622.98
107770,1024,2024-05-11,refunded,834.96
107771,1007,2025-03-30,cancelled,1234.52
107772,1015,2023-04-05,shipped,3742.68
107773,1047,2024-09-18,refunded,3077.08
107774,1032,2025-08-09,cancelled,3310.23
107775,1009,2023-03-07,cancelled,5224.57
107776,1018,2023-12-27,completed,4282.72
107777,1045,2024-01-21,cancelled,49.6
107778,1050,2023-07-10,pending,1669.5
107779,1037,2023-05-17,completed,932.77
107780,1036,2025-08-21,pending,2740.44
107781,1018,2025-09-06,completed,5879.63
107782,1019,2024-04-08,completed,357.93
107783,1043,2024-01-05,completed,2901.7
107784,1021,2023-12-16,refunded,4707.95
107785,1018,2023-07-12,shipped,2983.81
107786,1027,2024-04-15,pending,2144.72
107787,1035,2024-05-18,cancelled,1174.37
107788,1043,2024-10-02,completed,2086.58
107789,1015,2023-07-24,refunded,1605.08
107790,1034,2024-07-03,completed,3441.42
107791,1033,2024-07-08,cancelled,4150.73
107792,1034,2023-03-05,cancelled,704.55
107793,1024,2025-01-23,cancelled,1423.48
107794,1050,2025-06-18,completed,3123.02
107795,1031,2023-07-06,cancelled,1119.04
107796,1016,2025-05-22,completed,4480.93
107797,1041,2025-05-03,completed,5096.34
107798,1030,2024-08-06,completed,714.64
107799,1013,2024-01-30,shipped,4081.54
107800,1036,2023-05-14,pending,1082.06
107801,1014,2024-09-29,completed,713.61
107802,1029,2024-10-27,cancelled,2488.57
107803,1006,2023-04-25,refunded,1213.79
107804,1016,2023-06-05,refunded,7882.79
107805,1015,2023-02-25,completed,1048.73
107806,1013,2024-10-16,completed,1751.5
107807,1026,2023-12-26,cancelled,3229.25
107808,1004,2024-05-10,pending,2099.69
107809,1011,2025-06-05,cancelled,6469.52
107810,1012,2025-05-17,completed,2133.99
107811,1038,2024-12-11,completed,2573.7
107812,1010,2023-07-11,completed,761.68
107813,1014,2023-05-14,refunded,345.74
107814,1012,2024-01-28,cancelled,3215.76
107815,1043,2024-04-17,completed,4391.86
107816,1042,2023-11-01,completed,3916.57
107818,1006,2023-12-30,cancelled,1975.8
107819,1036,2025-04-19,completed,3718.29
107820,1008,2025-11-25,shipped,2231.61
107821,1040,2024-05-02,completed,2735.83
107822,1021,2023-07-29,shipped,6362.51
107823,1020,2024-06-05,completed,3100.82
107824,1042,2025-01-11,completed,1410.9
107825,1048,2023-12-28,shipped,269.85
107827,1045,2024-11-06,completed,1686.48
107828,1045,2024-02-23,refunded,285.03
107829,1034,2024-12-12,refunded,1334.51
107830,1013,2025-12-07,completed,4305.14
107831,1014,2025-09-09,refunded,161.15
107832,1012,2025-05-24,refunded,2014.0
107833,1044,2024-08-03,completed,806.76
107834,1004,2023-07-16,pending,3525.69
107835,1003,2024-06-13,completed,179.91
107836,1036,2025-12-07,completed,5161.95
107837,1041,2024-11-27,completed,1129.53
107838,1037,2025-07-21,completed,1469.72
107839,1016,2025-04-03,pending,285.93
107841,1001,2025-06-07,pending,2562.89
107843,1003,2024-06-12,completed,4455.46
107844,1003,2023-08-07,cancelled,4385.95
107845,1001,2023-02-15,shipped,3320.88
107846,1013,2024-06-18,pending,2254.29
107847,1025,2023-06-15,refunded,607.11
107848,1040,2025-12-08,refunded,2341.68
107849,1030,2025-07-06,completed,47.39
107850,1050,2025-01-04,pending,2346.3
107851,1015,2023-01-01,completed,420.99
107852,1001,2025-10-31,completed,3634.35
107853,1005,2025-02-26,cancelled,4253.21
107854,1037,2024-01-06,completed,4986.39
107855,1013,2025-01-23,cancelled,3173.92
107856,1044,2025-11-25,completed,1679.04
107857,1044,2024-07-23,refunded,1340.65
107858,1050,2024-11-17,pending,5772.68
107859,1005,2024-04-14,completed,994.64
107861,1019,2023-10-05,cancelled,1673.33
107862,1009,2023-12-31,pending,4812.48
107863,1045,2023-12-10,refunded,33.6
107864,1026,2024-09-07,refunded,3882.61
107865,1017,2023-04-25,refunded,1945.8
107866,1019,2024-10-24,pending,1353.9
107867,1022,2023-12-20,pending,1038.64
107868,1006,2024-09-08,refunded,262.54
107869,1022,2025-04-22,refunded,1839.19
107870,1010,2024-08-11,completed,1417.69
107871,1009,2025-04-13,refunded,1031.02
107872,1036,2025-02-28,completed,1726.2
107873,1025,2024-03-28,cancelled,1665.63
107874,1023,2023-02-14,completed,6278.85
107876,1002,2023-10-17,shipped,4074.35
107877,1029,2024-11-13,refunded,3021.28
107878,1024,2024-03-02,refunded,2643.44
107879,1047,2025-10-28,completed,861.45
107880,1003,2025-09-29,completed,5011.08
107881,1027,2025-08-30,completed,1670.61
107882,1033,2025-04-29,completed,2140.58
107883,1037,2025-05-15,completed,1558.41
107884,1037,2024-07-30,cancelled,1484.22
107885,1006,2025-04-05,refunded,446.24
107886,1038,2024-05-15,completed,703.34
107887,1036,2023-11-05,completed,412.32
107888,1029,2025-05-13,pending,135.87
107889,1002,2023-04-08,completed,973.62
107890,1043,2025-07-03,completed,2367.53
107891,1003,2025-08-02,pending,1094.6
107892,1032,2025-04-26,pending,698.94
107893,1002,2025-03-14,shipped,3675.14
107894,1006,2023-03-26,shipped,5911.56
107895,1005,2025-09-27,completed,1690.48
107896,1013,2025-02-05,completed,301.48
107897,1042,2024-05-05,refunded,2595.04
107898,1032,2024-11-15,shipped,1471.52
107899,1002,2024-01-25,cancelled,1320.74
107900,1025,2024-06-03,refunded,1386.6
107901,1048,2025-09-02,pending,802.47
107902,1042,2025-08-31,completed,3795.04
107903,1025,2023-11-04,refunded,2688.0
107904,1046,2025-08-14,completed,4098.04
107905,1046,2025-06-30,completed,2654.43
107906,1044,2023-06-05,refunded,2556.84
107907,1015,2024-03-01,refunded,4198.13
107908,1026,2023-04-30,cancelled,1599.2
107910,1021,2024-07-22,completed,1746.16
107911,1049,2025-02-02,completed,6762.99
107912,1039,2023-11-04,cancelled,1725.8
107913,1045,2024-06-23,completed,6541.97
107914,1015,2024-11-14,cancelled,1646.08
107915,1045,2024-05-18,completed,2279.92
107916,1050,2023-09-24,pending,3117.89
107917,1026,2023-01-28,completed,524.07
107918,1028,2023-06-11,completed,3741.4
107919,1011,2024-09-22,refunded,4329.6
107920,1028,2025-05-13,completed,2483.66
107921,1010,2025-10-24,shipped,5010.16
107922,1029,2024-10-05,completed,393.57
107923,1006,2024-10-13,completed,1057.36
107924,1041,2025-07-06,pending,3888.95
107925,1020,2024-09-30,completed,2555.87
107926,1029,2025-05-20,shipped,1469.0
107927,1006,2025-04-16,pending,3377.71
107928,1020,2024-07-28,pending,3149.96
107929,1049,2025-04-22,cancelled,4772.85
107930,1009,2025-02-24,completed,5771.64
107931,1021,2023-02-02,completed,852.81
107932,1049,2025-01-25,completed,1149.84
107933,1025,2025-02-06,shipped,1059.26
107934,1041,2023-05-19,cancelled,1053.92
107935,1018,2024-04-21,completed,1555.97
107936,1010,2026-08-09,cancelled,230.17
107937,1042,2025-05-15,refunded,1880.9
107938,1004,2024-07-23,cancelled,1142.43
107939,1001,2025-12-31,completed,853.18
107940,1040,2023-05-18,completed,4605.19
107941,1029,2024-03-18,shipped,1299.37
107942,1043,2023-03-08,pending,913.47
107943,1037,2024-05-13,shipped,1231.83
107944,1040,2023-07-04,pending,1205.14
107945,1045,2025-10-21,completed,7004.79
107946,1043,2024-09-04,refunded,6913.09
107947,1044,2024-01-20,shipped,2780.74
107948,1025,2023-07-31,cancelled,1430.57
107949,1020,2023-12-07,completed,2849.16
107950,1015,2025-09-11,completed,3493.57
107951,1008,2023-06-18,cancelled,909.36
107952,1050,2025-04-12,completed,1148.73
107953,1004,2025-10-14,completed,3041.94
107954,1037,2023-07-04,completed,2334.85
107955,1024,2024-01-20,completed,1264.24
107956,1036,2025-02-04,completed,61.52
107957,1023,2025-05-06,completed,716.7
107959,1046,2023-06-10,completed,1060.75
107960,1023,2025-12-15,shipped,4888.37
107961,1018,2023-12-10,completed,925.1
107962,1045,2024-11-02,shipped,7171.93
107963,1010,2023-04-29,shipped,2548.09
107964,1034,2023-06-05,shipped,1328.22
107965,1047,2024-11-07,refunded,2723.72
107966,1048,2023-08-15,pending,296.54
107967,1037,2023-12-31,shipped,1898.73
107968,1011,2023-07-18,completed,2485.17
107969,1009,2023-07-07,cancelled,2738.77
107970,1036,2023-04-24,shipped,2772.18
107971,1048,2024-06-12,completed,1540.42
107972,1043,2023-12-21,completed,2311.2
107974,1010,2025-01-27,pending,2911.38
107975,1022,2024-05-10,refunded,3829.34
107976,1035,2023-07-28,completed,1610.72
107977,1004,2023-11-13,completed,4047.46
107978,1042,2023-06-28,cancelled,808.62
107979,1039,2024-02-07,completed,2162.73
107980,1047,2024-12-30,completed,5262.89
107981,1044,2023-05-09,completed,4399.01
107982,1043,2023-05-01,completed,1117.56
107983,1008,2025-06-22,completed,2232.79
107984,1027,2023-07-24,shipped,1266.98
107985,1047,2025-04-14,shipped,6742.22
107986,1044,2024-10-02,pending,777.87
107988,1039,2025-06-04,cancelled,2491.79
107989,1043,2024-10-28,completed,730.35
107990,1012,2024-01-12,shipped,1498.51
107992,1013,2025-04-12,refunded,3197.98
107993,1045,2024-06-30,completed,1738.1
107994,1017,2024-09-20,completed,134.66
107996,1025,2023-07-30,pending,2747.13
107997,1015,2025-02-22,pending,3352.22
107998,1025,2023-07-11,completed,1016.56
107999,1014,2025-12-14,completed,446.46
108000,1032,2024-05-27,refunded,3792.35
108001,1008,2025-04-08,completed,2173.05
108002,1032,2025-10-28,completed,3142.39
108003,1046,2025-10-19,cancelled,1564.58
108004,1013,2025-02-19,shipped,770.4
108005,1025,2023-10-27,shipped,1658.01
108006,1005,2024-07-08,shipped,2778.97
108007,1021,2023-06-26,completed,2934.0
108008,1032,2024-04-16,cancelled,1395.42
108009,1005,2024-12-21,completed,1569.46
108010,1027,2025-07-22,cancelled,814.56
108011,1025,2023-10-26,completed,502.39
108012,1041,2025-08-06,shipped,2591.4
108013,1021,2025-10-07,completed,3014.93
108014,1009,2024-01-27,pending,2167.83
108015,1013,2023-10-24,completed,5914.9
108016,1035,2024-11-16,cancelled,2628.39
108017,1017,2024-11-09,shipped,3692.18
108018,1019,2023-02-17,completed,2378.59
108019,1049,2025-11-22,completed,775.24
108020,1042,2023-03-31,shipped,656.34
108021,1040,2024-01-08,completed,1013.2
108022,1043,2025-01-04,pending,6005.74
108023,1018,2025-03-28,shipped,2897.05
108025,1019,2023-03-27,shipped,1140.63
108026,1014,2023-06-20,shipped,1038.52
108027,1045,2025-10-31,pending,4517.76
108028,1037,2024-06-15,completed,2429.26
108029,1045,2025-03-07,cancelled,1445.14
108030,1032,2025-06-02,completed,3372.85
108031,1007,2025-10-04,shipped,3332.19
108032,1020,2025-06-25,pending,1870.89
108033,1028,2024-05-01,completed,3935.66
108034,1050,2023-04-18,cancelled,7363.06
108035,1011,2023-10-10,completed,1923.35
108036,1020,2023-07-20,refunded,1818.35
108037,1024,2025-02-21,completed,4928.09
108038,1016,2024-07-21,refunded,73.94
108039,1022,2023-06-13,shipped,3968.55
108040,1006,2024-03-14,completed,773.37
108041,1022,2023-09-06,cancelled,3965.76
108042,1011,2025-12-03,refunded,1012.63
108043,1020,2024-10-22,completed,4854.11
108044,1043,2024-08-16,completed,2224.62
108046,1040,2023-09-07,pending,4315.11
108047,1047,2023-04-08,completed,2120.68
108048,1009,2023-09-20,completed,2074.87
108049,1021,2023-07-10,pending,6403.64
108050,1010,2023-04-26,completed,979.36
108051,1016,2023-09-16,cancelled,1065.35
108052,1009,2023-01-17,completed,723.69
108053,1049,2025-11-24,refunded,161.16
108054,1045,2025-04-27,pending,1755.51
108055,1011,2023-11-02,completed,5903.21
108056,1016,2025-12-31,completed,1290.2
108057,1007,2023-11-22,completed,514.86
108058,1022,2023-01-04,refunded,2046.64
108059,1033,2024-03-23,completed,3748.56
108060,1001,2023-03-27,shipped,1146.72
108061,1008,2025-05-24,cancelled,3242.85
108062,1005,2025-05-15,pending,4366.86
108063,1025,2025-10-25,shipped,1513.57
108064,1044,2024-07-24,refunded,5510.48
108065,1041,2025-09-09,cancelled,1442.96
108066,1010,2024-10-28,pending,2256.22
108067,1038,2023-06-12,completed,360.99
108068,1004,2023-06-16,completed,4158.97
108069,1012,2024-11-06,cancelled,1985.24
108070,1018,2025-10-27,shipped,4126.43
108071,1041,2025-07-25,completed,293.44
108072,1019,2023-05-12,cancelled,2080.35
108073,1048,2025-12-14,cancelled,4206.61
108074,1001,2023-11-17,pending,3245.54
108075,1021,2023-09-04,cancelled,97.69
108076,1001,2025-10-06,completed,2568.44
108077,1013,2024-07-03,pending,1392.74
108078,1028,2024-10-13,refunded,1362.9
108079,1043,2025-06-11,completed,1858.36
108080,1007,2025-06-21,shipped,2156.22
108081,1027,2023-01-17,shipped,2616.5
108082,1021,2024-12-19,shipped,1333.37
108083,1031,2023-05-05,pending,2582.98
108084,1029,2023-03-19,refunded,1736.82
108085,1015,2025-08-31,cancelled,604.65
108086,1033,2024-07-29,completed,2630.56
108087,1043,2024-03-16,refunded,2221.12
108088,1004,2023-12-09,pending,3678.76
108089,1010,2023-04-10,cancelled,2878.6
108090,1001,2024-06-04,cancelled,2035.43
108091,1014,2023-06-19,refunded,3795.2
108092,1041,2023-03-10,completed,1207.74
108093,1043,2024-02-07,shipped,2235.43
108094,1038,2024-11-14,pending,103.5
108095,1007,2025-02-06,pending,3974.66
108096,1030,2025-09-22,completed,3249.85
108097,1050,2024-07-12,completed,3101.56
108098,1049,2023-11-12,completed,3921.5
108099,1005,2025-06-14,refunded,3131.35
108100,1014,2025-04-05,cancelled,2098.24
108101,1027,2023-10-06,cancelled,3006.42
108104,1049,2024-02-27,cancelled,215.33
108105,1013,2024-09-04,shipped,3337.8
108106,1019,2023-11-10,shipped,5284.75
108107,1050,2024-12-15,pending,3786.38
108108,1006,2023-11-11,completed,1419.26
108109,1029,2023-12-16,completed,3386.27
108110,1009,2024-03-21,completed,2932.58
108111,1003,2025-10-15,completed,549.8
108112,1029,2023-10-12,completed,5375.43
108113,1040,2025-05-03,completed,1677.72
108114,1049,2025-01-29,pending,2161.31
108115,1042,2024-06-30,cancelled,2076.91
108116,1009,2025-07-02,shipped,1384.66
108117,1004,2023-02-15,refunded,2285.32
108118,1012,2023-07-24,shipped,1214.1
108119,1047,2025-09-16,completed,4700.1
108120,1043,2024-07-21,completed,1753.12
108121,1045,2023-12-05,completed,3328.2
108122,1041,2025-05-29,shipped,3268.32
108123,1022,2025-11-30,cancelled,7221.62
108124,1023,2025-11-25,cancelled,2999.84
108125,1041,2025-09-01,pending,1199.64
108126,1048,2024-12-18,refunded,3143.71
108127,1004,2023-03-17,completed,5875.13
108128,1020,2024-09-12,shipped,1984.9
108129,1014,2024-03-06,refunded,309.14
108130,1008,2025-06-03,pending,2665.88
108131,1045,2023-07-28,refunded,174.68
108132,1033,2023-12-24,cancelled,2140.52
108134,1041,2027-03-03,refunded,1959.66
108135,1005,2023-04-21,pending,579.97
108136,1043,2024-05-08,refunded,1481.52
108137,1047,2024-03-07,shipped,4557.09
108138,1027,2023-09-13,cancelled,3837.69
108139,1045,2023-09-10,cancelled,2071.03
108140,1038,2025-07-20,refunded,580.22
108141,1039,2024-06-22,cancelled,4511.62
108142,1018,2024-06-21,shipped,173.17
108143,1046,2023-12-21,completed,2424.2
108144,1045,2025-10-21,pending,2897.87
108145,1045,2024-04-02,completed,2863.18
108146,1043,2025-09-26,completed,1389.87
108147,1015,2024-11-04,completed,3224.22
108148,1033,2024-10-05,completed,46.28
108149,1047,2025-01-21,completed,3089.27
108150,1005,2024-12-05,cancelled,2107.6
108151,1047,2025-09-26,shipped,4604.64
108152,1049,2025-04-17,completed,48.18
108153,1023,2025-12-23,completed,5390.96
108154,1023,2023-08-29,completed,493.98
108155,1037,2024-05-03,cancelled,1147.79
108156,1002,2024-09-10,completed,1808.31
108157,1030,2025-08-10,completed,3042.91
108158,1014,2025-06-29,cancelled,4373.54
108159,1016,2025-10-06,shipped,1257.19
108160,1042,2024-05-17,completed,1768.3
108161,1010,2024-10-16,completed,1042.24
108162,1019,2025-11-27,completed,461.98
108163,1047,2024-08-03,cancelled,829.29
108164,1031,2023-03-17,pending,1455.0
108165,1030,2025-03-06,completed,4243.24
108167,1013,2024-12-13,cancelled,1434.44
108168,1022,2023-03-22,completed,1835.65
108169,1048,2023-03-14,pending,3293.82
108170,1010,2024-07-06,completed,1494.0
108171,1018,2025-06-04,shipped,5707.69
108172,1044,2025-12-19,completed,3035.46
108173,1019,2025-03-25,completed,2378.98
108174,1011,2025-01-17,refunded,4751.61
108175,1002,2025-05-18,pending,3407.87
108176,1036,2024-12-23,refunded,89.66
108177,1047,2024-05-06,cancelled,581.64
108178,1012,2025-12-15,pending,725.25
108179,1003,2023-04-29,completed,1870.74
108180,1041,2024-03-15,refunded,1455.07
108181,1038,2024-03-13,refunded,5338.63
108182,1022,2023-08-07,completed,3865.26
108183,1041,2023-06-02,completed,3731.57
108184,1043,2025-08-16,completed,1693.52
108185,1013,2024-09-26,completed,1449.12
108186,1044,2024-04-05,pending,490.96
108187,1002,2025-04-27,refunded,2103.33
108188,1018,2023-05-09,completed,3965.28
108189,1036,2023-02-15,cancelled,211.7
108190,1016,2023-01-23,completed,1311.32
108191,1047,2024-04-12,refunded,3487.34
108192,1009,2025-01-17,refunded,4017.97
108193,1006,2023-02-21,completed,1406.22
108194,1035,2024-12-02,cancelled,2799.48
108195,1011,2025-08-22,completed,2340.06
108196,1033,2023-05-20,shipped,273.32
108197,1048,2025-12-07,pending,218.36
108198,1029,2023-08-01,refunded,2366.12
108199,1036,2023-09-21,refunded,4063.68
108200,1040,2023-06-04,cancelled,1491.6
108201,1034,2024-10-22,refunded,1617.86
108202,1011,2023-08-10,pending,6761.31
108203,1045,2023-10-28,refunded,4805.48
108204,1049,2024-09-18,refunded,2636.75
108206,1040,2025-07-13,cancelled,431.07
108207,1047,2025-02-12,cancelled,518.08
108208,1017,2025-02-06,refunded,61.4
108209,1028,2024-08-09,completed,219.68
108210,1016,2025-12-26,refunded,4370.82
108211,1029,2024-12-02,completed,17.8
108212,1036,2025-07-10,shipped,3634.28
108213,1033,2024-11-23,completed,1713.12
108214,1018,2023-07-25,shipped,1572.71
108215,1006,2025-05-28,completed,268.96
108216,1005,2024-07-26,completed,496.2
108217,1034,2023-10-03,completed,3791.09
108218,1016,2024-06-18,shipped,1654.93
108219,1044,2024-05-12,completed,924.63
108220,1031,2023-07-19,completed,675.35
108221,1048,2024-02-29,completed,6652.96
108222,1004,2025-11-06,refunded,3125.76
108223,1003,2024-08-19,pending,1729.55
108224,1050,2023-01-22,cancelled,3047.37
108225,1030,2025-06-10,shipped,361.2
108226,1048,2025-08-10,completed,719.8
108227,1024,2025-02-03,pending,283.15
108228,1018,2025-09-15,refunded,2129.54
108229,1035,2025-05-02,completed,715.15
108230,1042,2023-03-27,shipped,2371.86
108231,1049,2025-11-23,shipped,1085.78
108232,1030,2024-09-05,shipped,7262.78
108233,1026,2024-03-31,completed,186.27
108234,1048,2023-11-28,refunded,4441.91
108235,1049,2024-11-03,completed,459.98
108236,1043,2025-08-14,completed,508.61
108237,1049,2023-06-20,completed,5281.77
108239,1012,2024-04-17,cancelled,2051.71
108240,1010,2024-05-27,completed,897.77
108241,1015,2025-09-23,completed,1917.4
108242,1045,2023-09-25,refunded,5945.15
108243,1019,2023-08-23,shipped,1457.21
108244,1031,2023-04-19,shipped,2360.73
108245,1009,2025-02-04,shipped,2842.32
108246,1008,2025-03-24,completed,3274.6
108247,1024,2025-08-09,pending,2157.53
108248,1045,2023-08-30,completed,2797.59
108249,1014,2024-05-24,pending,2581.31
108250,1034,2024-11-29,pending,3896.27
108251,1035,2023-10-15,completed,115.29
108252,1009,2023-02-21,cancelled,714.02
108253,1041,2025-01-21,shipped,2199.5
108254,1036,2024-04-19,refunded,4333.78
108255,1022,2024-04-17,shipped,3845.9
108256,1017,2024-01-29,refunded,877.92
108257,1024,2023-06-19,pending,1422.26
108258,1044,2024-05-05,refunded,4387.9
108259,1045,2024-09-29,completed,2032.78
108260,1023,2024-03-21,cancelled,3143.59
108261,1025,2023-09-08,completed,2608.13
108262,1027,2024-09-15,refunded,1802.42
108263,1008,2023-11-05,completed,2265.35
108264,1047,2024-11-07,shipped,3755.89
108265,1010,2025-09-14,shipped,3160.44
108266,1045,2024-03-27,refunded,1037.02
108268,1030,2025-07-18,pending,667.42
108269,1005,2023-06-16,cancelled,856.21
108270,1046,2023-03-08,pending,2861.03
108272,1010,2023-04-27,completed,1242.84
108273,1018,2024-06-03,pending,5291.8
108275,1049,2026-06-25,completed,70.92
108276,1022,2024-04-19,cancelled,1386.68
108277,1037,2024-10-18,completed,4062.11
108278,1031,2024-06-14,refunded,3157.3
108279,1003,2025-04-06,pending,5033.86
108280,1027,2025-06-11,completed,124.04
108281,1043,2024-04-04,completed,2877.36
108282,1017,2025-07-20,cancelled,1013.4
108283,1029,2024-04-22,cancelled,1458.35
108284,1026,2024-04-29,completed,4136.79
108285,1011,2024-06-25,refunded,4722.79
108286,1045,2025-07-13,refunded,2770.12
108287,1045,2024-06-24,completed,3704.71
108288,1008,2024-09-10,completed,1624.94
108289,1011,2023-03-30,completed,1721.61
108290,1020,2025-06-17,refunded,2864.31
108291,1008,2023-08-28,completed,1886.12
108292,1025,2025-03-03,refunded,761.34
108293,1034,2024-08-15,pending,1838.62
108294,1011,2025-01-07,cancelled,3658.8
108295,1050,2025-09-04,refunded,3651.21
108296,1027,2023-08-09,pending,1622.88
108297,1049,2025-08-26,completed,1808.24
108298,1042,2025-01-11,cancelled,429.82
108299,1045,2025-05-06,pending,2888.26
108300,1033,2025-07-22,completed,3551.43
108301,1042,2024-03-06,shipped,68.94
108302,1022,2023-02-20,completed,1395.41
108303,1040,2025-11-05,cancelled,4128.86
108304,1021,2024-12-15,pending,2186.57
108305,1048,2025-06-07,cancelled,2620.46
108306,1015,2024-01-08,cancelled,1140.64
108307,1037,2023-05-19,shipped,2725.1
108308,1009,2025-04-19,pending,3149.33
108309,1002,2025-06-25,pending,1229.04
108310,1003,2025-02-06,completed,3995.22
108311,1010,2024-02-25,shipped,1120.72
108312,1033,2025-04-12,pending,2880.97
108313,1011,2025-08-17,completed,2158.12
108314,1028,2025-06-28,cancelled,1030.54
108315,1002,2023-04-23,refunded,3853.8
108316,1031,2025-01-02,completed,1547.46
108317,1035,2025-05-09,completed,1007.88
108318,1050,2023-03-08,shipped,1163.51
108319,1042,2023-12-10,completed,1909.5
108320,1017,2024-01-30,refunded,3541.99
108321,1037,2023-10-21,shipped,1883.02
108322,1040,2024-04-15,completed,142.52
108323,1019,2025-04-01,completed,2230.3
108324,1010,2025-02-12,completed,31.02
108325,1049,2023-01-05,shipped,5390.95
108326,1036,2023-09-25,completed,6338.43
108327,1044,2025-03-13,refunded,1819.22
108328,1029,2024-09-17,completed,913.22
108329,1004,2024-05-11,cancelled,2094.12
108330,1048,2023-03-09,refunded,3106.38
108331,1007,2024-06-03,refunded,4345.09
108332,1008,2024-08-11,pending,1965.12
108333,1039,2024-11-28,completed,990.37
108334,1024,2025-12-01,completed,4885.22
108335,1043,2024-12-17,completed,1660.56
108336,1044,2023-01-14,completed,7676.14
108337,1022,2025-04-20,completed,2954.04
108338,1045,2025-01-17,refunded,4690.19
108339,1009,2025-05-18,shipped,2243.74
108340,1008,2025-07-03,pending,3753.95
108341,1026,2024-01-05,completed,2587.91
108342,1034,2023-09-24,completed,311.35
108343,1004,2023-06-03,completed,3659.84
108344,1013,2023-07-10,cancelled,816.84
108345,1050,2025-04-01,completed,5442.34
108346,1008,2023-09-27,refunded,262.89
108348,1023,2025-12-10,pending,2726.85
108349,1005,2025-11-29,completed,1151.36
108350,1040,2023-06-06,refunded,4853.46
108351,1010,2024-09-26,completed,7464.31
108352,1010,2023-12-22,refunded,2232.4
108353,1043,2025-03-14,completed,1510.1
108354,1039,2023-01-18,completed,1962.34
108355,1024,2025-11-03,pending,1266.96
108356,1029,2026-10-21,cancelled,2021.38
108357,1005,2025-12-15,completed,4667.74
108358,1033,2023-06-12,completed,1211.41
108359,1020,2023-11-23,cancelled,1813.13
108360,1029,2023-01-08,cancelled,3104.25
108361,1043,2025-01-09,completed,1446.68
108362,1049,2023-05-17,completed,1270.38
108363,1016,2023-10-09,refunded,2097.67
108364,1041,2023-04-24,pending,5086.61
108365,1044,2025-08-13,cancelled,2815.86
108366,1046,2023-07-20,completed,4463.37
108367,1040,2025-07-05,completed,1854.88
108368,1038,2023-04-15,refunded,1960.46
108369,1004,2023-04-24,shipped,58.15
108370,1042,2024-11-30,cancelled,4254.16
108371,1036,2024-01-22,completed,5442.32
108372,1006,2025-02-01,pending,2844.72
108373,1018,2024-05-02,shipped,3697.85
108374,1019,2025-12-31,cancelled,1247.79
108375,1029,2023-04-11,refunded,2899.11
108376,1012,2025-07-01,completed,4197.27
108377,1005,2025-04-01,completed,5054.05
108378,1045,2025-12-24,shipped,4046.5
108379,1024,2025-07-31,completed,2495.16
108380,1010,2023-08-07,pending,1389.57
108381,1016,2025-09-16,completed,4163.88
108382,1046,2023-09-22,completed,2160.07
108383,1031,2023-04-05,refunded,1426.58
108384,1032,2024-12-23,completed,113.13
108385,1010,2023-11-02,pending,2669.44
108386,1010,2024-07-04,cancelled,716.36
108387,1011,2025-09-03,completed,480.9
108388,1045,2023-07-31,shipped,2811.8
108389,1044,2025-01-31,refunded,4932.54
108390,1037,2025-05-29,refunded,1308.35
108391,1029,2025-06-27,completed,2634.82
108392,1003,2023-02-09,completed,117.42
108393,1043,2025-07-30,cancelled,2445.6
108394,1035,2024-09-26,completed,2142.62
108395,1039,2025-08-15,shipped,4306.46
108396,1032,2025-02-28,completed,3456.5
108398,1008,2025-11-25,completed,741.67
108399,1043,2023-12-31,cancelled,2389.6
108400,1020,2025-08-20,pending,176.96
108401,1019,2025-06-08,refunded,2064.3
108402,1022,2023-12-18,completed,208.22
108403,1036,2024-09-18,cancelled,3417.21
108404,1013,2024-09-15,pending,3265.27
108405,1012,2023-12-04,refunded,124.72
108406,1031,2025-09-02,completed,2314.8
108407,1038,2024-09-21,shipped,2723.02
108408,1034,2023-03-30,shipped,2750.8
108409,1022,2023-04-07,refunded,3649.77
108410,1015,2025-12-29,completed,1348.52
108411,1042,2023-09-14,pending,4584.7
108412,1027,2025-05-07,cancelled,2078.95
108413,1010,2023-04-13,completed,2995.54
108414,1050,2023-05-15,cancelled,1450.05
108415,1004,2024-04-12,pending,2392.78
108416,1049,2023-12-10,pending,4638.07
108417,1032,2023-10-11,completed,224.68
108418,1026,2023-11-11,completed,1952.49
108419,1027,2024-04-17,shipped,7325.59
108420,1014,2024-07-03,completed,5403.05
108421,1033,2024-11-11,pending,2270.97
108422,1022,2023-08-21,pending,3123.6
108423,1049,2024-01-09,completed,964.57
108424,1005,2024-06-13,refunded,1030.24
108425,1024,2023-01-27,cancelled,301.5
108426,1032,2024-06-28,shipped,3575.46
108427,1045,2024-03-21,shipped,5262.53
108428,1002,2024-07-12,refunded,4311.39
108429,1010,2023-11-20,shipped,2889.74
108430,1013,2024-10-23,pending,777.42
108431,1004,2025-09-12,refunded,1878.65
108432,1039,2024-12-23,refunded,1073.16
108433,1034,2023-12-12,pending,4578.82
108434,1021,2023-12-01,completed,398.8
108435,1049,2024-04-28,completed,2088.42
108436,1033,2024-02-20,shipped,5688.01
108437,1019,2023-03-19,cancelled,2131.28
108438,1003,2024-09-07,pending,1674.15
108439,1043,2024-09-30,completed,3011.08
108440,1039,2025-09-28,refunded,665.34
108441,1044,2024-10-27,completed,2180.78
108442,1019,2023-04-18,completed,2302.4
108443,1031,2024-05-24,pending,231.26
108444,1020,2023-10-22,cancelled,6231.55
108445,1002,2025-06-05,completed,1066.3
108446,1010,2024-07-02,completed,4703.93
108447,1038,2024-09-18,cancelled,979.9
108448,1041,2023-02-09,completed,1464.72
108449,1018,2024-01-11,completed,2964.92
108450,1009,2025-08-18,cancelled,3684.87
108451,1036,2025-07-24,completed,605.18
108452,1030,2025-11-12,completed,4086.44
108453,1038,2025-09-12,completed,511.3
108454,1027,2024-03-02,completed,2750.63
108455,1043,2025-05-16,completed,4373.45
108456,1042,2023-11-09,refunded,1596.56
108457,1025,2024-06-03,cancelled,1227.22
108458,1036,2025-02-05,cancelled,5139.18
108459,1027,2023-11-19,completed,1492.65
108460,1044,2023-04-02,completed,2645.69
108461,1039,2023-09-15,refunded,2401.5
108462,1025,2023-07-16,pending,1885.13
108463,1046,2025-01-18,completed,180.32
108464,1027,2025-10-18,refunded,2467.05
108465,1014,2024-06-30,cancelled,3570.24
108467,1033,2023-11-08,cancelled,2578.47
108468,1045,2024-09-04,pending,1344.35
108469,1011,2023-06-11,shipped,4938.4
108470,1029,2025-02-01,completed,2864.28
108471,1026,2025-11-11,pending,998.05
108472,1011,2023-06-04,completed,833.12
108473,1025,2024-12-08,completed,2627.79
108474,1020,2024-04-02,cancelled,710.32
108475,1022,2024-06-04,completed,3206.86
108476,1031,2025-08-21,completed,536.5
108477,1046,2024-10-05,pending,3142.66
108478,1001,2025-03-14,refunded,824.2
108479,1014,2025-11-20,cancelled,2239.68
108480,1050,2024-07-22,completed,1503.77
108481,1031,2025-05-31,cancelled,484.85
108482,1016,2023-06-02,cancelled,2809.13
108483,1019,2025-01-16,pending,4500.94
108484,1024,2023-09-27,refunded,907.18
108485,1001,2025-07-27,completed,4856.04
108486,1033,2024-08-15,completed,544.18
108487,1006,2025-02-28,refunded,6720.79
108488,1012,2025-05-10,pending,5186.11
108489,1043,2023-06-08,completed,1870.65
108490,1025,2025-05-15,shipped,1463.53
108491,1030,2023-03-19,completed,4522.44
108492,1022,2024-08-05,refunded,1424.44
108493,1027,2023-07-16,cancelled,4782.94
108495,1005,2023-11-01,refunded,3045.91
108496,1009,2025-10-22,completed,1065.05
108497,1026,2024-02-29,completed,566.12
108498,1016,2025-03-11,completed,2023.83
108499,1009,2024-05-12,shipped,2811.35
108500,1004,2025-11-06,cancelled,2940.21
108501,1029,2024-12-22,shipped,1276.24
108502,1050,2024-12-24,shipped,1352.22
108503,1014,2024-12-18,completed,1256.0
108504,1045,2025-02-20,pending,1895.22
108505,1048,2023-11-25,pending,3878.39
108506,1024,2023-03-12,pending,2522.49
108507,1034,2025-09-26,refunded,1889.14
108508,1009,2027-03-31,completed,1026.96
108509,1002,2024-08-17,completed,497.43
108510,1037,2025-07-27,completed,3085.37
108511,1003,2023-02-06,shipped,707.91
108512,1008,2023-02-28,completed,911.31
108513,1012,2025-03-30,pending,2022.89
108514,1022,2025-12-01,shipped,1499.58
108515,1030,2025-01-30,cancelled,3108.1
108516,1012,2024-08-04,shipped,2568.66
108517,1029,2025-08-03,completed,2489.68
108518,1010,2024-06-23,completed,1137.42
108519,1007,2025-02-15,shipped,709.72
108520,1047,2025-07-09,completed,53.22
108521,1022,2024-11-22,pending,2585.07
108522,1001,2023-06-22,completed,2260.71
108523,1046,2023-04-04,cancelled,329.0
108524,1049,2025-01-18,completed,378.66
108526,1022,2024-05-24,completed,3862.51
108527,1037,2025-06-17,shipped,72.2
108528,1020,2023-02-03,completed,1643.88
108529,1046,2025-12-19,pending,1236.26
108530,1039,2024-03-14,refunded,1732.99
108531,1004,2025-09-03,refunded,788.5
108532,1030,2024-02-14,pending,1191.88
108533,1030,2025-09-12,shipped,2176.05
108534,1030,2025-05-01,completed,6022.16
108535,1017,2025-09-11,completed,5286.11
108536,1033,2023-07-31,completed,699.96
108537,1047,2023-10-11,refunded,2184.44
108538,1025,2024-10-19,cancelled,4832.37
108539,1042,2024-12-01,shipped,2831.92
108540,1021,2025-11-04,cancelled,3950.06
108541,1010,2024-03-03,refunded,284.11
108542,1039,2025-07-27,shipped,4544.63
108543,1043,2023-10-04,pending,3514.61
108544,1024,2024-03-15,completed,3378.76
108545,1039,2024-07-31,shipped,5041.72
108546,1025,2023-05-02,completed,1857.78
108547,1038,2024-08-19,completed,1218.54
108548,1013,2024-09-21,completed,6281.25
108549,1018,2025-10-04,cancelled,714.2
108550,1010,2025-06-15,shipped,1035.95
108551,1044,2025-04-25,completed,2117.45
108552,1033,2025-03-04,shipped,2707.8
108553,1046,2024-02-03,completed,2571.9
108554,1034,2025-02-12,completed,1085.13
108555,1023,2025-07-15,completed,284.28
108556,1024,2023-04-25,completed,2943.29
108557,1032,2023-03-18,completed,3341.84
108558,1026,2024-08-10,completed,134.74
108559,1002,2025-08-16,refunded,3877.79
108561,1035,2023-07-29,completed,1286.58
108562,1007,2025-01-25,shipped,3345.65
108563,1030,2024-06-21,shipped,572.04
108564,1023,2023-12-06,refunded,2869.69
108565,1045,2023-01-25,completed,2978.32
108566,1026,2025-06-02,cancelled,1908.12
108567,1035,2023-08-24,completed,4892.04
108568,1007,2025-09-26,shipped,6015.42
108569,1005,2024-07-18,cancelled,1391.11
108570,1036,2025-02-20,pending,525.34
108571,1004,2023-10-15,pending,1970.56
108572,1043,2024-07-31,completed,3518.41
108573,1034,2023-10-24,refunded,1380.42
108574,1040,2023-11-02,shipped,1932.54
108575,1036,2025-03-15,cancelled,3156.31
108576,1039,2025-08-03,pending,5426.03
108577,1026,2025-01-21,completed,446.16
108578,1008,2023-08-14,completed,1778.03
108579,1017,2025-02-17,pending,760.67
108580,1040,2023-09-07,refunded,7140.5
108581,1016,2024-05-24,shipped,3107.38
108582,1029,2025-02-23,completed,2352.17
108583,1006,2023-07-09,shipped,3056.72
108584,1030,2023-09-12,refunded,3038.46
108585,1020,2023-09-14,completed,2209.99
108586,1016,2025-02-13,cancelled,4271.72
108587,1020,2024-09-14,pending,688.6
108588,1042,2024-03-08,completed,2711.68
108589,1040,2024-03-27,completed,2590.32
108590,1022,2024-02-10,completed,3432.97
108591,1009,2023-08-16,cancelled,3116.21
108592,1045,2023-01-20,completed,435.38
108593,1034,2024-04-19,completed,2915.28
108594,1011,2025-06-30,cancelled,1893.72
108595,1002,2026-10-15,completed,581.49
108596,1024,2025-04-28,shipped,1803.05
108597,1048,2023-04-08,pending,1014.86
108598,1003,2025-10-27,shipped,3958.27
108599,1036,2023-02-14,completed,662.14
108600,1022,2024-12-25,pending,4891.77
108601,1032,2025-08-28,refunded,3069.08
108602,1016,2024-11-02,pending,26.67
108603,1003,2023-04-22,cancelled,5129.72
108604,1037,2024-03-31,refunded,3592.38
108605,1040,2025-07-10,completed,3888.12
108606,1002,2025-12-11,completed,4906.71
108607,1039,2024-04-15,shipped,3235.47
108608,1049,2024-04-13,cancelled,1900.13
108609,1029,2024-08-14,completed,3661.15
108610,1043,2025-04-08,completed,1478.73
108611,1025,2026-11-22,completed,999.52
108612,1046,2025-07-12,completed,1261.2
108613,1046,2023-04-04,pending,43.89
108614,1039,2025-03-23,completed,2285.77
108615,1029,2023-03-16,completed,2867.24
108616,1015,2025-04-11,completed,1278.28
108617,1034,2023-07-13,completed,5562.08
108618,1048,2023-03-18,completed,3753.41
108619,1002,2024-07-29,completed,6145.7
108620,1003,2025-03-30,shipped,916.75
108621,1023,2025-02-14,cancelled,2306.9
108622,1011,2025-11-28,completed,57.03
108623,1028,2025-11-24,pending,585.24
108624,1049,2024-05-19,refunded,3426.69
108625,1003,2023-04-20,refunded,4395.02
108626,1002,2023-05-28,pending,3657.15
108627,1015,2024-03-30,pending,2404.6
108628,1012,2024-09-26,completed,4151.58
108629,1002,2023-03-17,shipped,1236.85
108630,1002,2023-06-01,completed,1514.62
108631,1027,2025-05-16,completed,2443.82
108632,1034,2023-02-18,completed,5192.31
108633,1029,2024-08-24,refunded,1919.7
108634,1002,2025-05-16,completed,4035.04
108635,1016,2024-04-22,cancelled,2859.31
108636,1018,2025-04-13,completed,4670.65
108637,1038,2023-11-28,shipped,2808.04
108638,1023,2025-09-10,cancelled,642.78
108639,1020,2024-03-08,completed,2778.07
108640,1022,2023-01-03,completed,2090.52
108641,1048,2024-01-04,cancelled,2203.59
108642,1037,2024-12-13,cancelled,6813.13
108643,1021,2023-08-17,shipped,1191.1
108644,1039,2025-07-23,completed,3224.35
108645,1010,2024-03-19,refunded,64.01
108646,1018,2025-05-25,completed,4583.78
108647,1019,2025-10-11,cancelled,2036.33
108648,1021,2024-02-06,refunded,2368.0
108649,1007,2024-12-15,pending,2781.42
108650,1013,2024-05-13,completed,72.69
108651,1009,2025-03-05,pending,645.46
108652,1018,2024-06-18,completed,418.0
108653,1041,2024-05-09,shipped,675.15
108654,1022,2023-09-12,pending,4581.29
108655,1002,2025-03-10,completed,3540.54
108656,1047,2025-01-18,shipped,2679.13
108657,1038,2025-09-05,refunded,2216.37
108658,1031,2023-09-14,cancelled,3595.46
108659,1045,2023-10-07,completed,329.78
108660,1047,2024-01-20,refunded,1919.83
108661,1049,2024-09-11,completed,5105.19
108662,1018,2025-12-31,shipped,545.85
108663,1042,2023-07-28,cancelled,2670.08
108664,1047,2024-11-02,pending,1830.36
108665,1012,2026-09-04,cancelled,140.8
108666,1004,2023-09-28,cancelled,465.3
108667,1020,2023-07-22,shipped,936.59
108668,1021,2025-03-25,shipped,2931.0
108670,1044,2025-01-11,completed,3141.49
108671,1045,2023-04-23,completed,1572.93
108673,1048,2023-12-22,completed,4416.28
108674,1031,2023-06-14,cancelled,401.1
108675,1029,2023-04-24,refunded,872.1
108676,1050,2023-06-01,completed,2858.34
108677,1036,2025-07-30,shipped,3402.44
108678,1023,2024-05-31,cancelled,2559.0
108679,1029,2025-11-19,completed,6717.7
108680,1024,2024-04-18,completed,2237.79
108681,1032,2025-11-14,cancelled,1381.92
108682,1043,2025-12-23,cancelled,3163.53
108683,1022,2023-04-15,cancelled,4596.9
108684,1004,2025-04-09,completed,1822.57
108685,1028,2024-03-22,completed,1196.81
108686,1007,2024-06-21,completed,4143.2
108687,1014,2025-08-12,completed,2349.73
108688,1047,2025-04-25,completed,3278.98
108689,1012,2023-05-24,completed,108.59
108690,1023,2023-05-28,shipped,91.65
108691,1025,2023-10-14,pending,359.95
108692,1007,2023-06-17,cancelled,1802.4
108693,1031,2024-08-11,pending,579.53
108694,1025,2024-04-02,completed,4431.09
108695,1022,2024-06-20,completed,4196.01
108696,1012,2025-06-12,completed,5505.74
108697,1044,2024-01-23,cancelled,1608.56
108698,1050,2023-05-16,refunded,2089.26
108700,1024,2024-07-14,refunded,1559.46
108701,1010,2024-04-06,cancelled,4368.77
108702,1016,2024-04-12,completed,5050.5
108703,1008,2023-10-14,completed,1910.31
108704,1003,2025-04-03,completed,3478.57
108706,1003,2024-05-07,shipped,1387.0
108707,1034,2024-10-19,completed,3253.01
108708,1022,2025-04-28,completed,2019.89
108709,1041,2025-12-01,refunded,3095.97
108710,1023,2025-05-29,cancelled,3346.53
108711,1006,2025-06-09,completed,572.61
108712,1028,2023-08-26,completed,152.88
108713,1038,2024-03-31,completed,289.11
108714,1012,2023-02-19,cancelled,3864.16
108715,1009,2024-10-18,pending,1343.46
108716,1044,2024-11-14,cancelled,49.11
108717,1023,2023-04-25,cancelled,376.72
108718,1023,2023-12-08,pending,179.93
108719,1034,2023-04-17,completed,5845.2
108720,1025,2023-11-08,cancelled,292.28
108721,1039,2025-03-10,pending,715.08
108722,1035,2025-04-24,cancelled,689.6
108723,1020,2025-03-20,completed,3090.58
108724,1044,2024-01-25,shipped,273.77
108725,1035,2023-01-14,shipped,4633.46
108726,1003,2025-09-29,refunded,2555.71
108727,1010,2025-07-21,completed,4151.82
108728,1005,2025-01-05,refunded,3233.44
108729,1028,2024-12-10,shipped,372.1
108730,1040,2023-10-27,cancelled,2182.85
108731,1028,2023-06-24,completed,2066.84
108732,1049,2024-03-19,pending,2519.23
108733,1001,2025-12-16,completed,5088.84
108734,1015,2025-03-15,pending,3007.43
108735,1030,2023-08-02,completed,5002.76
108736,1020,2024-08-20,refunded,4300.91
108737,1025,2024-03-01,refunded,4697.66
108738,1047,2023-03-29,pending,157.95
108739,1021,2023-03-07,shipped,3418.38
108740,1014,2023-12-07,completed,1661.66
108741,1006,2023-10-13,pending,2530.56
108742,1031,2023-12-17,completed,70.19
108743,1007,2025-12-04,completed,5700.93
108744,1038,2025-06-22,cancelled,6432.05
108745,1022,2024-12-24,completed,844.05
108746,1035,2023-11-02,completed,796.63
108747,1028,2023-01-14,shipped,413.8
108748,1009,2023-02-16,completed,958.73
108749,1040,2025-08-20,refunded,1896.21
108750,1017,2025-06-13,cancelled,1322.91
108752,1022,2025-05-30,completed,6780.42
108753,1028,2024-10-30,completed,255.8
108754,1046,2024-11-01,completed,4678.43
108756,1025,2023-02-09,completed,417.14
108757,1006,2023-03-08,completed,3239.95
108758,1019,2024-06-08,completed,1594.27
108759,1037,2023-12-21,cancelled,1314.0
108760,1050,2024-03-05,completed,981.17
108761,1032,2023-10-03,completed,1951.95
108762,1021,2023-11-11,cancelled,3368.42
108763,1019,2023-01-06,completed,3823.65
108764,1014,2023-10-19,completed,2703.42
108765,1045,2025-07-24,refunded,674.68
108766,1001,2023-08-23,refunded,4907.09
108767,1012,2023-03-03,completed,3755.5
108768,1038,2025-03-22,completed,1473.94
108769,1013,2025-05-23,pending,1678.28
108770,1020,2025-08-23,cancelled,1744.47
108771,1037,2024-05-24,refunded,1141.08
108772,1041,2026-11-16,completed,2551.01
108773,1048,2023-02-08,completed,2060.76
108774,1011,2024-06-24,pending,1133.07
108775,1008,2027-04-25,completed,470.5
108776,1009,2024-11-09,completed,1684.48
108777,1005,2023-07-14,pending,2527.16
108778,1018,2025-04-25,completed,571.65
108779,1042,2023-09-23,completed,103.46
108780,1044,2023-01-13,refunded,3348.63
108781,1013,2025-04-15,shipped,2125.62
108782,1030,2025-05-01,cancelled,4975.04
108783,1031,2024-02-04,completed,3647.61
108784,1047,2024-11-09,completed,5295.82
108785,1032,2023-11-30,cancelled,3749.0
108786,1044,2023-04-09,shipped,1537.32
108787,1003,2024-01-31,cancelled,2314.77
108788,1039,2024-09-14,completed,531.66
108789,1018,2023-04-28,refunded,5661.28
108790,1049,2025-10-14,completed,3297.16
108791,1012,2024-02-11,completed,1518.47
108792,1029,2023-08-07,completed,3143.21
108793,1044,2023-11-22,completed,5525.78
108794,1035,2025-06-10,pending,88.35
108796,1049,2023-12-29,completed,542.85
108797,1041,2025-06-30,shipped,5786.1
108798,1025,2024-05-02,completed,5287.42
108799,1008,2025-01-04,refunded,3388.19
108800,1031,2025-08-22,refunded,4495.3
108801,1043,2023-05-19,refunded,4991.36
108802,1012,2023-12-31,completed,4959.84
108803,1018,2024-11-03,refunded,3842.13
108804,1012,2025-01-16,completed,4624.74
108805,1010,2024-12-23,pending,2974.8
108806,1005,2025-06-30,shipped,2637.71
108807,1030,2023-06-30,cancelled,3566.29
108808,1011,2025-07-08,refunded,7518.58
108809,1019,2023-02-07,completed,3589.82
108810,1050,2025-08-15,completed,5006.29
108811,1044,2024-05-27,refunded,619.2
108812,1029,2023-08-02,pending,333.0
108813,1046,2027-02-24,shipped,4380.5
108814,1022,2023-03-21,completed,4748.16
108815,1035,2023-12-10,completed,2174.64
108816,1048,2024-02-17,cancelled,2689.13
108817,1027,2025-02-08,completed,233.04
108818,1041,2024-02-05,pending,2792.52
108819,1032,2023-05-25,cancelled,621.93
108820,1011,2025-11-23,shipped,2265.54
108821,1017,2023-01-15,pending,615.24
108822,1021,2023-08-05,completed,970.32
108823,1010,2025-09-08,refunded,799.3
108824,1003,2023-09-17,completed,1012.06
108825,1018,2024-11-03,pending,2663.58
108826,1037,2024-03-27,shipped,905.11
108827,1017,2025-11-29,completed,1935.68
108828,1006,2023-10-26,completed,5233.54
108829,1049,2025-11-14,shipped,2185.72
108830,1023,2024-06-12,completed,5476.76
108831,1049,2025-08-15,cancelled,454.0
108833,1015,2023-01-18,completed,3275.92
108834,1011,2025-10-13,completed,3617.88
108835,1041,2024-08-31,completed,1840.98
108836,1043,2024-06-01,completed,3439.81
108837,1002,2023-03-30,pending,1191.75
108838,1021,2023-12-15,pending,156.39
108839,1042,2024-12-04,cancelled,2244.34
108840,1046,2025-07-14,shipped,3193.38
108841,1025,2025-03-11,refunded,550.89
108842,1045,2024-05-25,shipped,3629.51
108843,1037,2025-11-21,shipped,2492.74
108844,1003,2023-04-21,refunded,4411.6
108845,1047,2025-05-28,shipped,1571.57
108846,1006,2025-07-11,refunded,2062.73
108847,1045,2025-10-14,pending,1375.66
108848,1048,2023-05-28,pending,514.07
108849,1043,2024-03-22,cancelled,2317.09
108850,1027,2024-03-07,pending,4194.87
108852,1017,2023-07-20,refunded,5948.34
108853,1030,2025-03-05,cancelled,4748.14
108854,1044,2024-01-31,cancelled,76.6
108855,1005,2023-01-06,shipped,2843.38
108856,1011,2025-03-05,completed,3237.58
108857,1019,2024-02-09,cancelled,3792.86
108858,1024,2024-08-01,completed,6443.0
108859,1011,2025-04-17,shipped,4220.94
108860,1009,2023-09-24,completed,2676.91
108861,1020,2023-03-30,completed,2043.78
108862,1017,2023-10-11,refunded,2334.85
108863,1034,2024-02-05,pending,2621.72
108864,1031,2024-11-08,completed,1798.54
108865,1040,2023-11-16,shipped,4693.42
108866,1032,2024-01-21,completed,688.56
108867,1005,2025-09-14,completed,3300.09
108868,1026,2024-11-06,shipped,2194.14
108869,1044,2025-01-01,completed,9045.07
108870,1026,2025-07-13,completed,1617.46
108871,1031,2025-04-21,pending,1307.62
108872,1050,2024-02-03,completed,3366.66
108873,1010,2025-01-08,completed,3854.32
108874,1031,2025-03-13,refunded,4442.4
108875,1016,2024-05-25,shipped,2029.52
108876,1004,2023-10-30,cancelled,3733.72
108877,1050,2023-01-30,completed,857.88
108879,1030,2025-04-09,completed,199.2
108880,1008,2023-11-03,cancelled,2990.99
108881,1047,2023-02-24,pending,2437.27
108882,1009,2025-05-08,cancelled,824.89
108883,1040,2023-01-09,completed,735.66
108884,1011,2024-11-27,completed,1402.45
108885,1037,2025-04-15,cancelled,4248.39
108886,1005,2023-01-14,pending,2399.29
108887,1037,2024-09-30,completed,2636.4
108888,1050,2025-09-26,refunded,5820.51
108889,1040,2023-05-07,cancelled,2065.33
108890,1025,2023-03-14,shipped,753.96
108891,1049,2024-05-15,shipped,5250.26
108892,1001,2023-10-19,shipped,5605.43
108893,1033,2024-01-12,completed,852.69
108894,1045,2025-02-06,cancelled,2655.71
108895,1003,2023-08-02,refunded,2029.97
108896,1015,2025-06-03,pending,1596.8
108897,1045,2023-05-18,cancelled,636.03
108898,1027,2023-03-21,completed,3679.51
108899,1040,2024-03-03,completed,2739.26
108900,1001,2025-07-25,shipped,2371.3
108901,1031,2023-12-02,pending,857.94
108902,1009,2023-06-01,cancelled,856.44
108903,1022,2024-05-01,cancelled,433.91
108905,1021,2023-05-29,shipped,1363.7
108906,1015,2025-02-12,shipped,1223.1
108907,1045,2023-01-06,completed,1450.32
108908,1034,2023-06-24,completed,4817.6
108909,1027,2023-03-28,shipped,1274.47
108910,1006,2023-10-25,completed,151.63
108911,1021,2025-06-29,completed,20.68
108912,1044,2023-04-21,completed,3030.62
108913,1005,2024-10-25,cancelled,5833.91
108914,1034,2025-06-30,shipped,181.96
108915,1049,2023-05-08,completed,3377.03
108916,1018,2025-11-27,cancelled,2840.76
108917,1034,2023-06-12,pending,40.95
108918,1042,2023-04-19,completed,3046.25
108919,1047,2025-05-08,shipped,3608.76
108920,1021,2023-10-09,completed,7314.9
108922,1010,2023-01-27,pending,3059.18
108923,1015,2023-02-09,pending,2029.24
108924,1002,2024-06-27,completed,7071.61
108925,1045,2024-06-10,completed,3931.44
108926,1002,2024-03-21,shipped,2513.2
108927,1004,2024-05-28,pending,3522.77
108928,1024,2024-06-18,pending,134.19
108929,1018,2027-04-30,shipped,922.14
108930,1004,2024-10-13,pending,2472.3
108931,1001,2023-04-19,completed,2834.95
108932,1006,2025-11-18,shipped,2089.52
108933,1008,2023-11-10,completed,4079.16
108934,1027,2025-12-05,refunded,529.14
108935,1033,2025-11-15,pending,2822.63
108936,1019,2023-05-26,cancelled,2376.02
108937,1031,2024-06-10,pending,2232.15
108938,1036,2024-11-30,refunded,5045.97
108939,1001,2025-11-22,completed,1103.7
108940,1008,2025-03-25,shipped,2612.64
108941,1028,2024-02-17,cancelled,5018.63
108942,1048,2025-04-02,completed,2001.7
108943,1014,2025-01-23,completed,277.87
108945,1036,2025-12-08,completed,3226.65
108946,1032,2024-06-21,shipped,564.21
108947,1047,2024-05-02,cancelled,4045.57
108948,1049,2023-06-20,refunded,2771.41
108949,1013,2023-06-25,shipped,1475.29
108950,1007,2023-02-10,pending,245.02
108951,1031,2027-05-03,pending,1816.88
108952,1023,2027-01-27,cancelled,2192.38
108953,1030,2025-09-22,completed,4402.55
108954,1003,2025-09-09,cancelled,2361.99
108955,1004,2023-04-23,refunded,1951.19
108956,1038,2024-08-06,completed,3732.65
108957,1020,2025-02-02,pending,1844.1
108958,1018,2025-07-16,completed,2053.99
108959,1050,2024-08-24,completed,3070.35
108961,1028,2024-11-01,completed,2644.18
108962,1027,2023-01-02,cancelled,92.4
108963,1005,2023-08-06,shipped,2784.12
108964,1020,2023-02-27,completed,676.9
108965,1033,2023-04-09,completed,4517.49
108966,1034,2025-08-27,cancelled,1748.8
108967,1019,2024-04-15,cancelled,9097.86
108968,1029,2023-03-09,completed,1630.89
108969,1013,2023-12-19,pending,3550.97
108970,1041,2025-08-27,cancelled,4650.11
108971,1014,2024-11-14,completed,2118.33
108972,1044,2025-05-14,shipped,4678.26
108973,1021,2025-07-13,completed,463.96
108974,1046,2023-12-09,completed,2104.2
108975,1016,2024-06-12,cancelled,4295.91
108976,1029,2024-07-30,pending,5215.77
108977,1023,2024-12-16,cancelled,5666.76
108978,1026,2024-08-20,refunded,1581.7
108979,1029,2025-01-20,completed,1189.44
108980,1002,2024-04-15,refunded,421.0
108981,1021,2025-03-20,shipped,6422.02
108982,1048,2025-07-05,shipped,1710.99
108983,1023,2025-02-10,completed,2976.7
108984,1045,2024-10-17,pending,2826.43
108985,1043,2025-07-26,shipped,3469.42
108986,1007,2025-01-13,completed,1972.59
108987,1007,2025-03-11,shipped,4368.3
108988,1011,2024-07-12,shipped,3472.08
108990,1037,2023-04-30,refunded,2129.7
108991,1049,2025-10-27,completed,435.76
108992,1017,2023-04-03,completed,5586.7
108993,1045,2024-06-27,completed,2458.93
108994,1037,2025-06-13,completed,1300.93
108995,1044,2024-05-13,completed,762.55
108996,1030,2023-08-12,completed,2335.87
108997,1018,2023-04-27,shipped,4230.92
108998,1008,2023-05-26,completed,1000.38
109000,1006,2025-05-18,shipped,1007.21
109001,1012,2024-10-20,completed,2756.1
109002,1039,2023-06-06,completed,2548.2
109003,1031,2025-04-23,shipped,303.12
109004,1016,2023-04-18,pending,1764.11
109005,1015,2024-02-11,completed,4463.67
109006,1024,2025-12-25,refunded,6536.84
109007,1033,2023-11-16,cancelled,9186.48
109008,1033,2024-06-26,completed,1500.08
109009,1016,2025-10-11,completed,2344.24
109010,1042,2024-11-10,shipped,5721.04
109011,1004,2025-11-24,refunded,2076.38
109012,1019,2023-07-28,shipped,4431.28
109013,1022,2023-05-12,refunded,1094.57
109014,1012,2024-06-07,cancelled,4202.19
109015,1043,2025-07-04,pending,3800.54
109016,1011,2026-08-06,completed,882.78
109017,1004,2023-08-01,cancelled,1957.69
109018,1017,2024-05-31,pending,2698.27
109019,1029,2024-01-05,completed,2815.47
109020,1035,2025-07-27,pending,5687.53
109021,1041,2023-04-08,completed,3978.69
109022,1001,2024-01-06,pending,1543.55
109023,1013,2025-05-26,shipped,1198.32
109024,1011,2025-07-20,shipped,3797.64
109025,1045,2025-08-21,completed,1988.81
109026,1040,2025-11-16,pending,2001.23
109027,1039,2023-05-22,completed,4224.23
109028,1032,2027-03-17,cancelled,1252.98
109029,1050,2024-03-12,completed,4659.62
109030,1035,2025-06-09,cancelled,775.37
109031,1018,2023-05-12,shipped,2813.57
109032,1039,2025-02-10,shipped,3142.48
109033,1033,2023-08-16,refunded,1071.45
109034,1042,2025-12-17,refunded,282.84
109035,1001,2024-05-11,cancelled,2235.93
109036,1050,2024-12-16,completed,3753.75
109037,1047,2023-05-24,pending,727.14
109038,1032,2025-04-03,cancelled,372.48
109039,1027,2024-05-06,refunded,802.77
109040,1045,2025-05-07,shipped,107.37
109041,1044,2023-03-03,completed,4585.45
109042,1032,2023-03-13,cancelled,75.8
109043,1039,2024-09-05,completed,3556.68
109044,1017,2025-06-20,completed,2825.76
109045,1028,2025-10-04,shipped,67.56
109046,1042,2023-11-28,completed,1682.41
109047,1050,2024-12-22,completed,144.78
109048,1032,2023-08-04,cancelled,421.72
109049,1005,2023-01-30,shipped,7726.75
109050,1008,2025-09-26,refunded,3129.49
109051,1050,2025-03-20,completed,3927.08
109052,1046,2024-09-03,shipped,3251.07
109054,1006,2024-11-09,pending,4643.48
109055,1001,2024-12-25,completed,1850.78
109056,1029,2024-08-30,shipped,92.95
109057,1014,2023-12-05,refunded,287.72
109058,1035,2025-12-05,completed,1330.54
109059,1016,2023-12-17,shipped,1094.69
109060,1001,2025-02-19,shipped,3895.22
109062,1013,2024-10-09,completed,1079.14
109063,1022,2025-12-13,completed,4281.66
109064,1034,2025-10-24,cancelled,1377.85
109065,1002,2024-08-09,completed,5528.74
109066,1039,2023-04-02,completed,1875.83
109067,1013,2023-12-10,shipped,4110.97
109068,1029,2025-07-31,refunded,3560.13
109069,1037,2023-12-10,cancelled,753.52
109070,1037,2023-02-04,refunded,1344.01
109071,1007,2025-02-20,pending,1302.74
109072,1002,2023-09-17,refunded,427.38
109073,1032,2025-03-08,pending,1678.2
109074,1035,2024-11-23,pending,3136.73
109075,1021,2025-08-05,pending,3354.98
109076,1033,2024-05-13,completed,81.46
109077,1002,2025-09-16,shipped,473.36
109078,1002,2024-07-04,completed,3404.02
109079,1050,2023-01-15,completed,4852.57
109080,1038,2024-04-11,completed,2096.12
109081,1022,2024-12-11,refunded,733.95
109082,1004,2025-01-24,completed,718.44
109083,1035,2025-05-20,completed,1874.4
109084,1002,2023-09-22,pending,3814.5
109085,1027,2023-03-16,completed,6280.7
109086,1007,2024-11-26,completed,638.48
109088,1037,2025-08-20,completed,5871.83
109089,1038,2025-08-04,cancelled,2588.23
109090,1034,2023-09-17,shipped,3281.53
109091,1025,2025-07-06,completed,1474.62
109092,1026,2024-06-05,refunded,508.32
109093,1045,2023-11-09,completed,2542.65
109094,1007,2025-04-20,shipped,2325.0
109095,1011,2024-04-01,refunded,4810.17
109096,1015,2025-07-27,completed,6508.59
109097,1050,2023-08-01,pending,2581.56
109098,1047,2023-05-22,refunded,196.98
109099,1049,2024-08-07,refunded,402.88
109100,1007,2024-04-21,pending,1564.0
109101,1048,2024-12-04,shipped,1513.7
109102,1006,2024-07-24,cancelled,3713.93
109103,1021,2024-06-25,cancelled,4955.04
109104,1037,2024-04-12,completed,1208.16
109105,1018,2023-05-25,completed,3815.82
109106,1046,2024-11-07,shipped,1367.69
109107,1025,2025-06-15,completed,1693.34
109108,1034,2025-05-16,completed,2827.02
109109,1044,2024-06-20,shipped,153.48
109110,1034,2024-07-25,pending,215.88
109111,1050,2025-09-26,completed,1254.63
109112,1037,2024-10-23,completed,557.85
109113,1038,2023-04-07,refunded,2531.98
109114,1025,2025-11-13,cancelled,343.12
109116,1005,2025-10-30,completed,2436.52
109117,1033,2025-02-08,shipped,1730.16
109119,1001,2024-12-29,shipped,2033.08
109120,1009,2024-10-18,refunded,1476.9
109121,1008,2023-03-20,cancelled,651.56
109122,1047,2023-08-28,refunded,725.6
109123,1041,2025-07-25,refunded,114.15
109124,1049,2024-10-29,pending,2752.57
109125,1005,2025-07-10,completed,806.12
109126,1028,2025-08-01,completed,402.25
109127,1012,2025-01-19,pending,1859.85
109128,1003,2025-01-23,cancelled,2517.75
109129,1046,2024-08-28,pending,316.41
109130,1013,2024-12-03,shipped,3086.48
109131,1025,2025-01-23,completed,2110.71
109132,1018,2024-05-06,cancelled,2896.32
109133,1002,2023-06-19,completed,4793.7
109134,1042,2025-01-16,completed,314.9
109135,1034,2024-12-07,cancelled,3409.72
109136,1033,2025-01-21,refunded,115.74
109137,1016,2025-07-17,refunded,913.44
109138,1034,2025-10-22,refunded,2006.8
109139,1015,2025-03-18,completed,1912.13
109141,1013,2023-05-18,cancelled,4441.16
109142,1043,2023-07-09,refunded,3676.67
109143,1042,2025-10-03,cancelled,1576.68
109144,1027,2023-11-02,refunded,2058.32
109145,1004,2023-10-05,cancelled,1640.28
109146,1003,2024-06-20,completed,449.1
109147,1043,2023-10-17,completed,2169.56
109148,1017,2025-01-12,refunded,4817.58
109149,1034,2023-07-07,cancelled,3211.41
109150,1024,2024-08-08,cancelled,335.76
109151,1023,2024-02-15,pending,4706.05
109152,1010,2023-02-15,completed,1440.36
109153,1009,2023-07-01,completed,3475.4
109154,1046,2023-12-04,pending,1601.26
109155,1019,2023-05-06,completed,3458.61
109156,1012,2025-09-06,completed,3029.22
109157,1033,2024-04-29,completed,1518.8
109158,1029,2023-01-17,shipped,5647.74
109159,1031,2023-06-28,completed,3545.27
109160,1040,2024-04-22,refunded,1378.93
109161,1004,2025-01-21,completed,201.04
109162,1018,2025-06-04,completed,2733.14
109163,1008,2025-05-25,pending,379.36
109165,1039,2025-10-07,completed,2193.08
109166,1023,2023-08-26,completed,3437.42
109167,1013,2023-12-05,completed,4637.46
109168,1006,2024-02-22,completed,1331.82
109169,1029,2023-03-22,completed,4251.5
109170,1009,2024-09-17,completed,250.04
109171,1012,2025-12-12,completed,2975.8
109172,1019,2025-12-17,completed,4070.54
109173,1043,2025-04-24,refunded,2694.73
109174,1031,2024-01-21,refunded,1792.48
109175,1006,2023-03-15,completed,1783.55
109176,1036,2024-03-20,completed,2776.06
109177,1030,2024-02-28,pending,1374.93
109178,1022,2024-04-23,pending,1308.7
109179,1005,2025-03-27,completed,6954.12
109180,1004,2023-05-22,completed,684.64
109181,1018,2024-03-21,shipped,564.59
109182,1013,2023-07-08,completed,3615.84
109183,1042,2025-09-08,completed,4480.79
109184,1031,2023-03-03,completed,1228.93
109185,1025,2023-11-22,refunded,7099.92
109186,1041,2024-05-24,refunded,1698.82
109187,1001,2025-01-23,completed,3297.29
109188,1040,2023-06-06,shipped,1145.71
109189,1046,2025-03-11,completed,2602.03
109190,1003,2025-10-12,completed,5402.52
109191,1046,2023-11-11,cancelled,2325.42
109192,1033,2025-07-29,completed,2732.6
109193,1022,2025-02-11,cancelled,1129.52
109194,1025,2025-03-18,refunded,3255.75
109195,1015,2025-10-15,shipped,2790.2
109196,1015,2023-07-10,refunded,3382.02
109197,1044,2023-04-23,refunded,2219.56
109198,1025,2025-06-19,completed,5742.11
109199,1023,2025-02-15,completed,826.3
109200,1003,2025-03-28,completed,3497.45
109201,1049,2024-07-29,shipped,824.42
109202,1049,2025-03-23,cancelled,3005.87
109203,1023,2023-10-08,completed,2248.2
109204,1027,2025-08-02,completed,164.79
109205,1007,2024-10-13,refunded,133.0
109206,1011,2023-02-24,pending,4470.28
109207,1041,2023-05-15,cancelled,2305.2
109208,1036,2025-05-11,completed,768.15
109209,1037,2024-09-02,refunded,1242.6
109210,1045,2025-04-11,shipped,165.27
109211,1042,2024-08-23,cancelled,2326.68
109212,1009,2025-12-13,completed,2880.24
109213,1039,2023-12-17,pending,5037.06
109214,1010,2023-01-11,pending,4576.77
109215,1044,2025-12-10,shipped,854.0
109216,1017,2023-10-17,completed,1881.04
109217,1021,2024-11-22,completed,538.65
109218,1037,2023-08-19,shipped,973.73
109219,1025,2025-05-11,completed,402.53
109220,1034,2025-11-29,refunded,2495.8
109221,1005,2025-05-27,shipped,1124.63
109222,1009,2024-02-27,cancelled,3258.45
109223,1010,2025-03-22,refunded,802.61
109224,1039,2023-10-25,shipped,4962.34
109225,1018,2024-06-12,completed,3527.77
109226,1047,2025-06-18,shipped,59.75
109227,1041,2025-05-12,shipped,2918.11
109228,1019,2025-09-09,completed,2663.3
109229,1005,2024-04-17,refunded,710.43
109230,1049,2023-03-21,completed,2982.93
109231,1046,2024-11-12,completed,2436.22
109232,1049,2025-09-11,completed,2889.13
109233,1006,2025-01-03,completed,468.41
109234,1031,2026-06-30,cancelled,2468.52
109235,1029,2024-06-02,completed,2884.61
109236,1019,2023-08-19,completed,2635.75
109237,1028,2025-02-15,completed,3165.59
109238,1031,2025-02-19,completed,1814.22
109239,1036,2023-03-05,pending,1499.28
109240,1012,2025-11-23,completed,1708.98
109241,1045,2023-02-15,completed,2493.54
109242,1048,2024-07-06,completed,2550.18
109243,1021,2023-12-26,pending,2237.08
109244,1048,2024-05-20,shipped,5281.32
109245,1005,2024-04-19,pending,1860.23
109246,1025,2024-06-30,completed,173.8
109247,1014,2024-07-12,cancelled,311.03
109248,1010,2024-11-23,completed,1669.72
109249,1025,2025-05-18,completed,3296.53
109250,1029,2023-01-15,completed,1496.32
109251,1015,2025-04-27,completed,650.93
109252,1038,2023-11-03,shipped,5204.96
109253,1041,2025-08-23,cancelled,62.95
109254,1015,2023-07-22,refunded,3191.97
109255,1021,2025-06-30,refunded,3047.76
109256,1007,2025-03-10,completed,2223.92
109257,1011,2023-04-24,completed,2999.79
109258,1025,2025-07-12,refunded,1017.9
109259,1025,2024-06-13,refunded,2192.62
109260,1050,2023-06-24,cancelled,3038.43
109261,1026,2025-01-08,shipped,8097.28
109262,1050,2024-01-23,refunded,5641.59
109263,1022,2024-06-15,refunded,2205.13
109264,1041,2024-05-07,refunded,2145.51
109266,1009,2024-05-30,completed,1639.28
109267,1003,2025-08-28,completed,2448.1
109268,1035,2025-05-10,refunded,2808.4
109270,1019,2024-11-08,cancelled,2462.73
109271,1043,2023-09-12,refunded,3085.93
109272,1040,2024-12-28,completed,1633.23
109273,1001,2025-03-03,shipped,246.82
109275,1029,2023-10-11,cancelled,2824.86
109276,1018,2025-09-01,cancelled,721.41
109277,1032,2025-06-10,pending,4208.84
109278,1024,2025-10-22,completed,4251.45
109279,1015,2023-05-17,pending,3300.33
109280,1003,2024-09-18,shipped,3710.79
109281,1018,2024-08-05,refunded,238.07
109282,1038,2024-01-13,completed,2297.4
109283,1019,2025-04-18,completed,4582.61
109284,1001,2023-11-29,completed,3556.6
109285,1012,2025-11-19,pending,5370.42
109286,1027,2023-04-05,completed,1010.55
109287,1009,2025-08-10,completed,3183.38
109288,1014,2024-08-04,cancelled,6677.59
109289,1028,2025-04-09,cancelled,420.11
109290,1041,2023-03-25,refunded,1148.6
109291,1009,2024-09-09,completed,1854.81
109292,1035,2024-08-13,cancelled,4333.9
109293,1044,2024-05-17,cancelled,727.96
109294,1008,2023-11-03,completed,3910.9
109295,1034,2025-09-16,cancelled,4755.53
109296,1019,2025-08-24,completed,1388.79
109297,1010,2025-10-04,shipped,6841.74
109298,1027,2024-03-02,completed,4150.58
109299,1048,2024-10-29,completed,5178.38
109301,1030,2025-08-25,refunded,355.51
109302,1009,2025-11-26,completed,1433.49
109303,1007,2023-05-13,refunded,897.6
109304,1026,2025-08-17,cancelled,893.0
109305,1028,2024-07-22,cancelled,3824.01
109306,1020,2025-09-25,shipped,2751.97
109307,1031,2025-05-03,completed,2407.98
109308,1040,2025-04-01,completed,6952.99
109309,1030,2023-06-17,shipped,1059.24
109310,1027,2024-05-08,refunded,3247.19
109311,1043,2025-01-13,completed,1169.9
109312,1005,2024-09-10,completed,1273.69
109313,1008,2025-11-23,refunded,3231.26
109314,1019,2024-11-20,completed,4614.45
109315,1042,2025-09-15,shipped,1578.28
109316,1003,2025-10-11,completed,3418.09
109317,1014,2023-09-05,completed,564.56
109319,1045,2023-12-20,completed,2375.68
109320,1009,2023-03-05,completed,2839.2
109321,1004,2025-04-11,shipped,172.98
109322,1013,2023-05-04,pending,3868.08
109323,1020,2025-04-23,completed,4930.15
109324,1047,2025-05-31,cancelled,3412.3
109325,1010,2024-03-16,cancelled,2558.68
109326,1028,2025-07-29,pending,2528.59
109327,1032,2025-12-20,completed,506.1
109328,1024,2023-01-03,completed,290.57
109329,1024,2025-08-25,refunded,1172.35
109330,1002,2023-02-13,completed,988.22
109331,1007,2025-09-25,refunded,1979.57
109332,1022,2025-11-14,cancelled,1349.94
109333,1022,2025-06-09,refunded,3348.96
109334,1034,2024-04-05,completed,1189.75
109335,1010,2023-03-13,shipped,1065.9
109336,1041,2025-10-30,shipped,172.51
109337,1005,2025-06-10,cancelled,210.18
109338,1050,2025-06-20,cancelled,3292.45
109339,1046,2025-04-19,completed,5539.12
109340,1017,2024-08-09,refunded,2214.46
109341,1049,2024-11-27,completed,3323.47
109342,1004,2025-05-24,pending,3257.14
109343,1029,2024-07-19,refunded,2903.53
109344,1006,2023-11-25,completed,998.82
109345,1005,2024-07-09,pending,2544.81
109346,1026,2023-01-08,completed,3151.96
109347,1022,2023-09-29,completed,5394.56
109348,1035,2025-06-14,pending,2224.33
109349,1027,2024-04-07,completed,478.08
109350,1016,2025-03-07,completed,360.99
109351,1002,2025-01-30,completed,3348.49
109352,1003,2023-03-09,refunded,3577.16
109353,1023,2024-06-12,refunded,1971.36
109354,1038,2025-02-19,completed,1293.7
109355,1045,2025-11-20,completed,5715.53
109356,1003,2024-07-10,pending,583.56
109357,1031,2025-01-23,completed,3174.12
109358,1004,2024-02-14,refunded,1088.04
109359,1027,2023-02-20,cancelled,2309.8
109360,1049,2024-03-05,cancelled,2157.44
109361,1012,2025-04-15,completed,7498.82
109362,1001,2025-10-05,completed,3238.86
109364,1032,2024-06-12,completed,1163.43
109365,1018,2024-12-27,pending,185.64
109366,1038,2025-11-30,pending,4275.14
109367,1005,2024-03-24,cancelled,3859.89
109368,1022,2024-11-21,shipped,4875.4
109369,1038,2023-03-14,refunded,4917.97
109370,1023,2025-08-23,cancelled,2125.11
109371,1024,2023-04-19,shipped,982.58
109372,1033,2024-10-01,cancelled,3190.6
109373,1037,2023-03-11,cancelled,1380.63
109374,1036,2024-07-01,completed,2470.61
109375,1017,2024-02-07,completed,2370.79
109376,1037,2025-11-19,shipped,3330.97
109377,1014,2025-03-27,refunded,3041.61
109378,1047,2023-09-19,cancelled,2601.54
109379,1041,2023-01-26,pending,1078.24
109380,1011,2023-07-26,shipped,3619.46
109381,1022,2025-01-31,cancelled,3644.24
109382,1050,2025-09-04,shipped,4940.07
109383,1015,2023-02-03,cancelled,1648.07
109384,1019,2025-01-26,completed,2431.96
109385,1030,2023-10-23,completed,2949.14
109386,1003,2024-03-31,shipped,4864.66
109387,1042,2025-06-10,completed,1815.76
109388,1014,2023-10-25,refunded,3830.22
109389,1007,2025-05-27,shipped,1654.06
109390,1040,2024-02-23,cancelled,1969.1
109391,1009,2025-12-13,completed,1640.28
109392,1038,2023-03-19,shipped,1964.63
109393,1017,2025-08-17,cancelled,3462.56
109394,1017,2024-03-21,completed,2563.13
109395,1025,2025-02-01,completed,5056.12
109396,1047,2025-11-10,refunded,1003.27
109397,1046,2025-05-11,refunded,2619.3
109398,1017,2023-06-15,cancelled,4759.05
109399,1045,2023-09-19,completed,221.34
109400,1021,2025-06-08,cancelled,1820.65
109401,1049,2023-03-17,cancelled,1874.85
109403,1005,2024-09-01,pending,2895.44
109404,1010,2024-09-01,shipped,128.35
109405,1039,2025-05-27,completed,122.5
109406,1020,2025-01-03,shipped,4228.15
109407,1038,2023-01-02,shipped,3590.12
109408,1033,2024-09-27,refunded,494.54
109409,1033,2023-12-12,completed,3958.88
109410,1039,2025-03-31,cancelled,352.8
109411,1010,2024-02-26,cancelled,1511.19
109412,1012,2024-04-11,shipped,1168.26
109413,1012,2024-11-20,completed,786.55
109414,1044,2024-12-13,refunded,419.64
109415,1047,2025-04-29,pending,2697.96
109416,1036,2025-01-23,completed,2919.08
109417,1005,2025-11-17,completed,1846.19
109418,1021,2023-11-03,refunded,3128.9
109419,1021,2023-10-27,refunded,3710.12
109420,1048,2024-02-22,cancelled,2437.18
109421,1046,2023-12-10,cancelled,1328.7
109422,1037,2025-08-02,cancelled,3195.54
109423,1034,2024-01-16,cancelled,1402.42
109424,1002,2025-10-31,completed,2194.14
109425,1001,2023-05-14,cancelled,3881.1
109426,1011,2023-07-16,completed,1170.23
109427,1043,2023-01-22,shipped,2593.84
109428,1020,2025-03-22,cancelled,2181.6
109429,1037,2025-06-24,refunded,4425.51
109430,1043,2025-04-26,completed,2530.42
109431,1023,2025-07-05,refunded,2250.0
109432,1016,2024-02-09,pending,2138.06
109433,1014,2025-01-13,completed,2030.12
109434,1027,2025-06-01,refunded,1029.08
109435,1012,2023-02-17,completed,858.75
109436,1042,2025-04-29,refunded,2733.65
109437,1014,2025-01-19,shipped,5196.77
109438,1046,2024-08-07,refunded,729.06
109440,1019,2024-05-20,completed,2316.9
109442,1040,2024-09-06,pending,1053.55
109443,1008,2024-04-23,pending,1700.36
109444,1021,2023-04-27,refunded,5132.73
109446,1032,2024-10-28,shipped,2548.08
109447,1016,2023-03-03,completed,629.65
109448,1029,2024-12-07,shipped,2606.37
109449,1021,2024-09-12,pending,4386.38
109450,1022,2025-12-18,shipped,3468.45
109451,1041,2025-06-30,completed,2211.42
109452,1026,2024-12-27,shipped,111.46
109453,1044,2025-11-06,shipped,1968.62
109454,1049,2023-03-25,completed,399.55
109455,1033,2023-04-29,completed,1762.36
109456,1041,2025-03-09,pending,3597.11
109457,1040,2023-12-05,completed,529.48
109459,1046,2024-04-20,completed,4099.27
109460,1035,2024-11-06,completed,795.69
109461,1017,2023-07-29,completed,647.76
109462,1006,2024-04-26,pending,3065.0
109463,1008,2025-12-03,completed,778.84
109464,1050,2024-09-27,shipped,468.66
109465,1024,2025-05-24,completed,4200.82
109466,1037,2023-05-01,pending,3177.6
109467,1041,2025-06-22,pending,1904.85
109468,1016,2023-09-08,cancelled,6023.32
109469,1029,2025-05-22,completed,808.94
109470,1026,2024-11-23,refunded,291.4
109471,1018,2025-04-09,completed,5543.03
109472,1019,2025-04-17,shipped,4124.04
109473,1014,2023-05-24,shipped,4100.88
109474,1026,2023-04-01,refunded,4110.37
109475,1044,2023-09-09,shipped,1754.99
109476,1037,2024-03-16,completed,4985.15
109477,1019,2025-05-01,cancelled,1157.8
109478,1030,2023-01-03,refunded,587.04
109479,1044,2024-10-04,cancelled,6778.12
109480,1034,2026-05-22,shipped,1849.84
109481,1036,2025-09-13,refunded,911.94
109482,1025,2023-08-05,completed,5009.89
109483,1046,2024-08-25,refunded,463.96
109484,1047,2023-07-09,shipped,4786.61
109485,1012,2023-07-05,completed,3812.0
109486,1036,2023-08-26,pending,4798.18
109487,1026,2025-02-04,completed,2571.94
109488,1016,2023-07-14,refunded,409.52
109489,1010,2024-03-31,pending,2660.14
109490,1006,2023-06-16,pending,900.84
109491,1028,2025-10-05,pending,3149.21
109492,1015,2023-01-24,completed,3092.65
109493,1012,2023-10-30,refunded,3144.9
109494,1022,2023-11-30,refunded,2587.73
109495,1025,2025-01-18,pending,305.52
109496,1012,2023-07-27,pending,1784.9
109497,1037,2024-03-26,refunded,247.9
109498,1041,2024-02-03,shipped,243.92
109499,1026,2023-10-04,shipped,732.0
109500,1026,2024-06-27,cancelled,769.95
109501,1004,2024-03-12,refunded,4031.05
109502,1005,2025-08-22,completed,725.32
109503,1048,2024-12-15,completed,3324.7
109504,1008,2024-06-06,completed,1710.36
109505,1028,2023-08-06,cancelled,2681.17
109506,1050,2024-01-07,refunded,6106.18
109507,1020,2023-09-26,completed,805.78
109508,1048,2023-05-02,shipped,978.55
109509,1028,2025-01-28,pending,4390.48
109510,1034,2023-07-11,completed,3025.79
109511,1027,2025-06-02,refunded,2109.95
109512,1031,2023-06-17,cancelled,3612.67
109513,1017,2024-04-16,shipped,1719.61
109514,1036,2024-03-29,completed,2864.22
109515,1011,2025-01-01,refunded,53.92
109516,1011,2025-10-11,cancelled,2403.18
109517,1001,2023-05-02,refunded,2376.84
109518,1042,2023-08-24,refunded,5325.55
109519,1009,2025-05-31,cancelled,3902.78
109520,1025,2023-08-04,shipped,1169.33
109521,1010,2023-08-09,refunded,2965.27
109522,1042,2023-04-10,completed,2995.1
109523,1029,2023-12-01,completed,3628.26
109524,1037,2023-04-11,refunded,2777.33
109525,1031,2025-11-28,pending,4225.94
109526,1018,2023-07-31,shipped,3438.8
109527,1040,2024-06-02,cancelled,1291.11
109528,1026,2025-04-13,shipped,1661.11
109529,1030,2025-10-20,completed,5435.17
109530,1041,2024-04-28,pending,5398.05
109531,1041,2024-06-23,shipped,1471.03
109532,1049,2023-03-03,completed,6814.0
109533,1006,2024-11-11,completed,2267.54
109534,1018,2023-09-27,pending,4700.56
109535,1001,2025-03-26,shipped,1900.19
109536,1010,2024-12-14,cancelled,662.98
109537,1033,2024-06-12,shipped,1748.6
109538,1043,2023-06-10,completed,4263.66
109539,1042,2023-02-02,shipped,1438.67
109540,1001,2025-06-26,completed,4965.44
109541,1017,2024-01-26,refunded,1570.64
109542,1003,2024-08-12,pending,3523.05
109543,1012,2023-06-25,refunded,2362.26
109545,1030,2023-04-02,pending,2640.57
109546,1005,2024-08-08,completed,2181.89
109547,1031,2025-03-31,pending,2894.05
109548,1007,2025-02-07,completed,1089.3
109549,1032,2023-01-30,refunded,1044.26
109550,1032,2025-03-04,shipped,843.5
109551,1029,2025-03-05,completed,382.64
109552,1032,2025-03-03,refunded,2098.79
109553,1001,2025-03-28,completed,564.15
109554,1012,2024-09-23,shipped,2242.9
109555,1009,2025-03-30,shipped,4648.17
109556,1004,2025-04-25,cancelled,1068.92
109557,1047,2025-03-21,pending,803.94
109558,1021,2025-10-16,pending,1802.69
109559,1026,2024-08-27,completed,5099.82
109560,1005,2025-01-15,completed,1108.74
109561,1044,2023-10-30,completed,2538.4
109562,1045,2024-02-20,completed,2275.29
109563,1026,2025-03-10,completed,6199.64
109565,1013,2025-12-06,completed,3776.3
109566,1002,2023-05-09,completed,3756.11
109567,1045,2023-04-26,refunded,6462.65
109568,1020,2025-01-07,completed,2202.48
109569,1036,2023-06-29,cancelled,663.75
109570,1047,2024-07-11,pending,2756.2
109571,1042,2024-04-15,cancelled,490.11
109572,1032,2023-11-03,cancelled,1523.77
109574,1024,2023-09-11,shipped,5452.18
109575,1011,2023-10-28,completed,3017.41
109576,1020,2024-04-08,completed,2245.77
109577,1018,2024-07-21,cancelled,1240.68
109578,1025,2024-07-29,refunded,2162.76
109579,1006,2025-09-21,completed,2930.12
109580,1017,2024-02-08,refunded,2286.4
109581,1011,2025-09-13,refunded,504.32
109582,1026,2024-09-14,refunded,1276.6
109583,1001,2023-08-24,shipped,4130.72
109584,1037,2023-07-09,pending,8646.72
109585,1029,2025-11-24,shipped,2072.26
109586,1026,2023-02-01,refunded,1111.43
109587,1033,2025-02-23,refunded,416.86
109588,1046,2025-04-16,pending,450.0
109589,1037,2025-06-10,cancelled,2950.29
109590,1004,2025-10-29,pending,4527.74
109591,1032,2024-12-11,pending,6170.94
109592,1006,2024-09-07,shipped,2327.02
109593,1036,2023-10-22,cancelled,2869.33
109594,1014,2025-10-08,completed,168.63
109595,1021,2024-08-28,completed,3012.37
109596,1036,2024-10-21,completed,1720.79
109597,1007,2025-08-12,cancelled,193.86
109598,1009,2024-01-18,completed,1664.04
109599,1040,2024-05-26,completed,5592.77
109600,1035,2025-12-15,shipped,89.77
109601,1024,2023-11-22,completed,4629.21
109602,1001,2025-08-26,pending,3567.08
109603,1008,2023-04-01,completed,923.67
109604,1043,2025-10-11,completed,396.32
109605,1002,2025-10-22,completed,4252.62
109606,1027,2023-09-22,cancelled,158.63
109607,1028,2024-03-01,cancelled,1749.12
109608,1019,2024-03-16,pending,322.66
109609,1030,2024-01-24,completed,4189.27
109610,1049,2023-10-07,completed,3625.6
109611,1004,2023-03-12,refunded,2982.41
109612,1040,2023-06-18,refunded,5753.93
109613,1024,2024-03-26,cancelled,1708.64
109614,1048,2023-02-01,completed,4296.5
109615,1046,2024-08-09,completed,4180.06
109616,1043,2025-02-21,completed,3785.16
109617,1041,2024-09-30,completed,5005.29
109618,1030,2025-09-07,refunded,2564.18
109619,1038,2025-01-12,completed,3507.64
109620,1011,2024-07-20,pending,524.58
109621,1013,2025-06-04,pending,2081.04
109622,1022,2023-02-21,completed,2322.87
109623,1038,2024-09-11,completed,1988.22
109624,1047,2025-10-13,cancelled,795.03
109625,1009,2024-12-29,cancelled,509.98
109626,1020,2023-05-21,shipped,4142.27
109627,1004,2023-07-09,shipped,869.56
109628,1031,2023-09-25,completed,4018.31
109629,1005,2023-11-11,shipped,1063.33
109630,1001,2025-07-23,completed,3150.2
109631,1042,2025-10-02,shipped,32.45
109632,1037,2024-03-07,completed,3224.64
109633,1038,2024-01-17,refunded,4249.04
109634,1009,2024-06-24,completed,62.64
109635,1024,2025-06-18,completed,5303.57
109636,1043,2023-08-29,cancelled,3268.13
109637,1037,2025-12-11,refunded,870.72
109638,1043,2025-08-06,pending,2800.08
109639,1040,2025-10-13,completed,1234.95
109640,1049,2024-03-28,pending,510.72
109641,1049,2024-12-24,completed,23.8
109643,1048,2026-12-25,cancelled,2343.59
109644,1031,2023-11-13,refunded,4321.07
109645,1031,2023-09-18,shipped,3714.62
109646,1006,2024-03-11,pending,3223.34
109647,1004,2023-12-04,shipped,2466.48
109648,1032,2025-06-20,pending,2586.36
109649,1012,2024-03-17,completed,1009.83
109650,1043,2023-01-23,cancelled,1272.09
109651,1010,2025-06-01,completed,2119.56
109652,1049,2023-03-17,pending,3747.58
109653,1026,2025-03-24,completed,3557.48
109654,1030,2024-04-19,completed,4543.55
109655,1037,2024-06-25,completed,3583.33
109656,1011,2024-07-21,shipped,2064.83
109657,1016,2025-12-02,completed,1367.03
109658,1046,2025-06-05,completed,3751.93
109659,1035,2024-06-19,completed,1968.4
109660,1021,2025-03-07,completed,1189.28
109661,1004,2023-06-30,refunded,1595.86
109662,1009,2024-09-20,cancelled,937.84
109663,1048,2024-04-06,completed,1715.25
109664,1030,2025-12-19,completed,2265.92
109665,1011,2024-11-23,completed,5499.23
109666,1010,2025-02-01,completed,4338.43
109667,1005,2024-05-20,shipped,189.48
109668,1037,2023-08-02,refunded,4405.95
109669,1018,2024-02-01,pending,4716.31
109670,1035,2025-10-13,pending,1406.15
109671,1007,2025-05-25,pending,4407.9
109672,1010,2025-01-19,completed,2772.08
109673,1028,2025-05-20,completed,2269.41
109674,1029,2024-09-24,pending,5555.15
109675,1011,2023-05-30,completed,3126.03
109676,1009,2023-02-18,cancelled,2797.71
109677,1035,2024-09-01,pending,919.0
109678,1036,2023-09-24,completed,377.64
109679,1017,2023-01-27,refunded,5020.31
109680,1031,2025-04-11,completed,3554.38
109681,1030,2023-03-09,completed,1824.16
109682,1045,2023-08-06,completed,3374.84
109683,1043,2023-01-01,completed,3057.68
109684,1050,2024-02-12,completed,108.84
109685,1022,2023-11-17,completed,1650.82
109686,1029,2023-01-27,completed,1201.37
109687,1049,2025-12-10,completed,695.22
109688,1023,2025-02-26,refunded,2800.2
109690,1003,2024-05-27,cancelled,818.88
109691,1014,2024-09-30,refunded,1429.61
109692,1045,2023-07-03,pending,310.92
109693,1048,2023-02-24,pending,828.63
109694,1003,2025-02-19,cancelled,3288.9
109695,1035,2025-07-14,completed,3403.4
109696,1031,2025-03-18,completed,1618.63
109697,1003,2024-02-01,completed,2309.0
109698,1017,2024-04-03,completed,2491.38
109699,1048,2025-11-08,shipped,2000.33
109700,1041,2023-11-21,completed,1140.33
109701,1030,2025-08-18,cancelled,3741.86
109702,1047,2025-01-15,cancelled,5269.91
109703,1034,2024-02-05,refunded,4196.99
109704,1024,2025-08-14,completed,3083.62
109705,1043,2024-11-18,cancelled,4923.47
109706,1017,2025-08-13,pending,3901.62
109707,1020,2024-01-10,refunded,142.85
109709,1011,2023-01-10,pending,5879.85
109710,1006,2025-04-12,shipped,2578.5
109711,1022,2025-05-10,completed,2009.29
109712,1045,2025-12-08,cancelled,3953.56
109713,1046,2024-02-15,shipped,1740.35
109714,1011,2025-09-07,completed,4272.49
109715,1050,2024-02-03,completed,4996.71
109716,1027,2025-10-13,completed,2908.75
109717,1005,2023-11-04,pending,378.56
109718,1022,2025-05-18,refunded,4815.18
109719,1040,2025-03-17,cancelled,1877.33
109720,1015,2025-06-29,cancelled,2588.63
109721,1011,2024-06-15,cancelled,2562.47
109722,1021,2025-06-25,completed,3204.59
109723,1041,2024-05-03,refunded,3036.63
109724,1044,2024-06-01,cancelled,1937.36
109725,1040,2023-09-23,completed,4566.07
109726,1002,2024-05-09,pending,4263.72
109727,1009,2023-01-12,cancelled,869.51
109728,1013,2025-12-09,pending,2589.77
109729,1015,2024-04-09,shipped,1168.24
109730,1039,2023-02-25,pending,4606.39
109731,1041,2024-12-16,shipped,1923.53
109732,1023,2023-03-08,pending,78.6
109733,1038,2025-02-06,shipped,3642.9
109734,1047,2025-12-28,pending,2216.01
109735,1020,2024-01-18,shipped,4248.92
109736,1012,2025-04-13,pending,272.56
109737,1026,2025-12-10,cancelled,2929.48
109738,1004,2023-03-01,completed,3398.34
109739,1041,2023-04-24,completed,1259.83
109740,1037,2025-03-02,completed,3781.48
109741,1025,2024-06-11,completed,262.0
109742,1050,2023-10-17,completed,3495.77
109743,1002,2025-12-27,cancelled,1660.91
109745,1036,2024-02-26,completed,4021.09
109746,1041,2025-08-14,cancelled,979.62
109747,1001,2025-03-18,cancelled,1886.86
109748,1032,2024-03-23,pending,490.03
109749,1040,2025-08-29,completed,3742.97
109750,1027,2023-10-28,cancelled,1773.93
109751,1028,2024-08-03,completed,3335.24
109752,1035,2023-02-13,cancelled,2123.14
109753,1004,2023-04-02,refunded,6260.54
109754,1031,2024-11-02,pending,5560.44
109755,1040,2025-11-26,shipped,3413.61
109756,1010,2025-09-01,cancelled,175.21
109757,1036,2025-11-27,completed,1329.82
109758,1001,2023-02-14,completed,1838.55
109759,1044,2024-03-16,pending,806.28
109760,1041,2025-01-30,cancelled,497.24
109761,1011,2025-12-17,completed,1405.17
109762,1046,2023-02-16,cancelled,3554.05
109763,1050,2024-01-11,completed,1912.3
109764,1025,2025-08-15,cancelled,1277.1
109765,1004,2025-12-17,completed,3211.19
109766,1027,2025-08-21,pending,192.82
109767,1034,2023-09-03,shipped,2860.9
109768,1030,2025-03-28,refunded,485.01
109769,1032,2023-08-13,completed,2728.93
109770,1047,2024-06-03,shipped,1478.54
109771,1043,2025-12-02,cancelled,3307.3
109772,1039,2024-02-29,pending,2256.59
109773,1002,2025-10-22,completed,381.12
109774,1023,2025-10-31,completed,814.7
109775,1022,2023-05-16,completed,1085.52
109776,1015,2025-04-08,completed,261.56
109777,1001,2023-03-03,completed,3944.56
109778,1003,2023-03-15,shipped,487.69
109779,1002,2024-09-09,shipped,2667.12
109780,1036,2025-11-15,refunded,1363.05
109781,1007,2024-06-04,refunded,1042.64
109782,1037,2025-08-05,pending,1491.81
109783,1016,2024-11-03,completed,64.17
109786,1042,2023-01-15,completed,3698.11
109787,1035,2025-09-08,shipped,1102.42
109788,1036,2023-01-21,completed,211.8
109789,1039,2025-11-02,refunded,3245.06
109790,1040,2025-03-09,completed,652.24
109791,1001,2023-06-19,pending,4491.2
109792,1021,2024-10-28,shipped,2517.82
109793,1040,2024-06-30,completed,2565.88
109794,1021,2024-10-08,shipped,2194.38
109795,1035,2024-02-14,cancelled,3778.1
109796,1001,2025-01-31,completed,5386.73
109797,1033,2024-12-01,pending,2251.18
109798,1031,2023-04-21,cancelled,3944.99
109799,1015,2024-02-28,completed,2691.65
109800,1048,2025-04-03,completed,1174.05
109801,1039,2023-12-05,completed,3993.94
109802,1046,2025-03-29,completed,4208.27
109803,1025,2024-05-16,pending,2358.95
109804,1046,2023-08-29,completed,4832.77
109805,1035,2023-05-04,cancelled,2086.61
109806,1025,2023-12-01,completed,2768.38
109807,1037,2025-01-01,completed,1309.5
109808,1024,2024-10-30,completed,2330.45
109809,1029,2024-02-15,cancelled,3345.14
109810,1018,2023-10-14,completed,764.29
109811,1007,2025-02-26,completed,2597.65
109812,1043,2023-04-24,shipped,1054.39
109813,1010,2023-03-08,completed,4147.86
109814,1046,2023-04-25,completed,4098.2
109815,1037,2025-07-07,shipped,2067.29
109816,1012,2025-09-21,pending,577.5
109817,1021,2025-12-12,completed,339.34
109818,1014,2024-11-05,cancelled,5988.55
109819,1030,2025-12-13,completed,180.7
109820,1005,2023-11-18,completed,682.9
109821,1022,2024-01-20,shipped,926.31
109822,1041,2025-06-13,refunded,2183.44
109823,1030,2024-12-28,shipped,3761.63
109824,1047,2025-01-12,cancelled,86.73
109825,1023,2025-05-07,shipped,1343.95
109826,1045,2023-06-12,completed,485.0
109827,1027,2024-05-14,shipped,937.1
109828,1020,2025-05-16,cancelled,1762.89
109829,1043,2024-11-03,completed,149.82
109830,1048,2025-07-17,completed,2081.59
109831,1024,2024-11-24,refunded,2746.82
109832,1006,2024-08-25,shipped,2116.75
109833,1019,2023-08-24,refunded,2612.42
109834,1006,2023-03-04,shipped,613.43
109835,1042,2024-06-06,pending,4782.0
109836,1039,2023-03-26,completed,2894.14
109837,1012,2025-04-25,completed,5429.83
109838,1012,2024-12-22,cancelled,3674.51
109839,1047,2024-03-06,refunded,1631.7
109840,1028,2025-11-12,refunded,79.56
109842,1016,2023-10-02,completed,5007.74
109843,1043,2024-11-06,pending,651.84
109844,1014,2025-07-14,pending,2715.61
109845,1047,2024-07-10,shipped,1440.85
109846,1042,2025-01-27,cancelled,2033.18
109847,1006,2024-03-20,pending,949.31
109848,1021,2024-08-13,shipped,3282.69
109849,1004,2024-05-23,shipped,3493.02
109850,1025,2023-03-20,pending,1288.27
109851,1045,2024-08-06,completed,2252.58
109852,1009,2024-08-05,refunded,4561.97
109853,1003,2025-05-02,completed,576.66
109854,1001,2023-08-05,pending,2557.1
109855,1050,2024-11-29,cancelled,2791.51
109856,1033,2023-08-29,completed,6183.95
109857,1045,2024-03-28,completed,3134.18
109858,1001,2025-07-11,pending,4749.12
109859,1048,2023-02-12,completed,274.43
109860,1023,2023-11-14,completed,3680.7
109861,1049,2025-09-15,completed,1252.72
109863,1042,2023-05-09,refunded,1952.84
109864,1018,2023-08-20,cancelled,4602.0
109865,1005,2023-07-31,cancelled,478.16
109866,1045,2023-04-25,completed,481.84
109867,1009,2024-11-19,completed,3793.98
109868,1046,2024-12-24,shipped,687.4
109869,1001,2025-01-14,refunded,4745.19
109870,1001,2023-09-09,shipped,2776.48
109871,1037,2024-03-15,completed,4460.5
109872,1018,2025-09-17,refunded,4755.17
109873,1006,2025-04-29,completed,1889.18
109874,1022,2024-12-30,completed,809.35
109875,1025,2023-07-07,shipped,2462.8
109876,1042,2023-04-15,completed,2299.71
109877,1047,2023-07-01,completed,2831.29
109878,1023,2024-10-19,completed,3842.78
109879,1011,2025-07-24,completed,5045.17
109880,1026,2025-02-24,refunded,2193.78
109881,1028,2024-05-11,cancelled,666.23
109882,1007,2023-03-15,shipped,5160.28
109884,1006,2025-11-26,shipped,4423.82
109885,1029,2023-02-20,completed,1719.1
109886,1012,2024-02-08,completed,2952.12
109887,1037,2025-01-26,completed,2355.1
109888,1042,2025-04-11,completed,1013.4
109889,1017,2024-01-24,cancelled,909.5
109890,1010,2024-03-20,pending,2986.04
109891,1035,2023-03-29,completed,2136.14
109892,1008,2024-04-28,shipped,673.68
109893,1034,2025-11-28,cancelled,892.52
109894,1009,2023-05-09,shipped,2937.78
109895,1043,2025-12-17,completed,37.89
109896,1007,2025-07-10,completed,6020.38
109897,1023,2025-04-24,pending,182.7
109898,1021,2024-05-23,completed,4957.96
109899,1021,2023-10-04,completed,4470.64
109900,1006,2024-09-04,cancelled,3004.88
109901,1035,2024-08-25,cancelled,6096.33
109902,1042,2025-06-09,pending,1486.32
109903,1043,2025-04-25,completed,1312.73
109904,1003,2024-06-11,cancelled,3580.93
109906,1022,2023-12-07,pending,1424.78
109907,1050,2025-06-08,completed,2694.45
109908,1007,2024-11-01,completed,820.29
109909,1002,2025-08-29,refunded,1060.2
109910,1013,2024-07-12,shipped,331.37
109911,1007,2025-03-05,pending,1967.01
109912,1040,2024-09-18,pending,852.36
109913,1010,2024-03-20,shipped,2061.07
109914,1029,2024-05-25,refunded,3564.78
109915,1049,2025-06-14,completed,1272.75
109916,1013,2024-02-06,completed,502.56
109917,1014,2023-11-09,pending,22.36
109918,1009,2023-01-23,shipped,3024.14
109919,1023,2024-07-03,shipped,269.22
109920,1016,2025-05-06,refunded,2543.44
109921,1016,2023-09-07,shipped,990.64
109922,1010,2023-10-12,refunded,4862.66
109923,1016,2024-05-12,refunded,4328.21
109924,1041,2023-10-07,pending,1764.59
109925,1035,2023-10-09,completed,3491.18
109926,1038,2024-03-01,pending,1517.33
109927,1027,2024-07-06,pending,4257.99
109928,1037,2023-05-12,shipped,1559.94
109929,1019,2024-09-08,shipped,4188.07
109930,1006,2025-10-12,completed,626.34
109931,1045,2024-06-27,completed,855.6
109932,1017,2024-10-28,refunded,2153.88
109933,1015,2025-03-28,refunded,3485.7
109934,1003,2025-01-31,shipped,5661.87
109935,1027,2023-01-05,completed,6740.69
109936,1049,2023-09-27,cancelled,2945.41
109937,1040,2025-05-19,cancelled,764.76
109938,1037,2024-06-24,pending,661.68
109939,1003,2023-12-06,completed,897.55
109940,1040,2023-08-08,pending,1999.37
109941,1040,2024-05-29,completed,1704.6
109942,1033,2024-08-20,completed,2072.48
109943,1001,2025-11-10,pending,4112.45
109944,1047,2023-07-24,completed,2048.9
109945,1029,2024-10-29,cancelled,148.29
109946,1046,2025-12-16,cancelled,3003.1
109947,1045,2023-02-14,pending,511.09
109948,1039,2023-07-27,completed,1412.21
109949,1027,2024-10-16,shipped,1728.24
109950,1036,2024-06-22,completed,1529.63
109951,1004,2025-10-22,pending,4177.04
109952,1035,2024-02-24,refunded,107.0
109953,1023,2023-04-08,completed,2416.5
109954,1009,2024-02-23,completed,2261.19
109955,1021,2026-05-29,refunded,4610.51
109956,1021,2023-06-08,refunded,4351.67
109959,1047,2023-03-20,completed,392.42
109960,1007,2023-06-16,completed,3029.66
109961,1011,2024-08-28,refunded,4835.69
109962,1013,2025-01-11,shipped,5827.77
109963,1004,2023-09-29,completed,73.08
109964,1013,2024-12-20,shipped,1668.91
109966,1042,2023-08-20,completed,7390.97
109967,1036,2025-10-28,completed,2551.44
109968,1014,2023-01-13,pending,824.34
109969,1031,2025-01-20,completed,4807.34
109970,1024,2023-06-07,shipped,1135.72
109971,1030,2023-10-14,pending,1619.25
109972,1042,2025-07-22,completed,1202.74
109973,1003,2024-02-16,completed,2328.19
109974,1039,2025-07-04,refunded,642.7
109975,1039,2024-08-03,completed,3664.4
109976,1042,2025-06-27,completed,4350.96
109977,1050,2024-01-03,pending,2534.76
109978,1026,2025-03-26,completed,1487.31
109979,1029,2025-04-02,pending,5411.77
109980,1006,2024-11-26,completed,2860.05
109981,1040,2023-10-26,pending,2346.82
109982,1033,2024-11-23,pending,1139.88
109983,1027,2023-10-12,cancelled,5012.64
109984,1021,2025-08-26,completed,1153.68
109985,1031,2024-10-05,completed,877.65
109986,1021,2024-12-30,refunded,1120.08
109987,1009,2025-06-13,pending,783.36
109988,1044,2023-01-06,pending,4264.33
109989,1035,2023-05-26,completed,4096.15
109990,1048,2023-07-07,pending,163.47
109991,1035,2024-02-19,completed,1713.74
109992,1010,2024-01-20,refunded,1126.65
109993,1025,2024-04-18,cancelled,3186.46
109994,1007,2024-07-12,completed,794.1
109995,1029,2024-10-16,refunded,1904.64
109996,1004,2024-11-08,refunded,4215.73
109997,1011,2025-06-24,completed,3686.22
109998,1019,2023-08-10,shipped,2363.51
109999,1041,2023-10-30,completed,930.25
110000,1050,2024-06-26,cancelled,5789.34
110001,1014,2024-11-15,cancelled,4950.73
110002,1010,2023-08-15,completed,4435.68
110003,1043,2023-03-12,completed,3436.83
110004,1044,2023-05-13,cancelled,1524.39
110005,1026,2025-10-30,refunded,75.66
110006,1012,2023-04-13,completed,4410.66
110008,1023,2025-03-12,completed,3282.53
110009,1050,2024-04-04,completed,3124.68
110010,1044,2023-01-14,pending,1548.9
110011,1018,2025-01-24,completed,5561.02
110012,1024,2023-04-19,shipped,3767.85
110013,1031,2024-07-31,pending,2250.64
110014,1038,2024-06-23,pending,1251.24
110015,1014,2023-03-09,cancelled,926.82
110016,1024,2025-08-05,refunded,1705.51
110017,1002,2024-07-06,completed,1267.57
110018,1045,2024-01-12,cancelled,1914.56
110019,1009,2023-12-14,cancelled,3549.94
110020,1037,2024-04-03,cancelled,1869.28
110021,1029,2025-08-21,pending,979.97
110022,1048,2025-02-05,shipped,636.65
110023,1012,2025-02-14,pending,3905.81
110024,1012,2024-12-27,completed,4587.98
110025,1018,2024-04-29,refunded,2607.24
110026,1022,2023-03-04,cancelled,4387.86
110027,1017,2023-04-28,completed,1201.39
110028,1023,2023-06-21,pending,776.79
110029,1039,2024-01-23,cancelled,2964.0
110030,1011,2025-09-26,completed,2134.98
110031,1042,2025-02-08,cancelled,834.56
110032,1012,2025-11-29,cancelled,1232.86
110033,1026,2024-09-06,pending,693.12
110035,1046,2024-08-29,refunded,1377.4
110036,1010,2024-11-15,completed,323.19
110037,1003,2025-01-24,completed,1606.08
110038,1047,2025-02-21,completed,688.75
110039,1035,2025-03-13,refunded,3864.6
110040,1001,2024-10-18,completed,752.35
110041,1002,2024-01-09,completed,1486.77
110042,1050,2023-11-24,completed,1409.06
110043,1021,2025-02-23,refunded,4057.03
110044,1009,2023-09-06,pending,2373.24
110045,1021,2023-02-10,completed,2377.15
110046,1001,2024-03-27,refunded,652.05
110047,1028,2027-04-06,shipped,2420.42
110049,1009,2023-01-08,completed,1888.31
110050,1027,2023-04-11,refunded,4045.86
110051,1005,2023-10-06,cancelled,1627.71
110052,1007,2023-12-11,completed,4395.88
110053,1003,2025-12-08,pending,228.02
110054,1027,2025-10-12,completed,3261.95
110055,1032,2025-08-08,cancelled,3552.37
110056,1030,2023-09-23,completed,1716.93
110057,1015,2025-05-24,cancelled,2085.85
110058,1043,2025-04-01,pending,3064.3
110059,1002,2025-10-02,completed,196.5
110060,1048,2025-01-11,cancelled,339.22
110061,1011,2023-08-18,refunded,2639.03
110062,1046,2023-03-17,refunded,165.6
110063,1037,2023-09-04,completed,3563.7
110064,1042,2025-07-30,cancelled,4234.56
110065,1046,2023-12-24,completed,488.25
110066,1030,2024-12-31,pending,3440.7
110067,1020,2024-06-28,shipped,1595.4
110068,1036,2025-08-26,completed,1183.84
110069,1020,2023-09-25,completed,855.63
110070,1040,2025-10-14,shipped,216.16
110071,1005,2024-07-31,pending,2885.91
110072,1013,2025-02-04,shipped,3928.22
110073,1015,2024-11-13,shipped,4198.08
110074,1047,2024-04-26,pending,2651.89
110075,1022,2025-08-19,completed,569.76
110076,1023,2023-10-24,completed,3760.6
110077,1027,2024-02-14,cancelled,3338.7
110078,1001,2024-06-04,cancelled,4530.82
110079,1048,2023-11-01,refunded,5473.16
110081,1010,2023-07-02,pending,2157.45
110082,1037,2024-01-23,completed,5948.39
110083,1037,2023-03-18,cancelled,2005.79
110084,1009,2025-09-06,completed,2730.66
110085,1007,2025-03-16,completed,3289.98
110086,1047,2025-09-04,completed,1081.4
110087,1035,2024-11-09,pending,4962.12
110088,1032,2023-04-20,shipped,6109.71
110089,1040,2025-10-02,pending,4669.51
110090,1035,2023-08-21,shipped,1956.4
110091,1042,2024-02-08,cancelled,2548.13
110092,1038,2025-07-14,shipped,738.72
110093,1032,2023-09-19,shipped,6659.54
110094,1015,2025-06-21,pending,3517.89
110095,1024,2024-11-18,refunded,400.86
110096,1017,2024-07-21,cancelled,788.97
110097,1047,2025-06-18,refunded,4542.06
110098,1044,2023-04-24,completed,714.03
110099,1020,2025-10-10,pending,4102.72
110100,1003,2023-06-11,completed,2911.57
110101,1016,2023-09-15,completed,3399.96
110102,1037,2024-10-15,completed,4010.55
110103,1028,2023-06-06,cancelled,3186.46
110104,1026,2024-12-21,refunded,1774.12
110105,1034,2025-07-29,completed,5562.31
110106,1026,2025-11-21,cancelled,3314.45
110107,1011,2025-02-18,cancelled,1991.0
110108,1015,2025-07-12,completed,2222.28
110109,1013,2024-01-17,completed,2367.78
110110,1050,2023-07-25,shipped,2906.2
110111,1024,2025-08-01,refunded,6069.91
110112,1044,2024-10-07,completed,2578.73
110113,1038,2024-07-11,refunded,1096.92
110114,1041,2024-07-12,refunded,2839.93
110115,1025,2023-05-19,completed,2713.48
110116,1023,2025-09-23,cancelled,3834.52
110117,1013,2024-06-17,completed,71.76
110118,1031,2023-11-04,completed,3023.28
110119,1028,2025-12-10,shipped,423.37
110120,1013,2025-05-01,shipped,6202.86
110121,1033,2024-03-14,refunded,1529.49
110122,1047,2024-05-17,pending,3746.96
110123,1037,2024-10-19,shipped,3108.0
110124,1014,2025-10-26,completed,3717.77
110125,1019,2024-10-27,pending,5124.64
110126,1043,2024-01-22,pending,5206.45
110127,1015,2023-04-19,completed,6019.03
110128,1042,2025-04-23,refunded,1044.6
110129,1048,2023-11-27,completed,1409.44
110130,1044,2024-11-15,completed,2727.48
110131,1024,2023-11-30,completed,437.64
110132,1045,2024-04-17,cancelled,1418.62
110133,1013,2025-03-08,cancelled,1357.82
110134,1016,2023-10-23,completed,1976.07
110136,1005,2023-01-09,refunded,1625.67
110137,1039,2025-06-29,cancelled,4297.81
110138,1048,2024-07-19,pending,1961.89
110139,1040,2024-11-28,pending,2949.01
110140,1050,2023-04-14,completed,90.18
110141,1010,2024-05-26,shipped,798.62
110142,1027,2023-06-07,pending,3066.06
110143,1030,2025-01-02,pending,2643.27
110144,1028,2023-10-01,completed,668.52
110145,1021,2023-06-24,completed,7166.69
110146,1034,2026-08-04,completed,1637.55
110147,1045,2025-09-25,pending,156.28
110148,1026,2025-11-19,shipped,3903.51
110149,1016,2024-06-02,refunded,1176.02
110150,1041,2024-11-18,completed,1456.85
110151,1001,2024-02-08,pending,808.76
110152,1032,2023-01-26,shipped,1740.87
110153,1045,2023-05-18,pending,5958.13
110154,1009,2024-10-16,completed,3600.87
110155,1016,2023-07-22,completed,2935.38
110156,1010,2023-12-16,completed,4553.06
110157,1021,2023-12-30,refunded,1051.26
110158,1034,2024-01-01,completed,1688.81
110159,1015,2023-08-26,cancelled,207.06
110160,1034,2024-08-02,shipped,3228.95
110161,1006,2024-07-07,completed,2797.53
110162,1024,2024-08-05,refunded,3575.98
110163,1047,2025-11-17,cancelled,4173.93
110164,1011,2024-01-24,completed,4016.88
110165,1050,2023-12-11,completed,4894.57
110166,1034,2023-09-05,refunded,2117.76
110167,1002,2023-08-10,completed,23.84
110168,1027,2023-11-08,shipped,1254.21
110169,1018,2024-09-11,completed,1444.77
110170,1006,2025-10-27,shipped,567.92
110171,1013,2025-01-15,completed,3395.29
110173,1003,2023-10-28,completed,3338.82
110174,1039,2023-09-13,cancelled,4103.93
110175,1012,2024-10-31,completed,589.53
110176,1041,2024-10-01,cancelled,2154.02
110177,1044,2023-09-11,completed,1504.68
110178,1009,2023-08-21,cancelled,6213.79
110179,1030,2023-07-14,completed,3032.99
110180,1032,2024-10-06,completed,3970.64
110181,1008,2025-04-04,refunded,672.64
110182,1042,2024-04-27,completed,1929.49
110184,1020,2023-01-26,completed,3446.25
110185,1049,2024-05-30,completed,3542.85
110186,1029,2025-09-03,cancelled,2375.05
110187,1024,2023-11-20,completed,2989.38
110188,1034,2024-06-02,completed,5172.06
110189,1026,2025-06-22,refunded,266.91
110190,1025,2025-02-27,completed,1907.79
110191,1015,2024-02-10,cancelled,2637.29
110192,1014,2025-10-07,cancelled,549.42
110194,1019,2025-05-23,pending,2178.08
110195,1027,2024-09-11,shipped,1890.67
110196,1005,2025-10-19,refunded,5349.31
110197,1002,2023-03-23,cancelled,5834.58
110198,1018,2024-08-21,completed,3637.51
110199,1018,2024-03-23,completed,3502.21
110200,1028,2025-01-28,completed,820.02
110201,1033,2025-10-06,completed,5343.99
110202,1046,2023-10-09,completed,2916.07
110203,1042,2024-12-10,completed,730.03
110204,1011,2025-12-25,cancelled,419.78
110205,1005,2023-12-31,refunded,396.88
110206,1011,2024-04-24,shipped,2868.87
110207,1038,2024-01-15,shipped,2082.46
110208,1006,2023-12-13,shipped,318.56
110209,1015,2025-02-19,completed,1980.0
110210,1023,2023-12-07,refunded,2292.26
110211,1007,2025-05-23,completed,313.25
110212,1041,2023-03-23,completed,5873.65
110213,1046,2024-04-20,pending,611.17
110214,1029,2024-04-18,shipped,4061.27
110215,1011,2025-01-22,completed,1683.8
110216,1020,2023-06-15,pending,822.16
110217,1017,2024-01-19,completed,720.56
110218,1039,2024-10-14,completed,4656.72
110219,1046,2023-04-27,completed,3194.84
110220,1005,2023-01-07,pending,5920.64
110221,1010,2024-09-01,completed,202.68
110222,1036,2025-03-29,refunded,174.48
110224,1006,2025-02-12,pending,2393.84
110225,1032,2025-04-29,refunded,569.8
110226,1044,2023-01-24,shipped,2593.14
110227,1009,2024-06-10,completed,3467.92
110228,1021,2024-07-23,completed,4097.18
110229,1011,2025-01-29,completed,252.46
110230,1036,2024-02-06,cancelled,1589.6
110231,1013,2024-11-01,completed,3050.78
110232,1011,2023-07-17,pending,4702.04
110233,1031,2024-12-26,cancelled,1418.21
110234,1025,2023-07-23,shipped,2961.2
110235,1045,2024-09-24,completed,4157.63
110236,1038,2025-05-28,pending,689.76
110237,1045,2023-01-21,cancelled,331.17
110238,1005,2023-05-13,completed,2873.17
110239,1033,2023-10-19,completed,2803.4
110240,1018,2025-05-09,pending,247.56
110241,1026,2025-08-12,cancelled,5067.35
110242,1037,2023-12-20,cancelled,1658.3
110243,1032,2023-08-18,shipped,2547.08
110244,1007,2023-05-10,refunded,1939.33
110245,1046,2024-04-16,refunded,213.42
110246,1021,2025-06-26,cancelled,1092.21
110247,1032,2024-10-17,refunded,4395.88
110248,1002,2023-11-27,cancelled,4109.29
110249,1039,2025-05-16,refunded,7462.01
110250,1028,2024-03-21,completed,5804.14
110251,1039,2024-02-26,completed,2105.98
110252,1006,2025-12-31,pending,236.9
110253,1027,2024-05-08,refunded,4409.86
110254,1011,2024-11-15,completed,3712.95
110255,1025,2023-02-23,completed,4112.71
110256,1030,2025-12-26,shipped,1722.39
110257,1019,2024-05-13,pending,2301.0
110258,1019,2025-02-01,completed,2812.16
110259,1032,2023-04-02,completed,1533.72
110260,1028,2024-09-15,cancelled,556.77
110261,1002,2023-06-28,completed,2317.1
110262,1001,2024-06-20,completed,1308.2
110263,1008,2025-08-21,pending,242.46
110264,1035,2024-01-28,refunded,1451.88
110265,1024,2025-09-06,completed,3852.16
110266,1041,2023-02-12,completed,442.03
110267,1040,2025-10-11,completed,3281.9
110268,1043,2024-09-20,completed,5215.84
110269,1047,2025-04-22,completed,1295.76
110270,1042,2023-02-12,refunded,2254.9
110271,1024,2023-05-15,cancelled,238.24
110272,1031,2024-02-13,completed,830.55
110273,1021,2024-11-14,pending,214.04
110274,1027,2023-09-30,cancelled,3104.2
110275,1017,2023-10-28,cancelled,5219.39
110276,1012,2024-04-20,completed,492.48
110277,1032,2025-08-08,cancelled,5872.14
110278,1023,2025-02-12,completed,2014.66
110280,1019,2025-10-14,shipped,3581.74
110281,1005,2025-07-18,pending,1296.81
110282,1047,2025-06-15,refunded,4119.74
110283,1004,2025-10-21,pending,4348.98
110284,1037,2023-09-21,shipped,527.72
110285,1010,2025-12-27,completed,2074.86
110286,1026,2023-11-26,completed,4447.1
110288,1026,2024-04-05,completed,590.3
110289,1044,2024-06-01,completed,1894.75
110290,1006,2025-04-19,refunded,980.64
110291,1020,2025-07-23,completed,5655.5
110292,1005,2023-03-04,shipped,1012.76
110293,1020,2024-09-30,cancelled,1610.08
110294,1046,2023-08-08,pending,1556.16
110295,1045,2025-11-10,shipped,1814.78
110296,1023,2023-08-06,shipped,4844.6
110297,1016,2024-05-03,pending,1787.53
110298,1047,2023-03-09,completed,1696.74
110299,1023,2024-01-27,completed,923.52
110300,1029,2025-07-06,cancelled,5452.52
110301,1025,2024-05-30,pending,8.84
110302,1050,2024-10-05,pending,4571.64
110303,1021,2023-04-22,pending,1447.48
110304,1023,2023-06-02,completed,2653.3
110305,1035,2024-07-25,completed,1250.85
110306,1046,2024-12-10,cancelled,239.98
110308,1022,2024-11-20,completed,5368.45
110309,1042,2024-06-30,refunded,1888.74
110310,1022,2025-07-10,shipped,3327.39
110311,1003,2025-04-26,pending,3907.38
110312,1007,2025-10-27,shipped,1774.28
110313,1015,2023-12-04,cancelled,873.0
110314,1030,2023-10-05,refunded,3117.56
110315,1003,2023-03-21,refunded,5644.45
110316,1041,2023-01-19,completed,532.59
110317,1005,2024-09-27,refunded,1153.74
110318,1035,2023-09-13,completed,1522.68
110319,1047,2025-06-27,cancelled,3154.34
110320,1041,2023-02-01,completed,5464.33
110321,1018,2023-02-17,completed,1238.9
110322,1004,2025-04-17,completed,168.49
110323,1041,2024-06-10,completed,1266.57
110324,1023,2023-09-16,completed,941.0
110325,1027,2025-10-16,cancelled,588.56
110326,1004,2025-04-28,completed,1836.17
110327,1031,2023-02-02,shipped,5628.74
110328,1038,2023-01-29,completed,4169.55
110329,1023,2025-08-06,completed,4966.72
110330,1038,2024-08-24,refunded,2455.02
110331,1039,2025-08-07,completed,196.35
110332,1016,2025-02-09,pending,501.12
110333,1016,2025-09-15,completed,4179.9
110334,1022,2023-05-03,completed,2476.85
110335,1040,2023-04-27,refunded,5611.34
110336,1030,2025-11-17,refunded,807.69
110337,1011,2025-10-21,shipped,2595.66
110338,1010,2025-04-07,completed,3237.71
110339,1042,2023-02-15,refunded,99.22
110341,1017,2023-08-04,completed,2290.48
110342,1001,2025-11-13,refunded,3283.9
110343,1032,2024-05-16,completed,5353.92
110344,1046,2024-06-25,cancelled,100.0
110345,1030,2025-01-31,shipped,2877.42
110346,1003,2023-12-07,completed,5711.94
110347,1027,2025-08-30,completed,877.92
110348,1022,2024-05-10,pending,1761.01
110349,1046,2023-11-13,pending,2684.41
110350,1042,2025-08-18,completed,781.19
110351,1037,2024-11-08,pending,2409.93
110352,1015,2023-07-07,cancelled,1425.05
110353,1028,2023-09-10,refunded,2157.03
110354,1014,2023-08-12,completed,4467.52
110355,1014,2023-02-25,completed,9293.8
110356,1005,2023-01-24,completed,934.2
110357,1015,2025-04-03,shipped,3999.55
110358,1047,2023-03-09,refunded,4546.17
110359,1017,2023-06-04,completed,2454.96
110360,1002,2025-05-18,cancelled,1245.64
110361,1021,2024-05-15,refunded,917.94
110362,1009,2024-02-14,completed,2174.25
110363,1023,2024-10-09,pending,4947.47
110364,1030,2025-04-18,cancelled,3394.43
110365,1041,2024-09-29,cancelled,616.02
110366,1008,2023-06-24,completed,288.61
110367,1044,2024-11-05,completed,410.02
110368,1008,2024-10-10,completed,5207.73
110369,1020,2023-09-18,cancelled,2669.14
110370,1008,2023-05-03,completed,2099.3
110371,1026,2024-09-28,completed,3018.62
110372,1036,2023-10-01,completed,678.79
110373,1046,2024-04-16,shipped,3477.66
110374,1016,2024-02-27,cancelled,4952.76
110375,1015,2024-11-13,completed,5234.01
110376,1045,2023-03-03,completed,867.52
110377,1044,2025-10-12,completed,3416.34
110378,1029,2025-11-07,shipped,1213.92
110379,1037,2025-07-12,completed,1100.54
110380,1032,2024-08-26,completed,1800.24
110381,1005,2025-08-27,pending,3876.05
110382,1023,2024-08-07,completed,3504.93
110383,1011,2024-06-25,completed,1141.83
110384,1042,2025-05-24,refunded,3174.56
110385,1024,2025-06-09,pending,1459.41
110386,1032,2025-11-12,pending,4115.89
110387,1032,2025-06-08,cancelled,3673.77
110388,1047,2025-01-15,refunded,503.0
110389,1011,2025-08-05,completed,993.78
110390,1015,2024-12-21,refunded,2539.36
110391,1025,2025-02-16,shipped,806.43
110392,1025,2023-09-06,refunded,1275.75
110393,1034,2025-08-16,refunded,2031.6
110394,1020,2024-12-26,completed,2329.09
110395,1029,2023-03-31,refunded,988.55
110396,1033,2024-03-31,refunded,2539.04
110397,1003,2024-06-01,completed,2053.7
110399,1049,2023-10-21,completed,880.28
110400,1019,2023-08-02,pending,2490.01
110401,1017,2023-09-12,pending,3693.05
110402,1032,2024-03-21,completed,318.42
110403,1021,2024-04-18,cancelled,5066.37
110404,1039,2024-08-31,cancelled,3659.48
110405,1007,2025-11-07,completed,3990.71
110406,1003,2023-11-13,shipped,3701.97
110407,1017,2023-11-15,completed,1519.97
110408,1011,2025-10-19,completed,3278.87
110409,1045,2024-06-21,refunded,8093.61
110410,1019,2024-12-26,shipped,573.22
110411,1020,2025-07-23,shipped,3958.74
110412,1002,2023-12-21,cancelled,3858.97
110413,1005,2023-08-12,cancelled,4122.18
110414,1002,2023-10-22,cancelled,2758.97
110415,1032,2024-04-13,refunded,5513.88
110416,1025,2024-07-27,completed,2033.7
110417,1049,2024-03-03,refunded,7217.71
110418,1004,2023-09-22,pending,1182.62
110419,1041,2025-04-16,cancelled,1279.84
110420,1026,2024-07-20,completed,2119.84
110421,1045,2025-03-08,cancelled,4271.78
110422,1034,2023-06-15,shipped,3441.2
110423,1029,2025-10-30,completed,126.75
110424,1024,2024-12-18,completed,2699.29
110425,1008,2023-09-26,cancelled,1469.9
110426,1004,2023-03-19,refunded,2954.33
110428,1011,2024-11-24,completed,1180.6
110429,1019,2025-12-13,completed,2417.39
110430,1005,2025-05-10,pending,1661.27
110431,1037,2024-01-09,shipped,4038.2
110432,1037,2024-06-26,refunded,41.47
110433,1036,2025-07-24,cancelled,1231.38
110434,1007,2025-06-21,completed,1493.24
110435,1029,2024-01-19,refunded,2958.51
110436,1026,2023-09-03,completed,2835.25
110437,1005,2023-01-03,pending,307.2
110438,1040,2023-05-19,completed,4756.11
110439,1018,2024-05-29,shipped,2100.72
110440,1045,2025-02-22,completed,1356.1
110441,1047,2023-05-20,completed,4310.25
110442,1025,2023-08-17,completed,292.15
110443,1028,2024-02-03,shipped,375.0
110444,1016,2023-03-04,refunded,4461.59
110445,1027,2025-01-10,pending,2855.89
110446,1003,2024-04-22,pending,1526.34
110447,1030,2024-04-11,completed,1214.08
110448,1041,2024-01-30,completed,703.33
110449,1045,2025-11-25,completed,381.14
110450,1017,2023-11-24,cancelled,224.26
110451,1012,2025-02-03,cancelled,3202.74
110452,1007,2023-02-24,completed,427.58
110453,1024,2023-02-07,shipped,5029.65
110454,1035,2023-11-05,completed,5486.12
110455,1029,2025-09-05,refunded,3031.93
110456,1007,2023-09-06,shipped,5234.17
110457,1046,2024-07-25,completed,2571.7
110458,1010,2024-10-24,pending,1466.56
110459,1039,2023-09-27,completed,4504.91
110460,1013,2024-11-02,refunded,3022.46
110461,1020,2025-11-22,pending,1067.27
110462,1003,2023-08-24,completed,1245.53
110463,1036,2023-03-02,completed,1183.7
110464,1008,2025-12-12,completed,1302.32
110465,1012,2023-01-07,completed,1892.38
110466,1045,2025-08-10,completed,906.55
110467,1031,2024-07-26,completed,6635.94
110468,1002,2023-04-07,shipped,4817.22
110469,1005,2025-05-16,cancelled,3495.31
110470,1044,2025-09-19,completed,2782.02
110471,1024,2024-11-23,shipped,102.68
110472,1043,2023-07-18,completed,489.44
110473,1035,2025-06-15,completed,1865.98
110474,1017,2024-08-19,pending,2276.38
110475,1006,2023-12-31,pending,3074.96
110476,1008,2023-08-02,completed,3158.04
110478,1026,2023-10-03,completed,679.96
110479,1015,2024-04-07,shipped,1181.24
110480,1026,2024-10-25,cancelled,3491.88
110481,1049,2024-06-14,completed,2618.6
110482,1040,2025-03-01,cancelled,2123.47
110483,1012,2024-08-28,refunded,4544.88
110484,1030,2024-08-09,pending,762.9
110485,1002,2025-02-12,completed,1257.72
110486,1009,2025-06-23,cancelled,2371.66
110487,1010,2025-05-09,shipped,1912.46
110488,1008,2025-01-07,completed,1670.1
110489,1022,2023-06-04,completed,3834.61
110490,1003,2025-06-13,cancelled,5510.98
110491,1042,2025-05-28,completed,5188.14
110492,1015,2024-04-28,shipped,4070.88
110493,1037,2024-10-11,pending,807.57
110494,1034,2023-05-29,completed,745.8
110495,1001,2023-08-13,cancelled,4585.86
110496,1033,2025-12-04,completed,3199.48
110497,1008,2025-06-17,completed,1600.92
110498,1042,2023-01-06,completed,7344.0
110499,1048,2024-02-16,completed,1656.8
110500,1002,2025-11-08,completed,868.5
110501,1001,2024-01-01,cancelled,1596.31
110502,1022,2023-10-13,completed,379.72
110503,1016,2024-03-27,cancelled,1066.79
110504,1045,2024-03-02,refunded,1900.4
110505,1047,2023-10-16,pending,3439.48
110506,1028,2024-01-14,completed,1756.06
110507,1025,2023-01-10,shipped,2696.3
110508,1016,2025-07-26,shipped,1030.16
110509,1011,2024-12-15,completed,2826.64
110510,1019,2023-10-18,completed,2085.5
110511,1048,2025-03-06,completed,2153.46
110512,1045,2023-01-02,pending,2273.8
110513,1050,2024-03-11,cancelled,714.51
110514,1025,2024-02-25,completed,1492.08
110515,1028,2024-07-04,refunded,8102.57
110516,1014,2024-05-18,pending,2328.21
110517,1032,2024-01-23,shipped,3535.52
110518,1020,2025-06-07,shipped,2866.57
110519,1020,2025-06-27,refunded,1517.3
110520,1021,2023-02-26,pending,2424.74
110522,1026,2025-05-22,completed,453.25
110523,1030,2025-02-11,refunded,4945.12
110524,1039,2024-05-05,refunded,2997.58
110525,1041,2023-04-15,cancelled,2272.96
110526,1043,2025-09-26,completed,1515.7
110527,1029,2025-06-15,cancelled,516.54
110528,1039,2025-02-20,shipped,3264.03
110529,1001,2025-07-27,completed,593.43
110530,1004,2025-01-02,cancelled,622.18
110531,1024,2024-09-08,cancelled,3354.07
110532,1006,2025-02-06,pending,1364.64
110533,1033,2025-12-08,completed,345.46
110534,1043,2025-10-19,completed,3338.92
110535,1006,2025-09-28,completed,2806.53
110536,1040,2023-05-11,completed,2471.45
110537,1006,2025-10-27,pending,769.05
110538,1019,2024-02-29,completed,1048.46
110539,1029,2023-12-19,cancelled,3449.68
110540,1019,2024-02-24,completed,944.58
110541,1034,2025-12-09,completed,2415.8
110542,1024,2023-02-18,pending,4656.95
110543,1037,2023-09-09,refunded,4774.52
110544,1042,2023-01-14,cancelled,3307.01
110546,1040,2025-11-13,refunded,2598.38
110547,1004,2025-07-17,completed,798.96
110548,1031,2024-06-28,cancelled,3676.1
110549,1048,2025-02-16,completed,5102.35
110550,1009,2025-05-05,shipped,1667.36
110551,1030,2023-06-23,pending,5157.6
110552,1047,2024-09-27,pending,5537.43
110553,1016,2025-10-03,pending,3711.46
110554,1047,2025-03-29,refunded,3709.35
110555,1048,2025-06-05,pending,4792.88
110556,1049,2025-09-11,completed,4742.93
110557,1024,2023-09-15,shipped,5455.36
110558,1015,2024-12-01,completed,2330.84
110559,1045,2024-09-28,completed,3462.42
110561,1005,2023-05-25,completed,1422.54
110563,1005,2025-11-29,shipped,5593.44
110564,1005,2025-10-23,completed,1525.39
110565,1021,2024-09-04,completed,523.08
110566,1001,2023-01-11,completed,3304.22
110567,1018,2025-01-10,completed,3929.84
110568,1012,2023-12-15,refunded,4347.04
110569,1015,2024-04-20,shipped,699.64
110570,1026,2024-07-18,completed,5511.37
110571,1032,2025-09-07,completed,3051.23
110572,1036,2025-06-03,shipped,3642.74
110573,1029,2023-11-29,completed,427.47
110574,1029,2024-02-02,shipped,2003.28
110575,1039,2024-05-04,refunded,2833.93
110576,1030,2023-06-11,completed,2564.38
110577,1040,2025-11-07,cancelled,789.48
110578,1040,2024-12-25,shipped,2798.3
110579,1007,2024-12-03,pending,318.76
110580,1018,2023-10-01,completed,29.27
110581,1030,2025-03-15,completed,1455.8
110582,1050,2024-01-30,shipped,4232.83
110583,1046,2024-06-02,pending,1370.72
110584,1037,2025-12-07,completed,349.66
110585,1010,2025-07-16,shipped,2037.52
110586,1003,2025-10-24,cancelled,3389.16
110587,1045,2024-05-09,completed,773.28
110588,1013,2025-05-18,pending,369.81
110589,1016,2024-05-21,completed,619.38
110590,1019,2024-12-28,cancelled,5215.66
110591,1028,2024-05-27,pending,2036.12
110592,1044,2023-10-16,cancelled,790.2
110593,1018,2023-04-05,completed,5985.44
110595,1023,2023-08-16,refunded,4123.2
110596,1032,2025-06-04,completed,972.65
110597,1014,2024-09-19,pending,4517.65
110598,1011,2023-12-11,completed,3721.21
110599,1032,2024-08-04,pending,167.7
110600,1031,2025-01-11,pending,5075.43
110601,1036,2025-07-26,pending,2029.02
110602,1029,2023-04-10,refunded,329.88
110603,1015,2023-09-26,refunded,1626.22
110604,1012,2023-06-07,refunded,1714.91
110605,1020,2024-10-02,cancelled,3577.33
110606,1024,2023-09-18,completed,4394.99
110607,1034,2025-07-19,completed,3016.28
110608,1023,2023-09-12,refunded,2860.99
110609,1010,2023-06-04,completed,2126.92
110610,1020,2024-12-21,refunded,4284.17
110611,1020,2024-09-16,completed,1160.36
110612,1033,2024-01-10,completed,1659.5
110613,1001,2024-11-20,pending,867.99
110614,1012,2024-04-27,completed,2356.91
110615,1026,2024-12-23,shipped,866.96
110616,1020,2024-01-22,completed,2148.02
110617,1039,2024-10-23,cancelled,1562.14
110618,1024,2024-07-20,completed,2282.86
110619,1044,2025-10-09,completed,1824.68
110620,1042,2025-12-15,completed,660.4
110621,1027,2023-11-23,completed,54.45
110622,1043,2025-12-19,completed,1297.6
110623,1027,2024-12-10,pending,980.07
110624,1022,2023-01-30,cancelled,1681.66
110625,1035,2024-05-20,shipped,1583.81
110626,1025,2025-08-11,completed,3159.72
110627,1043,2023-01-09,refunded,1210.02
110628,1013,2023-02-19,completed,5178.39
110629,1016,2023-07-17,shipped,2919.4
110630,1018,2024-11-03,cancelled,827.76
110631,1022,2023-09-22,refunded,938.53
110632,1005,2024-03-27,pending,2982.58
110633,1002,2024-06-10,pending,6302.83
110634,1002,2023-09-18,completed,1722.36
110635,1045,2024-04-06,completed,3361.33
110636,1042,2023-08-07,pending,4961.75
110637,1048,2024-01-04,pending,4684.06
110638,1017,2024-11-26,completed,1915.46
110639,1012,2023-09-19,completed,1959.58
110640,1032,2023-04-15,completed,1503.89
110641,1037,2023-07-21,completed,1137.21
110642,1014,2024-03-31,completed,3098.55
110643,1034,2025-06-13,pending,4323.18
110644,1006,2024-11-07,completed,531.36
110645,1004,2025-07-03,completed,5008.3
110646,1032,2023-05-24,shipped,2934.74
110647,1038,2023-03-30,pending,2858.83
110648,1033,2023-08-13,pending,4149.64
110649,1010,2024-05-11,cancelled,1087.9
110650,1003,2024-10-07,cancelled,3304.34
110652,1035,2024-08-12,completed,1725.69
110653,1050,2023-07-03,cancelled,3185.74
110654,1026,2023-12-30,refunded,71.76
110655,1015,2025-03-12,cancelled,5895.11
110656,1026,2023-07-01,completed,434.88
110657,1036,2024-05-29,pending,1358.59
110658,1049,2024-03-17,completed,395.84
110659,1034,2024-03-06,cancelled,4342.01
110660,1011,2025-05-06,completed,2682.7
110661,1018,2023-11-17,refunded,1371.3
110662,1014,2023-01-16,completed,3462.98
110663,1034,2023-11-04,pending,3530.58
110664,1039,2025-10-21,completed,1621.9
110665,1027,2025-11-07,refunded,1515.36
110666,1008,2025-07-02,completed,4264.06
110667,1027,2023-08-06,shipped,2446.73
110668,1008,2024-01-21,refunded,5006.73
110669,1024,2023-03-22,completed,1087.04
110670,1016,2023-05-03,pending,3512.52
110671,1045,2023-10-15,shipped,564.57
110672,1015,2025-05-18,pending,1968.87
110673,1042,2024-11-08,pending,3736.6
110674,1031,2025-04-26,pending,3718.25
110675,1003,2024-09-24,cancelled,3230.28
110676,1041,2024-08-15,refunded,405.32
110677,1038,2024-03-19,completed,3677.28
110678,1046,2025-02-14,cancelled,4476.36
110679,1007,2025-04-26,completed,3894.36
110680,1045,2023-05-14,completed,1579.38
110681,1045,2024-02-16,completed,3248.07
110682,1037,2025-10-10,completed,580.3
110683,1006,2023-05-20,completed,4159.7
110684,1049,2025-10-20,shipped,3590.36
110685,1019,2025-01-05,refunded,2708.23
110686,1044,2025-04-16,refunded,2135.84
110687,1014,2023-03-27,refunded,539.16
110688,1019,2024-04-13,completed,308.34
110690,1033,2024-10-06,completed,5489.75
110691,1021,2025-03-20,completed,2529.56
110692,1029,2023-10-14,completed,3834.31
110693,1032,2024-01-12,completed,1168.15
110694,1045,2024-06-27,completed,4087.94
110695,1020,2025-01-24,completed,5620.37
110696,1038,2023-09-25,pending,2426.06
110697,1041,2023-04-03,completed,78.7
110698,1043,2025-05-29,completed,1676.3
110699,1026,2025-08-24,shipped,2602.08
110700,1033,2025-09-23,completed,1262.96
110701,1031,2023-10-20,completed,3140.22
110702,1047,2024-02-15,cancelled,474.63
110703,1016,2024-09-29,completed,2557.76
110704,1012,2023-12-07,cancelled,989.34
110705,1019,2023-06-28,cancelled,498.88
110706,1010,2024-09-17,pending,4719.16
110707,1025,2024-06-17,pending,5515.15
110708,1036,2024-11-03,shipped,1333.73
110709,1008,2025-08-16,completed,524.62
110710,1022,2024-08-25,pending,785.79
110712,1027,2023-02-19,pending,2619.1
110713,1043,2024-09-28,pending,3221.18
110714,1048,2025-03-14,shipped,738.52
110715,1001,2024-03-30,cancelled,5288.93
110716,1037,2024-09-25,shipped,982.23
110717,1017,2023-11-22,cancelled,3837.29
110718,1007,2023-02-03,completed,3851.86
110719,1045,2024-01-06,refunded,1425.9
110720,1010,2023-12-05,pending,1918.11
110721,1048,2025-02-11,shipped,3103.16
110722,1037,2023-10-27,refunded,1632.16
110723,1044,2023-10-20,pending,3974.32
110724,1005,2023-11-22,completed,1356.05
110725,1019,2024-09-14,refunded,1864.89
110726,1004,2023-12-06,completed,828.46
110728,1003,2024-07-07,completed,1536.54
110729,1040,2024-05-08,cancelled,1879.92
110730,1050,2025-05-31,pending,3754.58
110731,1030,2024-12-24,completed,5423.97
110732,1029,2025-03-02,shipped,590.14
110733,1006,2025-02-14,pending,2922.55
110734,1022,2025-03-01,cancelled,1990.42
110735,1004,2025-12-04,shipped,5254.83
110736,1040,2024-07-10,shipped,1275.27
110737,1025,2024-06-05,refunded,771.12
110738,1029,2025-01-07,shipped,1547.31
110739,1050,2024-10-25,refunded,4089.37
110740,1041,2024-09-05,completed,2093.65
110741,1018,2024-04-11,cancelled,42.54
110742,1008,2023-07-27,completed,1823.65
110743,1049,2023-09-06,shipped,3455.37
110744,1004,2024-07-02,pending,1825.29
110745,1015,2023-10-04,refunded,709.9
110746,1005,2024-02-21,pending,350.92
110747,1014,2024-05-22,shipped,1014.7
110748,1029,2023-01-05,refunded,565.62
110749,1034,2023-11-20,refunded,1258.7
110750,1037,2025-02-28,completed,6296.5
110751,1035,2025-01-21,completed,807.12
110752,1039,2023-11-10,shipped,793.89
110753,1037,2023-11-08,completed,6040.58
110754,1049,2024-05-11,cancelled,2355.34
110755,1017,2024-03-20,completed,4725.58
110756,1011,2023-01-10,shipped,1604.02
110757,1005,2023-12-10,completed,3893.77
110758,1009,2023-09-08,shipped,2642.56
110759,1035,2025-09-18,completed,695.4
110760,1013,2024-01-10,completed,402.99
110761,1030,2024-05-16,cancelled,1417.62
110762,1014,2025-09-22,completed,5162.32
110763,1024,2023-01-29,cancelled,2991.45
110764,1015,2023-08-04,shipped,8275.34
110765,1003,2023-06-12,pending,838.34
110766,1022,2024-03-11,completed,5790.09
110767,1007,2024-09-24,completed,1571.3
110768,1006,2024-03-23,refunded,2116.41
110769,1028,2025-02-02,completed,1598.08
110770,1043,2025-10-06,pending,114.94
110771,1003,2023-08-21,cancelled,4781.34
110772,1024,2025-07-15,completed,2238.4
110773,1035,2025-12-27,completed,5463.97
110774,1026,2023-04-20,shipped,2149.5
110775,1024,2025-11-30,refunded,976.32
110776,1042,2024-02-18,cancelled,3428.68
110777,1035,2023-08-22,refunded,55.35
110778,1048,2023-08-20,cancelled,622.86
110779,1047,2023-02-21,refunded,1776.01
110780,1035,2024-03-15,completed,3223.42
110781,1032,2024-04-23,cancelled,178.68
110782,1035,2024-12-18,cancelled,1647.76
110783,1047,2023-11-25,completed,4662.28
110784,1034,2023-03-29,completed,1280.5
110785,1001,2023-07-22,pending,643.15
110786,1034,2024-08-17,shipped,2505.95
110787,1034,2024-03-16,pending,2423.02
110788,1030,2023-02-24,cancelled,595.2
110789,1002,2025-04-01,shipped,2226.0
110790,1003,2025-06-05,refunded,2730.98
110791,1021,2025-04-22,completed,526.76
110792,1035,2023-01-15,completed,1530.66
110793,1006,2024-01-22,pending,1096.5
110794,1001,2023-12-13,pending,2087.28
110795,1034,2023-02-02,completed,3776.09
110796,1029,2024-09-04,pending,3353.01
110797,1037,2024-11-23,cancelled,5182.19
110798,1017,2024-08-02,completed,1722.24
110799,1028,2024-02-09,shipped,1013.04
110800,1027,2023-06-02,cancelled,4692.01
110801,1044,2025-07-05,refunded,2246.4
110802,1040,2025-12-16,shipped,7.55
110803,1050,2024-08-19,pending,3073.28
110804,1005,2024-04-21,shipped,293.13
110805,1013,2025-07-14,pending,3773.94
110806,1009,2023-01-15,cancelled,8437.59
110807,1015,2023-02-18,pending,6697.73
110809,1026,2024-08-25,completed,3193.68
110810,1044,2024-04-20,completed,2511.79
110811,1029,2023-01-16,pending,5875.87
110812,1034,2025-06-23,pending,3427.26
110813,1039,2025-06-25,cancelled,1135.96
110814,1010,2024-01-19,completed,1684.9
110815,1032,2024-04-28,completed,4312.33
110816,1022,2023-07-04,completed,7755.42
110817,1040,2024-01-31,completed,1220.52
110818,1048,2024-02-05,shipped,4014.35
110819,1047,2023-03-22,completed,4313.37
110821,1049,2023-03-26,completed,4251.77
110822,1014,2025-08-18,cancelled,717.2
110823,1028,2025-08-30,cancelled,3503.73
110824,1016,2023-04-11,pending,3102.54
110825,1002,2024-12-21,shipped,3895.16
110826,1009,2025-11-10,pending,811.86
110827,1034,2023-07-03,refunded,3765.4
110828,1002,2023-04-25,cancelled,1393.22
110829,1043,2023-02-21,cancelled,641.64
110830,1039,2023-06-14,shipped,3506.43
110831,1031,2025-12-03,shipped,1388.09
110832,1030,2023-09-12,refunded,1536.55
110833,1045,2024-07-15,cancelled,255.6
110834,1003,2025-04-03,pending,2890.26
110835,1011,2023-05-26,refunded,1551.44
110836,1010,2024-07-02,pending,5545.55
110837,1004,2023-07-17,completed,8989.36
110838,1002,2023-07-13,pending,3697.69
110839,1004,2023-06-03,refunded,3681.18
110841,1032,2023-03-24,completed,703.95
110842,1040,2023-01-09,cancelled,1172.57
110844,1043,2024-04-16,pending,793.04
110845,1002,2023-11-29,pending,2451.59
110846,1036,2024-10-22,cancelled,2907.81
110847,1014,2024-12-24,shipped,2119.29
110848,1008,2024-01-09,completed,1962.0
110849,1039,2025-08-29,completed,2379.42
110850,1035,2025-10-18,pending,3256.47
110851,1037,2024-01-25,cancelled,4154.43
110852,1017,2025-08-25,cancelled,733.44
110853,1025,2024-06-06,refunded,569.45
110854,1049,2025-10-27,cancelled,2982.94
110855,1043,2025-12-18,refunded,2956.44
110856,1042,2025-12-29,completed,448.38
110857,1039,2025-07-20,shipped,891.78
110858,1020,2024-10-15,refunded,2959.98
110859,1032,2024-12-11,cancelled,4078.88
110860,1009,2023-06-08,cancelled,3193.44
110861,1049,2025-07-18,completed,4048.13
110862,1004,2023-11-15,completed,1447.25
110863,1039,2024-04-07,refunded,5023.91
110864,1048,2023-01-07,cancelled,921.8
110865,1050,2023-08-02,pending,1640.45
110866,1023,2024-07-07,completed,1686.34
110867,1029,2023-09-30,completed,2773.07
110868,1040,2024-02-06,cancelled,764.19
110869,1050,2023-12-29,completed,4171.25
110870,1009,2025-12-17,pending,101.03
110871,1036,2024-03-20,completed,2062.1
110872,1041,2024-08-03,completed,963.66
110873,1021,2023-08-29,cancelled,1070.13
110874,1041,2024-02-21,refunded,4203.69
110875,1029,2023-10-29,completed,6592.09
110876,1040,2024-11-26,shipped,1628.02
110877,1004,2024-11-11,cancelled,2693.34
110878,1014,2023-06-15,shipped,863.03
110880,1035,2024-09-04,refunded,2093.79
110881,1048,2024-09-06,completed,566.96
110882,1028,2025-01-21,completed,2646.73
110883,1050,2023-09-09,completed,1825.13
110884,1040,2023-12-22,cancelled,348.18
110885,1011,2023-12-31,shipped,4704.78
110886,1035,2025-06-24,completed,3977.0
110887,1044,2024-02-23,completed,2279.95
110888,1005,2025-12-17,completed,384.08
110889,1047,2023-08-31,completed,2026.78
110890,1003,2023-05-06,completed,1767.32
110891,1047,2024-06-18,cancelled,2028.11
110892,1038,2025-12-19,refunded,2349.14
110893,1017,2023-12-30,completed,5273.06
110895,1009,2025-08-11,completed,3656.08
110896,1028,2024-02-07,completed,2147.73
110897,1032,2023-07-07,completed,3358.63
110898,1039,2024-09-06,cancelled,2599.08
110899,1034,2025-02-25,completed,2407.64
110900,1014,2023-04-08,completed,3538.65
110901,1024,2025-05-01,pending,2212.56
110902,1031,2025-03-08,cancelled,3804.95
110903,1039,2025-04-26,cancelled,1549.4
110904,1012,2024-09-25,completed,1270.26
110905,1028,2023-10-29,shipped,257.04
110906,1048,2023-03-17,completed,2213.55
110907,1023,2023-06-08,completed,1157.13
110908,1011,2024-12-17,completed,2367.55
110909,1044,2023-12-04,completed,5046.86
110910,1029,2024-01-27,pending,3720.32
110911,1022,2024-06-04,completed,1239.02
110912,1034,2025-09-11,shipped,318.51
110913,1006,2025-05-01,completed,3250.09
110914,1035,2023-08-20,completed,5468.04
110915,1040,2023-06-13,cancelled,1086.06
110916,1033,2024-08-27,completed,887.06
110917,1013,2025-08-04,pending,3540.65
110918,1006,2025-07-16,completed,2248.1
110919,1015,2023-05-07,completed,368.24
110920,1041,2024-07-23,completed,584.01
110921,1015,2023-01-29,pending,4550.71
110923,1034,2025-09-27,completed,3753.09
110924,1001,2025-12-28,completed,3601.49
110925,1011,2024-12-25,completed,4806.81
110926,1021,2024-10-21,shipped,2585.46
110927,1003,2024-07-13,completed,4690.26
110928,1037,2025-06-13,refunded,4242.9
110929,1034,2025-10-28,shipped,2323.24
110930,1044,2024-11-27,pending,4711.98
110931,1016,2025-08-18,refunded,419.37
110932,1037,2025-12-30,pending,319.5
110933,1004,2023-02-02,completed,6421.39
110934,1026,2023-07-24,completed,3853.03
110935,1020,2024-07-12,cancelled,542.56
110936,1024,2024-10-10,refunded,1236.87
110937,1010,2024-04-15,completed,1952.92
110938,1001,2024-11-29,cancelled,3379.18
110939,1007,2023-10-01,completed,5683.9
110940,1013,2025-04-19,cancelled,3725.7
110941,1019,2025-05-21,completed,1478.0
110942,1037,2025-05-08,completed,4089.84
110943,1049,2025-08-16,completed,1769.05
110944,1029,2024-10-30,refunded,4052.52
110945,1029,2023-04-27,shipped,2987.84
110946,1034,2025-03-08,cancelled,3948.84
110947,1015,2024-09-28,completed,2613.69
110948,1025,2025-12-14,refunded,3874.11
110949,1046,2024-07-22,shipped,1101.2
110950,1046,2025-10-24,refunded,6784.06
110951,1044,2024-04-24,pending,1267.0
110952,1034,2024-11-19,refunded,3277.6
110953,1004,2024-05-15,refunded,2711.76
110954,1026,2024-11-08,refunded,3951.22
110955,1017,2025-05-04,completed,1444.36
110956,1003,2024-10-22,completed,5186.84
110957,1009,2024-05-31,refunded,908.97
110958,1020,2024-12-23,cancelled,7445.67
110959,1034,2023-06-05,completed,1320.32
110960,1050,2024-08-17,pending,3947.32
110961,1029,2023-04-16,cancelled,2065.0
110962,1023,2024-10-26,completed,6036.82
110963,1011,2025-09-10,refunded,1096.9
110964,1013,2023-12-25,completed,5946.34
110965,1044,2025-05-26,completed,46.26
110966,1005,2025-03-24,completed,3455.66
110967,1033,2023-04-19,completed,805.08
110968,1045,2025-11-24,completed,112.87
110969,1027,2023-01-02,shipped,2799.68
110970,1045,2023-07-03,shipped,2269.2
110971,1042,2023-09-21,completed,7171.41
110972,1004,2024-10-17,completed,3404.02
110973,1028,2024-11-28,cancelled,1514.9
110974,1048,2025-09-14,cancelled,4187.18
110975,1013,2023-11-26,completed,3849.44
110976,1032,2024-10-01,cancelled,2921.1
110977,1025,2023-12-10,completed,1279.08
110978,1033,2024-12-26,completed,2371.58
110979,1037,2024-05-18,completed,1914.03
110980,1028,2023-06-06,shipped,556.8
110981,1005,2025-12-12,completed,5404.46
110982,1035,2025-12-03,cancelled,1169.36
110983,1012,2024-12-16,refunded,5315.47
110985,1018,2024-03-23,shipped,5036.61
110986,1019,2023-07-29,shipped,3408.45
110987,1048,2023-06-24,completed,3181.71
110988,1021,2024-02-19,refunded,1186.76
110989,1006,2023-05-06,refunded,3691.68
110990,1029,2024-07-30,shipped,709.02
110991,1050,2024-05-26,cancelled,7038.74
110992,1027,2025-05-30,cancelled,4202.17
110993,1014,2023-02-02,shipped,1504.98
110994,1038,2023-06-28,pending,4361.79
110995,1020,2023-04-09,completed,117.53
110996,1026,2023-05-17,shipped,3775.74
110997,1005,2025-04-30,cancelled,476.56
110998,1005,2025-04-26,pending,2345.7
110999,1039,2025-07-20,refunded,1150.35
111000,1048,2025-07-23,completed,4281.43
111001,1045,2024-09-03,shipped,4116.49
111002,1040,2024-03-02,shipped,2265.14
111003,1018,2024-11-08,completed,265.09
111004,1030,2023-08-16,completed,4480.51
111005,1010,2024-02-23,completed,62.35
111007,1027,2024-04-26,shipped,3741.64
111008,1036,2023-10-05,cancelled,2362.41
111009,1037,2023-06-18,completed,2676.86
111010,1043,2023-05-24,cancelled,3884.37
111011,1021,2024-11-19,refunded,936.98
111012,1033,2023-02-16,pending,3891.74
111013,1032,2025-06-04,refunded,232.09
111014,1048,2023-01-30,pending,3771.69
111016,1044,2023-08-06,cancelled,973.9
111017,1043,2024-08-31,refunded,1671.77
111018,1034,2025-06-13,completed,5223.5
111019,1042,2025-05-10,shipped,961.76
111020,1016,2024-06-06,completed,1958.31
111021,1039,2025-07-17,completed,3997.39
111022,1027,2024-07-31,pending,4687.64
111023,1034,2025-09-05,completed,3224.88
111025,1034,2023-03-10,completed,884.58
111026,1006,2025-01-09,shipped,3696.76
111027,1023,2025-08-04,completed,3284.44
111028,1008,2024-01-06,completed,138.51
111029,1011,2023-06-23,cancelled,4380.3
111030,1012,2024-09-06,completed,963.48
111031,1017,2025-02-25,cancelled,2045.18
111032,1021,2023-05-18,cancelled,855.18
111033,1044,2024-07-19,refunded,2299.45
111034,1043,2024-08-23,pending,1749.76
111035,1033,2024-10-20,completed,794.2
111036,1025,2023-01-13,completed,578.55
111037,1034,2025-01-28,completed,1365.07
111038,1048,2025-12-13,pending,2088.16
111039,1040,2024-11-07,pending,1024.04
111040,1006,2023-05-22,shipped,3567.92
111041,1012,2025-09-26,cancelled,3601.21
111042,1031,2023-04-03,cancelled,3473.96
111043,1026,2025-07-13,cancelled,4050.7
111044,1001,2024-04-12,pending,2474.4
111045,1026,2024-12-04,cancelled,2278.9
111046,1018,2025-10-28,completed,4181.7
111047,1016,2024-09-26,completed,3685.88
111048,1014,2023-03-08,pending,5752.12
111049,1026,2025-05-17,cancelled,770.82
111050,1030,2025-04-27,completed,698.29
111051,1021,2023-01-26,pending,917.28
111052,1017,2023-09-19,cancelled,2761.31
111053,1046,2024-07-03,pending,2146.82
111054,1005,2023-12-30,completed,3885.92
111055,1019,2024-01-02,shipped,2129.21
111056,1032,2024-02-17,refunded,2140.75
111057,1005,2025-03-29,cancelled,195.03
111058,1029,2024-11-24,completed,877.0
111059,1049,2025-05-16,shipped,1174.04
111061,1046,2023-05-24,completed,803.75
111062,1018,2023-08-13,completed,3122.86
111063,1017,2025-05-01,pending,2515.73
111064,1050,2025-05-12,shipped,1585.62
111065,1026,2024-09-09,shipped,1619.0
111066,1048,2024-05-04,completed,4938.97
111067,1045,2023-01-29,shipped,895.83
111068,1031,2024-10-04,cancelled,6475.88
111069,1038,2023-05-27,completed,2451.67
111070,1036,2025-04-30,completed,2950.72
111071,1028,2025-01-30,shipped,255.64
111072,1012,2025-03-19,pending,2110.61
111073,1029,2023-09-21,completed,2367.35
111074,1010,2025-05-29,pending,2098.93
111075,1009,2024-09-30,refunded,5375.04
111076,1011,2025-03-05,pending,5111.77
111077,1004,2025-12-12,shipped,4548.73
111078,1014,2025-11-05,shipped,3699.11
111079,1029,2024-02-10,shipped,3817.48
111080,1027,2024-04-04,completed,1532.67
111081,1040,2023-04-15,cancelled,4259.65
111082,1035,2024-01-11,refunded,6307.01
111083,1001,2023-06-10,completed,1818.33
111084,1031,2023-01-09,completed,2090.8
111085,1011,2025-04-10,cancelled,2955.88
111086,1005,2023-08-15,pending,1143.12
111087,1022,2023-08-10,shipped,760.85
111088,1001,2025-10-25,completed,883.96
111089,1007,2023-02-04,completed,4091.59
111090,1048,2024-04-08,completed,350.28
111091,1035,2023-11-04,completed,3890.4
111092,1046,2024-01-22,pending,4280.63
111093,1005,2024-12-23,pending,5933.89
111094,1034,2024-08-15,refunded,7242.75
111095,1028,2024-09-25,completed,3297.28
111096,1019,2023-01-18,completed,2921.14
111097,1004,2023-11-23,completed,2749.37
111098,1043,2023-09-19,refunded,566.24
111099,1043,2025-06-29,refunded,2113.82
111100,1037,2025-02-19,cancelled,2367.93
111101,1017,2023-09-18,cancelled,2405.59
111102,1050,2024-11-30,completed,2891.68
111103,1018,2025-11-20,refunded,355.92
111104,1008,2024-05-12,completed,2886.15
111105,1017,2025-05-29,cancelled,2802.55
111106,1006,2024-11-05,cancelled,4882.29
111107,1016,2023-10-12,completed,2419.21
111108,1015,2024-02-14,cancelled,2356.2
111109,1030,2023-07-30,cancelled,1496.7
111110,1022,2025-10-26,completed,778.08
111111,1037,2023-03-03,cancelled,3529.82
111112,1049,2025-02-27,completed,1053.87
111113,1004,2024-09-14,completed,1830.48
111114,1034,2024-05-19,pending,1339.88
111115,1011,2024-10-30,shipped,85.7
111116,1036,2023-01-21,completed,2403.65
111117,1013,2025-10-03,completed,1307.51
111118,1025,2024-07-23,refunded,2780.19
111119,1037,2025-01-09,completed,1455.12
111120,1016,2024-02-10,cancelled,3257.98
111121,1033,2024-02-16,cancelled,3709.31
111122,1032,2024-12-03,refunded,790.44
111123,1050,2024-11-06,pending,1854.88
111124,1027,2024-12-02,refunded,3261.15
111125,1027,2024-05-26,completed,6177.06
111126,1009,2025-07-20,completed,3027.05
111127,1032,2023-05-18,cancelled,2334.26
111128,1045,2025-03-26,completed,1235.97
111129,1008,2024-08-21,shipped,3854.0
111130,1034,2024-12-29,refunded,2968.39
111131,1039,2025-10-31,shipped,735.4
111132,1024,2023-12-13,cancelled,2302.71
111133,1041,2023-09-05,shipped,1073.46
111134,1050,2025-10-14,completed,3954.92
111135,1049,2024-05-18,cancelled,125.7
111136,1002,2024-12-21,pending,6675.78
111137,1006,2023-10-09,completed,1177.9
111139,1030,2025-03-03,refunded,193.11
111140,1016,2024-11-02,completed,328.24
111141,1032,2023-02-18,shipped,2490.04
111142,1011,2024-06-23,refunded,977.6
111143,1021,2024-06-08,refunded,3077.1
111144,1050,2025-09-10,refunded,4238.96
111145,1008,2024-05-01,shipped,1893.99
111146,1014,2024-12-03,completed,2094.84
111147,1019,2023-03-11,shipped,3492.28
111148,1012,2025-01-22,completed,3098.79
111149,1006,2025-06-27,completed,1644.17
111150,1010,2024-03-02,cancelled,195.56
111151,1022,2025-01-16,shipped,5603.78
111152,1024,2025-02-24,completed,262.04
111154,1029,2024-08-06,completed,2795.12
111155,1050,2023-03-04,pending,208.63
111156,1016,2024-11-01,completed,1487.05
111157,1005,2025-12-23,shipped,425.07
111158,1032,2025-06-16,completed,2939.44
111159,1038,2023-03-01,cancelled,1464.9
111160,1028,2023-07-25,completed,1332.35
111161,1049,2025-05-24,refunded,273.3
111162,1002,2024-03-26,completed,405.36
111163,1015,2024-02-13,pending,2972.0
111164,1006,2024-05-27,completed,2338.27
111166,1047,2025-02-07,pending,157.37
111167,1014,2025-07-31,completed,427.92
111168,1046,2023-01-06,pending,2471.16
111169,1005,2024-10-29,refunded,4102.34
111170,1011,2024-02-01,pending,1603.48
111171,1044,2023-03-11,completed,2130.53
111172,1036,2025-07-11,shipped,2762.05
111173,1040,2025-03-14,cancelled,3341.24
111174,1041,2024-11-30,pending,2357.12
111175,1005,2025-12-26,cancelled,1304.57
111176,1022,2023-04-13,completed,4851.68
111177,1001,2025-10-26,shipped,1097.82
111178,1045,2023-11-26,completed,2175.06
111179,1011,2023-10-07,refunded,2910.02
111180,1032,2025-05-09,completed,2232.98
111181,1023,2025-10-11,shipped,2485.03
111183,1010,2023-03-08,completed,2073.92
111184,1024,2024-09-18,refunded,4427.18
111185,1048,2024-08-24,completed,1923.73
111186,1023,2025-08-14,cancelled,2831.72
111187,1028,2023-02-22,shipped,3505.48
111188,1002,2023-03-13,completed,413.86
111189,1040,2024-10-17,pending,146.4
111190,1014,2024-04-19,completed,787.41
111191,1039,2024-08-02,refunded,1912.92
111192,1010,2024-04-20,cancelled,134.61
111193,1030,2024-07-19,completed,2083.97
111194,1044,2025-12-23,shipped,1062.33
111195,1007,2023-05-19,completed,5241.22
111196,1024,2024-02-16,completed,464.3
111197,1015,2024-06-02,refunded,1117.73
111198,1014,2025-01-04,completed,510.26
111199,1036,2023-03-27,refunded,2517.86
111200,1021,2024-09-06,completed,380.85
111201,1016,2023-12-07,shipped,4270.47
111202,1044,2024-01-07,shipped,1446.17
111203,1020,2023-03-16,cancelled,827.12
111204,1039,2023-10-13,shipped,1936.66
111205,1017,2025-07-05,pending,5436.35
111206,1001,2025-03-08,completed,1010.07
111207,1034,2025-03-04,refunded,224.18
111208,1028,2024-10-17,completed,4076.64
111209,1025,2024-09-26,cancelled,840.27
111210,1009,2025-08-21,completed,1826.64
111211,1042,2024-08-10,cancelled,3980.86
111212,1025,2024-02-03,shipped,2268.25
111213,1050,2024-02-07,completed,7379.61
111214,1014,2024-02-23,shipped,4766.05
111215,1019,2025-07-05,completed,4258.81
111216,1039,2025-02-21,shipped,4096.2
111217,1004,2023-01-10,completed,5265.08
111218,1009,2024-09-24,completed,3705.42
111219,1038,2023-08-29,completed,1237.71
111220,1028,2023-08-04,refunded,1137.94
111221,1027,2025-04-29,completed,990.13
111222,1049,2025-07-08,refunded,2121.94
111223,1011,2023-05-27,completed,4309.03
111224,1022,2023-10-04,completed,1047.59
111225,1033,2023-05-01,shipped,1705.31
111226,1044,2025-06-28,refunded,3186.56
111227,1046,2023-03-10,shipped,189.4
111228,1039,2024-01-16,cancelled,1563.97
111229,1050,2024-03-04,completed,2233.99
111230,1007,2025-09-28,pending,3420.69
111231,1041,2023-12-14,refunded,1299.72
111232,1048,2023-12-25,completed,1231.76
111233,1028,2025-08-11,completed,2783.12
111234,1010,2024-07-31,refunded,2256.8
111235,1018,2024-06-13,completed,511.55
111236,1044,2024-09-25,completed,4684.33
111237,1046,2023-12-30,pending,1510.16
111238,1017,2024-08-31,refunded,4615.59
111239,1008,2025-11-27,completed,2107.64
111240,1032,2024-10-23,cancelled,631.22
111241,1019,2023-04-10,completed,280.32
111242,1030,2025-01-18,refunded,2517.11
111243,1044,2023-08-18,cancelled,3639.04
111244,1038,2024-05-26,shipped,4188.0
111245,1044,2023-06-02,pending,1947.62
111246,1005,2025-05-11,completed,6321.82
111247,1016,2023-05-04,pending,3747.45
111248,1024,2025-12-25,shipped,2848.7
111249,1021,2025-10-29,completed,3003.52
111250,1040,2024-04-02,pending,2932.23
111251,1035,2023-05-04,refunded,1014.88
111252,1001,2025-11-08,completed,5796.12
111253,1021,2024-09-04,cancelled,1090.99
111254,1036,2025-02-10,cancelled,1329.64
111255,1023,2024-02-28,shipped,1887.52
111256,1043,2024-05-15,shipped,4603.95
111257,1032,2025-01-06,completed,415.85
111258,1027,2025-07-14,completed,5936.32
111259,1020,2024-11-21,pending,5842.1
111260,1049,2023-10-01,completed,2220.86
111261,1014,2023-01-16,completed,1846.65
111262,1017,2024-07-05,cancelled,3344.42
111263,1003,2023-10-25,completed,4125.79
111264,1021,2025-12-11,cancelled,2793.9
111266,1019,2023-11-26,cancelled,1962.27
111267,1011,2025-02-12,pending,4144.33
111268,1004,2024-05-28,pending,1134.2
111269,1037,2024-01-04,cancelled,5904.18
111270,1017,2024-03-04,shipped,731.28
111271,1004,2024-07-25,shipped,91.4
111272,1050,2024-01-15,shipped,3344.11
111273,1031,2024-01-23,refunded,3383.71
111274,1020,2024-01-02,shipped,2329.44
111275,1023,2023-07-04,refunded,592.95
111276,1018,2023-12-26,completed,6576.05
111277,1022,2023-01-02,refunded,1183.28
111278,1039,2024-12-14,cancelled,1337.25
111279,1006,2023-07-14,completed,624.96
111280,1041,2025-01-23,completed,3062.86
111281,1044,2023-12-03,shipped,5838.26
111282,1029,2024-05-04,completed,5920.46
111283,1038,2023-04-15,completed,6272.37
111284,1036,2023-02-27,completed,2952.8
111285,1004,2025-06-01,completed,1576.64
111286,1013,2024-09-12,completed,2746.32
111287,1011,2025-07-03,refunded,18.92
111288,1047,2025-02-17,pending,2767.55
111289,1011,2025-10-28,cancelled,1089.17
111290,1029,2023-10-13,completed,1645.03
111291,1027,2025-01-20,shipped,1549.35
111292,1008,2025-04-15,completed,566.52
111293,1043,2024-03-06,pending,2336.01
111294,1008,2025-12-08,completed,1146.54
111295,1047,2023-12-15,shipped,4753.04
111296,1012,2025-12-02,refunded,4255.22
111297,1049,2024-08-15,pending,2356.81
111298,1049,2024-03-13,completed,546.66
111299,1039,2024-02-19,completed,2857.8
111300,1048,2024-08-24,completed,2483.52
111301,1021,2023-11-19,pending,1822.06
111302,1006,2023-11-08,refunded,1650.77
111303,1018,2024-02-29,pending,2000.63
111304,1006,2023-04-11,refunded,2147.43
111305,1042,2025-10-20,shipped,170.2
111306,1001,2023-07-04,refunded,242.62
111307,1015,2024-06-04,cancelled,1545.68
111308,1038,2023-03-12,completed,2566.32
111309,1048,2023-07-20,pending,8245.78
111311,1001,2025-02-07,completed,2700.8
111312,1007,2023-10-22,completed,444.74
111313,1043,2024-10-13,completed,3421.75
111314,1008,2023-01-06,cancelled,344.28
111315,1033,2025-02-13,completed,2372.19
111316,1028,2024-12-21,refunded,1549.9
111317,1006,2023-01-04,completed,1226.2
111318,1026,2023-06-13,pending,572.97
111319,1021,2025-04-29,completed,1850.49
111320,1035,2023-05-04,refunded,2437.2
111321,1042,2023-01-13,pending,1636.85
111322,1002,2023-08-01,completed,2233.54
111323,1036,2024-11-18,shipped,7588.35
111324,1020,2023-08-05,pending,4081.55
111325,1043,2023-10-02,completed,111.12
111326,1050,2023-02-18,pending,1119.75
111327,1044,2024-08-12,pending,4687.79
111329,1033,2024-03-28,completed,1100.18
111330,1035,2023-04-25,cancelled,2622.66
111331,1023,2024-03-09,shipped,261.55
111332,1041,2024-12-10,cancelled,2969.14
111333,1003,2023-01-29,completed,1621.44
111334,1017,2023-02-01,pending,2849.03
111335,1047,2025-11-22,completed,5182.03
111336,1046,2023-02-22,cancelled,2452.24
111337,1001,2023-03-04,pending,2016.2
111338,1008,2024-06-01,completed,3508.34
111339,1016,2024-03-31,completed,3151.78
111340,1022,2025-10-20,completed,1442.56
111341,1046,2024-10-10,completed,1913.24
111342,1034,2023-05-16,shipped,1792.2
111343,1042,2023-12-06,refunded,1863.6
111344,1034,2023-12-31,completed,2129.16
111345,1006,2024-01-04,cancelled,2122.54
111346,1046,2023-05-28,refunded,2637.92
111347,1006,2023-04-08,shipped,2213.0
111348,1032,2024-12-26,completed,1559.56
111349,1009,2025-03-14,completed,5178.87
111350,1050,2023-11-20,shipped,2031.19
111351,1026,2024-11-15,refunded,274.0
111352,1004,2023-04-27,cancelled,3471.46
111353,1041,2023-10-06,cancelled,1978.32
111354,1038,2023-05-10,shipped,2634.02
111355,1039,2023-04-21,refunded,3932.98
111356,1047,2023-12-12,completed,259.53
111357,1005,2023-12-11,completed,4811.08
111358,1039,2023-11-08,shipped,292.68
111359,1042,2024-07-30,completed,1119.01
111360,1004,2024-04-20,cancelled,188.27
111361,1037,2024-06-10,shipped,3858.42
111362,1033,2024-06-28,refunded,3290.05
111363,1021,2024-12-30,shipped,626.45
111364,1025,2024-04-05,shipped,4760.27
111365,1030,2024-06-05,completed,4267.82
111366,1032,2024-05-18,shipped,3440.26
111367,1044,2025-11-21,refunded,676.34
111368,1022,2023-04-28,refunded,215.3
111369,1005,2025-11-12,cancelled,205.7
111370,1044,2023-02-26,completed,668.82
111371,1003,2024-03-08,pending,1330.66
111372,1013,2023-05-02,completed,3928.82
111373,1040,2024-08-14,pending,4352.08
111374,1010,2024-04-19,completed,1621.38
111375,1031,2025-08-23,pending,437.16
111376,1025,2023-01-21,completed,1896.32
111377,1049,2024-12-31,shipped,1362.16
111379,1018,2025-10-29,completed,2380.92
111380,1049,2025-12-21,completed,2833.16
111381,1022,2025-09-23,completed,1451.49
111382,1012,2024-07-23,pending,5001.46
111383,1002,2023-01-11,completed,2809.58
111384,1020,2025-02-14,completed,2851.32
111385,1040,2025-08-20,completed,765.9
111386,1008,2023-08-05,completed,3014.67
111387,1012,2025-11-24,completed,832.98
111388,1046,2023-11-12,refunded,364.28
111389,1017,2025-12-28,shipped,3355.64
111390,1043,2023-01-10,completed,1397.36
111391,1031,2025-01-17,pending,2880.54
111392,1012,2025-03-21,refunded,1137.3
111393,1002,2025-09-16,completed,415.68
111394,1050,2025-05-31,shipped,2505.76
111395,1037,2023-04-16,cancelled,1822.95
111396,1036,2025-05-25,pending,415.88
111397,1003,2023-05-23,completed,3187.86
111398,1039,2023-05-18,completed,2488.12
111399,1041,2025-02-28,completed,3111.22
111400,1038,2025-11-21,refunded,126.96
111401,1037,2023-01-24,shipped,1709.85
111403,1039,2025-01-02,shipped,2344.48
111404,1026,2025-03-24,shipped,1827.06
111405,1036,2024-12-09,completed,5187.36
111406,1039,2025-08-16,completed,1066.27
111407,1029,2023-03-03,completed,3115.14
111408,1020,2025-09-28,completed,3747.89
111409,1041,2024-11-04,cancelled,107.47
111410,1003,2025-07-09,completed,3713.39
111411,1010,2023-03-23,pending,5009.87
111412,1012,2023-05-19,completed,479.61
111413,1045,2025-03-08,shipped,278.66
111414,1038,2025-07-12,shipped,3557.87
111415,1016,2023-03-06,completed,5406.56
111416,1025,2024-05-28,completed,3104.09
111417,1008,2025-04-02,refunded,3377.38
111418,1027,2023-07-17,shipped,4994.11
111419,1042,2023-02-11,refunded,2092.31
111420,1044,2025-10-14,pending,1137.36
111421,1037,2024-07-23,completed,1937.5
111422,1030,2023-11-27,cancelled,182.34
111423,1003,2025-11-02,cancelled,249.98
111424,1017,2023-05-20,cancelled,1276.72
111425,1048,2023-07-26,completed,4631.13
111426,1038,2024-01-06,pending,6550.3
111427,1031,2023-05-24,completed,2076.56
111428,1002,2024-11-10,shipped,384.48
111429,1002,2025-05-09,completed,3523.26
111430,1044,2025-02-27,refunded,1023.2
111431,1009,2023-11-24,refunded,2638.45
111432,1023,2023-10-22,shipped,2732.66
111433,1005,2023-12-07,refunded,662.16
111434,1006,2025-12-29,completed,2345.31
111435,1040,2023-12-04,shipped,4036.11
111436,1013,2023-05-12,pending,1240.19
111437,1042,2025-12-21,completed,5318.55
111438,1017,2024-12-13,shipped,660.33
111439,1036,2025-01-23,pending,4812.04
111440,1019,2023-05-07,refunded,2087.19
111441,1050,2025-07-22,completed,4812.15
111442,1047,2024-10-19,shipped,855.12
111443,1025,2025-10-08,pending,358.18
111444,1022,2025-06-10,shipped,351.64
111445,1009,2024-06-06,cancelled,677.13
111446,1041,2023-07-15,cancelled,2007.48
111447,1027,2023-01-10,cancelled,3554.43
111448,1002,2023-03-16,completed,1081.65
111449,1039,2023-11-02,refunded,1264.61
111450,1027,2023-09-09,cancelled,2213.1
111451,1002,2023-03-24,refunded,1808.04
111452,1034,2025-09-22,shipped,1886.4
111453,1035,2023-11-27,cancelled,916.47
111454,1021,2024-11-07,refunded,3991.16
111455,1037,2025-07-17,cancelled,1380.42
111456,1010,2025-09-21,refunded,1977.7
111457,1047,2023-11-02,completed,1678.16
111458,1018,2025-09-10,completed,2269.44
111459,1014,2025-04-15,refunded,1192.3
111460,1002,2024-07-18,cancelled,941.02
111461,1003,2025-11-07,refunded,4188.16
111462,1016,2024-05-13,pending,1270.96
111463,1018,2023-05-03,completed,3703.71
111464,1046,2023-10-20,cancelled,1290.26
111465,1001,2023-04-23,cancelled,217.0
111466,1031,2025-07-30,shipped,1529.01
111467,1024,2025-04-01,refunded,3366.75
111469,1042,2025-08-31,completed,2818.84
111470,1027,2024-06-10,completed,1400.21
111471,1026,2023-05-01,completed,2874.33
111472,1050,2023-07-23,cancelled,6153.75
111473,1003,2025-10-09,completed,3272.95
111474,1002,2023-01-02,completed,2304.88
111475,1010,2025-07-06,cancelled,743.02
111476,1030,2025-08-17,pending,4957.83
111477,1024,2024-10-29,pending,1125.52
111478,1035,2024-08-28,cancelled,4129.08
111479,1018,2023-02-18,completed,2054.82
111480,1005,2023-07-26,cancelled,4141.54
111481,1032,2025-03-25,refunded,229.86
111482,1026,2025-06-16,completed,2841.2
111483,1039,2024-09-30,completed,490.2
111484,1010,2024-04-20,completed,3026.54
111485,1050,2024-09-24,completed,130.52
111486,1045,2023-09-16,pending,5445.62
111487,1048,2024-08-02,refunded,4023.04
111488,1034,2025-11-15,cancelled,3491.84
111489,1001,2024-02-23,shipped,2618.62
111490,1044,2023-08-09,cancelled,7527.25
111491,1026,2024-12-19,cancelled,3768.48
111492,1028,2025-03-15,completed,4083.97
111493,1038,2025-08-23,completed,611.28
111494,1023,2023-11-13,cancelled,72.6
111495,1048,2025-06-03,pending,4515.18
111496,1042,2024-10-23,cancelled,2152.37
111497,1021,2026-09-05,cancelled,2213.78
111498,1014,2023-11-18,cancelled,3801.38
111499,1010,2025-04-23,completed,1862.26
111500,1018,2024-04-03,completed,3601.07
111501,1021,2025-10-22,pending,6110.51
111502,1009,2025-08-13,cancelled,1802.48
111503,1039,2023-05-19,shipped,1568.43
111504,1002,2024-11-12,completed,1801.22
111505,1048,2024-04-02,refunded,4287.78
111506,1042,2025-02-27,completed,3097.58
111507,1032,2025-02-01,pending,1973.75
111508,1025,2023-09-02,pending,594.58
111509,1016,2024-12-13,completed,1370.26
111510,1047,2023-01-18,completed,3335.27
111511,1026,2025-02-03,shipped,1842.93
111512,1041,2025-10-06,completed,382.27
111513,1045,2024-01-27,cancelled,4467.45
111514,1015,2025-06-07,completed,4338.2
111515,1009,2024-10-13,pending,1860.85
111516,1039,2025-03-28,completed,618.57
111517,1048,2023-03-13,cancelled,1296.75
111518,1028,2024-12-09,completed,2749.54
111519,1018,2025-07-03,completed,778.43
111520,1004,2024-02-16,shipped,3990.43
111521,1037,2024-11-16,completed,4299.36
111522,1003,2023-12-20,refunded,596.6
111523,1045,2024-05-29,shipped,2001.6
111524,1013,2023-05-16,pending,2799.74
111525,1031,2023-11-23,completed,270.1
111526,1022,2025-05-03,completed,3809.63
111528,1028,2025-02-10,completed,635.56
111530,1023,2025-06-02,completed,3471.72
111531,1032,2023-10-17,refunded,1763.09
111532,1023,2024-06-19,pending,1569.39
111533,1030,2025-11-10,completed,2105.0
111534,1018,2025-12-17,completed,6312.18
111535,1028,2025-06-25,shipped,99.51
111536,1026,2024-07-12,refunded,4101.08
111537,1039,2024-05-29,pending,1887.62
111538,1009,2024-09-10,cancelled,1688.19
111539,1032,2023-09-02,pending,6096.69
111540,1022,2025-09-25,shipped,705.9
111541,1007,2023-01-30,refunded,2414.78
111542,1008,2025-11-20,refunded,2512.64
111543,1045,2023-01-25,refunded,4450.4
111544,1026,2025-11-06,shipped,146.1
111545,1036,2023-02-02,completed,1247.95
111546,1045,2023-02-21,completed,80.08
111547,1018,2023-08-19,cancelled,267.65
111548,1048,2024-11-25,cancelled,334.16
111549,1020,2025-11-27,refunded,1461.98
111550,1014,2023-03-19,completed,1428.57
111551,1028,2024-04-28,completed,2780.83
111552,1010,2025-04-29,completed,952.54
111553,1014,2023-10-08,completed,1028.06
111554,1001,2024-08-18,pending,273.72
111555,1033,2024-06-12,shipped,791.94
111556,1010,2024-12-11,shipped,1694.92
111557,1023,2025-03-23,completed,1455.26
111558,1013,2024-07-01,shipped,3883.83
111559,1011,2024-06-23,cancelled,4283.35
111560,1035,2023-06-03,pending,2232.06
111561,1033,2027-03-01,completed,121.39
111562,1020,2023-06-11,refunded,1678.65
111563,1047,2025-06-05,pending,1886.17
111564,1005,2024-12-25,cancelled,1430.68
111565,1022,2023-09-03,pending,2703.84
111566,1006,2025-10-02,cancelled,1928.79
111567,1042,2023-02-16,shipped,607.53
111568,1043,2023-04-28,completed,2275.5
111569,1042,2025-03-22,cancelled,1547.88
111570,1046,2024-07-08,completed,878.92
111571,1020,2023-10-23,cancelled,4480.46
111572,1036,2024-10-23,refunded,1085.68
111573,1038,2023-09-18,completed,1070.12
111574,1041,2023-10-30,cancelled,1799.14
111575,1048,2025-09-28,completed,4321.66
111576,1050,2024-01-17,completed,6982.36
111577,1023,2025-01-15,completed,5666.6
111578,1008,2024-10-18,pending,1785.45
111579,1018,2023-01-28,completed,3954.46
111580,1010,2024-02-14,completed,1190.24
111581,1007,2023-03-16,completed,206.64
111582,1033,2024-07-25,cancelled,1150.79
111583,1007,2025-11-20,completed,93.28
111584,1031,2025-11-10,shipped,1657.6
111585,1013,2025-06-06,pending,1362.34
111586,1035,2024-02-06,completed,2136.07
111587,1033,2025-04-29,pending,3243.09
111588,1032,2023-12-01,completed,3682.28
111589,1029,2024-04-28,refunded,1954.76
111590,1038,2024-11-28,completed,5705.14
111591,1013,2024-02-26,cancelled,944.88
111592,1045,2024-12-06,cancelled,3856.34
111593,1034,2023-03-09,refunded,2224.06
111594,1006,2023-10-02,completed,1028.2
111595,1005,2025-07-19,completed,1061.0
111596,1050,2023-02-24,completed,4075.03
111597,1025,2025-01-13,completed,2739.06
111598,1041,2024-08-09,pending,933.71
111599,1016,2025-01-17,completed,7115.91
111600,1018,2024-07-31,completed,2834.88
111601,1021,2023-03-04,completed,3442.77
111602,1021,2024-05-03,cancelled,1073.08
111603,1001,2025-12-18,refunded,3442.89
111604,1003,2025-05-24,refunded,200.99
111605,1001,2023-04-13,pending,4380.34
111606,1004,2024-06-10,pending,2492.14
111607,1022,2023-10-06,completed,2603.41
111608,1029,2023-07-19,cancelled,5546.29
111609,1024,2024-08-27,shipped,659.9
111610,1039,2024-05-27,cancelled,2906.82
111611,1049,2023-12-22,completed,126.48
111612,1004,2025-07-04,cancelled,4428.68
111613,1015,2024-12-09,completed,3235.09
111614,1033,2024-08-01,completed,5324.75
111615,1013,2024-04-07,completed,2579.65
111616,1047,2023-09-20,refunded,3440.16
111617,1023,2025-07-12,completed,1961.42
111618,1047,2024-05-31,pending,2593.12
111619,1034,2023-04-09,completed,115.0
111620,1007,2025-12-03,completed,3181.17
111621,1042,2023-07-24,shipped,1752.39
111622,1038,2023-03-13,cancelled,2217.64
111623,1038,2025-12-23,shipped,2097.51
111624,1005,2025-12-30,shipped,1653.3
111625,1035,2024-09-01,refunded,597.16
111626,1003,2024-08-07,completed,786.51
111628,1047,2024-05-20,cancelled,1571.5
111629,1002,2024-09-29,refunded,7850.6
111630,1010,2025-02-24,cancelled,1232.91
111631,1017,2024-05-15,shipped,1494.74
111632,1039,2024-11-28,completed,5497.02
111633,1033,2023-04-22,completed,4181.74
111634,1050,2023-06-16,cancelled,1235.35
111635,1011,2025-08-29,completed,1165.92
111636,1015,2025-06-30,pending,1692.59
111637,1007,2023-05-20,refunded,2635.25
111638,1037,2025-06-08,cancelled,2139.76
111639,1038,2023-06-10,refunded,2589.7
111640,1023,2024-08-18,cancelled,330.39
111641,1019,2023-10-04,completed,1682.38
111642,1021,2024-11-17,pending,1424.36
111643,1014,2024-11-11,completed,7601.91
111644,1003,2024-07-29,completed,879.6
111645,1032,2025-05-15,pending,911.42
111646,1011,2025-10-31,pending,1706.91
111647,1042,2024-12-24,refunded,3070.21
111648,1017,2025-10-07,pending,3220.19
111649,1009,2025-09-07,cancelled,424.72
111650,1025,2023-10-04,completed,2489.13
111651,1025,2023-09-10,refunded,4309.77
111652,1035,2024-06-07,shipped,269.02
111653,1012,2025-05-02,completed,1583.06
111654,1029,2024-10-16,completed,1360.53
111655,1030,2024-11-27,completed,3879.05
111656,1010,2023-03-29,cancelled,3432.5
111657,1014,2023-07-21,cancelled,3902.12
111658,1016,2023-01-29,shipped,1960.59
111659,1014,2024-06-27,completed,3302.24
111660,1035,2025-09-17,completed,1100.97
111661,1004,2023-12-24,refunded,1667.9
111662,1020,2024-08-23,cancelled,6181.38
111663,1001,2025-03-18,completed,6102.79
111664,1013,2023-09-21,completed,1355.55
111665,1026,2024-02-11,completed,6005.01
111666,1011,2023-09-12,pending,3649.91
111667,1028,2024-11-10,completed,1222.3
111668,1037,2024-06-08,refunded,1144.53
111669,1038,2024-11-01,pending,1087.38
111670,1017,2025-07-05,pending,100.89
111671,1040,2024-03-11,cancelled,279.64
111672,1048,2023-09-24,refunded,2742.98
111673,1008,2024-11-16,refunded,2896.21
111674,1037,2023-04-09,cancelled,4068.73
111675,1019,2024-09-05,cancelled,2005.77
111676,1040,2023-07-08,completed,979.32
111677,1028,2025-09-04,cancelled,2857.28
111678,1006,2024-01-09,completed,1890.59
111679,1029,2025-04-25,cancelled,1227.47
111680,1004,2023-03-14,refunded,3447.57
111681,1049,2025-03-18,cancelled,4649.74
111682,1016,2025-10-15,completed,219.71
111683,1003,2023-07-04,completed,1991.88
111684,1042,2023-12-15,refunded,3579.71
111685,1001,2025-03-09,shipped,510.5
111686,1021,2024-05-16,completed,337.71
111687,1022,2024-12-14,completed,3655.47
111688,1019,2025-01-31,completed,1544.02
111689,1008,2024-10-29,pending,1476.67
111690,1005,2025-02-16,completed,6131.9
111691,1004,2023-01-22,shipped,3836.26
111692,1016,2023-04-24,pending,2501.78
111693,1015,2024-04-03,shipped,989.61
111694,1048,2025-08-02,completed,3128.91
111695,1021,2025-04-30,cancelled,1171.15
111696,1035,2023-05-28,cancelled,1025.76
111697,1013,2024-06-17,cancelled,2571.44
111698,1016,2024-02-24,pending,4002.71
111699,1030,2024-04-29,refunded,1919.9
111700,1002,2023-12-27,completed,1048.8
111701,1040,2024-09-02,completed,1107.1
111702,1011,2023-03-20,completed,1262.16
111703,1049,2024-11-20,pending,495.36
111704,1027,2023-02-03,cancelled,4785.11
111705,1033,2025-03-09,cancelled,2359.98
111706,1046,2023-04-21,cancelled,234.3
111707,1027,2024-06-14,pending,547.2
111708,1043,2023-04-24,refunded,868.68
111709,1029,2023-08-10,completed,2849.17
111710,1022,2025-01-15,refunded,1890.9
111711,1018,2024-02-05,cancelled,2840.25
111712,1012,2024-05-19,pending,2925.91
111713,1004,2023-11-24,cancelled,1168.35
111714,1011,2024-10-11,cancelled,2242.55
111715,1003,2025-06-21,pending,895.7
111716,1047,2024-11-16,completed,3935.83
111717,1004,2023-03-17,completed,1659.64
111718,1012,2025-02-25,refunded,2300.57
111719,1044,2023-07-16,completed,25.29
111720,1004,2024-01-10,completed,4790.29
111721,1010,2023-09-18,completed,1929.15
111722,1037,2023-08-03,completed,348.01
111723,1004,2024-02-04,refunded,2301.21
111724,1034,2023-02-10,completed,4866.58
111725,1028,2024-08-11,completed,1214.55
111726,1018,2023-06-21,completed,5098.3
111727,1007,2023-05-19,completed,2512.17
111728,1028,2025-02-05,cancelled,313.62
111729,1022,2025-04-27,completed,3756.48
111730,1045,2025-01-16,shipped,1094.7
111731,1038,2023-11-14,cancelled,3838.09
111732,1018,2023-09-23,shipped,3290.91
111733,1016,2025-10-01,completed,236.4
111734,1036,2025-06-14,completed,3320.0
111735,1023,2023-11-06,completed,1788.97
111736,1012,2023-12-30,completed,4945.29
111737,1033,2024-12-31,shipped,128.98
111738,1013,2025-12-15,pending,2983.34
111739,1046,2024-02-02,refunded,520.24
111740,1043,2025-04-19,pending,3866.93
111741,1007,2025-04-20,cancelled,506.98
111742,1041,2025-10-18,pending,2007.32
111743,1044,2025-01-07,completed,628.69
111744,1007,2023-11-06,completed,1800.54
111745,1031,2023-01-21,shipped,3902.67
111746,1007,2023-04-11,shipped,3148.53
111747,1044,2025-09-10,pending,1099.18
111748,1022,2024-12-19,completed,3210.09
111749,1008,2024-11-24,completed,4249.48
111750,1007,2024-10-17,completed,842.8
111751,1005,2025-05-11,shipped,5700.16
111752,1040,2024-06-16,pending,1421.53
111753,1002,2024-03-10,shipped,108.13
111754,1048,2025-05-24,completed,1342.88
111755,1048,2024-08-28,refunded,2831.37
111756,1038,2024-03-25,completed,2221.74
111757,1041,2025-06-25,cancelled,1068.56
111758,1036,2024-04-13,pending,1050.19
111759,1033,2023-10-30,refunded,4333.33
111760,1034,2025-05-31,shipped,909.9
111761,1046,2023-06-02,completed,2169.22
111762,1042,2025-09-20,completed,7129.56
111763,1039,2025-10-18,completed,1893.26
111764,1044,2023-04-13,completed,2742.68
111765,1024,2024-08-16,completed,2206.23
111766,1040,2023-01-08,pending,5365.89
111767,1025,2025-05-03,shipped,6386.65
111768,1034,2025-05-24,shipped,4497.19
111769,1011,2024-12-28,pending,2481.19
111770,1048,2025-04-19,completed,3101.04
111771,1011,2024-10-11,completed,3611.81
111772,1002,2023-07-10,refunded,1420.74
111773,1048,2024-04-19,pending,3535.98
111774,1015,2025-06-22,shipped,266.95
111775,1002,2025-12-09,refunded,1961.02
111776,1015,2024-12-10,refunded,938.09
111777,1039,2023-08-27,completed,594.78
111778,1040,2024-06-02,completed,2711.2
111779,1028,2025-03-10,pending,898.0
111780,1035,2024-10-17,completed,3289.01
111781,1004,2025-09-04,pending,738.29
111782,1014,2025-06-17,completed,2792.3
111783,1006,2024-03-31,completed,1324.14
111784,1047,2025-06-29,pending,1529.48
111785,1013,2023-05-29,completed,4110.9
111786,1004,2025-11-29,completed,2608.87
111787,1032,2024-03-28,cancelled,2203.28
111788,1014,2023-03-24,refunded,4446.84
111789,1044,2023-05-03,shipped,1396.64
111790,1046,2024-08-10,cancelled,4516.04
111791,1048,2024-04-16,completed,1827.14
111792,1026,2024-08-05,completed,3382.55
111793,1010,2023-05-18,completed,1374.67
111794,1042,2024-01-14,pending,1225.45
111795,1030,2025-08-19,completed,4706.57
111796,1039,2024-04-24,completed,3463.38
111797,1045,2025-04-12,completed,1727.98
111798,1019,2024-02-03,completed,3064.96
111799,1044,2025-08-25,refunded,423.18
111800,1010,2023-02-11,pending,850.92
111801,1006,2023-11-17,completed,4171.03
111802,1012,2023-09-03,pending,278.1
111803,1005,2025-12-11,shipped,34.89
111804,1014,2024-10-28,pending,6184.72
111805,1023,2023-10-27,cancelled,1621.23
111806,1003,2024-01-25,refunded,2779.1
111807,1027,2024-05-21,shipped,282.47
111808,1038,2025-07-22,shipped,642.67
111809,1020,2025-11-21,completed,2781.15
111810,1050,2025-02-27,completed,540.65
111811,1006,2025-10-18,refunded,852.52
111812,1024,2024-11-17,refunded,61.55
111813,1017,2023-04-24,cancelled,1316.62
111814,1016,2025-01-15,completed,2680.11
111815,1012,2023-10-15,pending,574.7
111816,1017,2023-02-25,completed,3367.49
111817,1013,2025-06-23,completed,2120.4
111818,1049,2023-10-30,completed,3686.18
111819,1034,2025-11-24,completed,1398.06
111820,1025,2024-05-01,completed,4266.39
111821,1021,2023-06-10,completed,1406.18
111822,1028,2023-09-05,pending,4929.99
111823,1011,2024-02-21,shipped,3316.2
111824,1034,2025-06-24,completed,1247.47
111825,1009,2024-10-08,completed,880.28
111827,1016,2025-07-31,completed,144.78
111828,1043,2025-10-22,completed,2387.2
111829,1022,2024-10-07,completed,3392.35
111830,1047,2023-01-05,completed,3092.9
111831,1013,2024-11-24,cancelled,505.34
111832,1007,2025-06-14,completed,986.36
111833,1026,2025-01-29,refunded,1195.36
111834,1046,2023-02-19,completed,3401.98
111835,1050,2023-04-04,shipped,1985.72
111836,1028,2024-01-08,refunded,2663.84
111837,1044,2023-08-07,pending,3561.34
111838,1025,2025-07-10,refunded,2251.89
111839,1007,2025-09-17,completed,1332.56
111840,1031,2023-11-15,completed,4722.96
111841,1043,2023-12-16,completed,3417.67
111842,1004,2023-07-31,completed,2487.77
111843,1018,2026-12-13,completed,882.18
111844,1047,2025-12-19,shipped,40.14
111845,1009,2025-04-15,completed,4947.38
111846,1037,2025-10-24,refunded,6325.36
111847,1031,2025-11-22,pending,749.01
111848,1008,2024-02-12,pending,2081.25
111849,1026,2025-04-27,pending,2296.47
111850,1046,2025-01-30,shipped,1604.08
111851,1021,2024-05-13,refunded,3448.65
111852,1030,2024-08-18,refunded,546.28
111853,1016,2027-04-01,pending,2402.0
111854,1046,2023-09-25,completed,844.8
111856,1045,2024-01-02,cancelled,5082.13
111857,1015,2025-12-27,shipped,818.23
111858,1025,2023-05-13,cancelled,1305.55
111859,1044,2024-10-17,shipped,467.31
111860,1045,2024-03-08,pending,1838.68
111861,1004,2025-01-06,cancelled,256.45
111862,1025,2025-12-14,completed,5481.42
111863,1025,2023-08-22,refunded,3085.35
111864,1027,2025-01-27,refunded,1213.71
111865,1011,2024-09-12,completed,756.2
111866,1024,2025-02-15,shipped,3038.82
111867,1023,2025-05-26,cancelled,1074.69
111868,1045,2023-06-26,cancelled,3528.43
111870,1001,2025-02-22,completed,7881.69
111871,1025,2024-08-05,cancelled,1429.49
111872,1026,2024-12-30,completed,1007.66
111873,1045,2024-09-30,shipped,966.0
111874,1032,2023-10-10,cancelled,2892.0
111875,1010,2025-04-11,shipped,406.5
111876,1043,2025-02-26,shipped,273.05
111877,1045,2024-05-10,pending,150.23
111878,1026,2025-11-02,cancelled,2884.16
111879,1037,2025-03-17,shipped,4122.36
111880,1005,2024-08-22,completed,2959.86
111881,1047,2024-09-15,completed,1368.74
111882,1005,2023-07-19,completed,4870.38
111883,1039,2024-03-28,completed,1939.96
111884,1015,2024-08-30,cancelled,374.96
111885,1015,2024-07-11,cancelled,2418.36
111886,1049,2025-04-13,cancelled,482.55
111887,1023,2023-03-14,completed,352.83
111888,1046,2024-06-16,completed,1328.64
111889,1041,2023-02-07,cancelled,2454.33
111890,1005,2025-05-04,cancelled,2928.7
111891,1030,2024-10-09,completed,562.48
111892,1031,2025-02-10,cancelled,4394.18
111893,1002,2025-10-25,completed,2875.8
111894,1011,2023-01-29,shipped,3400.03
111895,1050,2025-03-26,shipped,4731.98
111896,1038,2023-07-30,completed,2177.38
111897,1048,2024-08-25,shipped,5799.2
111898,1009,2024-01-05,completed,659.55
111899,1048,2023-07-27,completed,3965.23
111900,1048,2025-04-17,completed,579.54
111901,1031,2024-04-19,completed,4940.58
111902,1050,2024-03-24,completed,4497.97
111903,1011,2025-04-04,shipped,2969.31
111904,1023,2023-12-19,refunded,6007.71
111905,1005,2024-12-27,refunded,4387.54
111906,1005,2024-09-24,completed,551.72
111907,1014,2023-05-03,shipped,2881.6
111908,1031,2025-07-13,pending,1157.58
111909,1029,2024-03-27,refunded,7278.95
111910,1030,2025-10-12,pending,2758.44
111911,1035,2024-07-22,pending,5466.28
111912,1040,2023-06-18,refunded,2766.28
111913,1002,2024-06-01,completed,756.9
111914,1026,2024-11-12,refunded,3350.21
111915,1047,2023-08-03,completed,2353.07
111916,1046,2024-08-04,cancelled,4991.48
111917,1012,2023-10-21,refunded,4839.5
111918,1020,2024-08-08,completed,3596.02
111919,1038,2023-08-23,cancelled,6219.12
111920,1040,2023-04-02,shipped,1117.87
111921,1032,2025-05-27,completed,3733.95
111922,1002,2024-01-29,completed,2392.84
111923,1021,2024-10-28,completed,6677.38
111924,1004,2023-12-22,cancelled,2816.3
111925,1042,2025-09-22,cancelled,1822.11
111926,1001,2024-09-28,completed,1993.0
111927,1024,2024-07-07,refunded,5239.38
111928,1036,2023-09-11,completed,5901.23
111929,1044,2023-11-14,completed,3145.81
111930,1009,2023-06-26,completed,5629.15
111931,1020,2025-05-31,completed,2098.2
111932,1008,2024-03-01,completed,2216.8
111933,1046,2025-01-07,completed,430.71
111934,1041,2024-12-21,completed,2804.04
111936,1023,2025-01-11,completed,2199.74
111937,1024,2024-11-25,completed,176.54
111938,1014,2025-10-27,completed,1826.74
111939,1015,2024-07-14,shipped,3874.5
111940,1002,2023-01-28,completed,3202.82
111941,1049,2023-11-06,completed,700.0
111942,1018,2023-03-08,cancelled,2158.38
111943,1005,2024-03-09,shipped,3982.73
111944,1033,2024-05-23,pending,3765.04
111945,1039,2025-07-13,completed,4084.46
111946,1032,2025-04-18,pending,473.43
111947,1002,2025-05-29,completed,867.71
111948,1006,2024-11-18,refunded,4218.76
111949,1011,2023-09-11,cancelled,2054.6
111950,1008,2025-02-27,pending,190.65
111951,1022,2025-07-26,completed,176.0
111952,1010,2023-11-06,completed,3086.68
111953,1028,2024-02-02,completed,23.29
111954,1014,2024-12-10,pending,1959.1
111955,1050,2025-04-05,shipped,698.7
111956,1017,2023-01-10,completed,386.08
111957,1002,2025-05-15,cancelled,4225.8
111958,1026,2024-01-18,completed,173.71
111959,1019,2023-09-10,cancelled,3798.8
111960,1004,2023-08-08,pending,5372.55
111961,1039,2024-11-30,completed,4229.52
111962,1009,2024-02-29,cancelled,879.72
111963,1036,2024-01-23,completed,4263.3
111964,1006,2023-07-16,completed,2827.72
111965,1041,2025-04-04,shipped,2802.78
111966,1039,2023-11-19,pending,2503.02
111967,1031,2023-04-30,refunded,1560.71
111968,1007,2025-10-22,refunded,1010.52
111969,1036,2025-01-18,completed,927.59
111970,1023,2024-07-19,cancelled,6923.72
111971,1008,2025-09-18,completed,526.75
111972,1040,2024-05-18,refunded,3301.24
111973,1011,2024-10-12,refunded,1718.69
111974,1023,2025-02-12,pending,4587.99
111975,1035,2025-05-10,completed,4206.67
111976,1027,2024-12-24,completed,2106.41
111977,1050,2023-10-17,cancelled,2876.85
111978,1043,2023-10-21,refunded,2058.87
111979,1033,2023-09-27,completed,2493.12
111980,1001,2023-10-27,cancelled,543.9
111981,1045,2024-05-16,completed,4135.17
111982,1028,2023-09-14,completed,5928.33
111983,1028,2023-03-09,completed,4143.8
111984,1015,2025-10-13,completed,11.6
111985,1028,2025-12-08,completed,34.52
111986,1015,2025-09-05,completed,1823.29
111987,1007,2025-05-15,pending,1184.22
111988,1027,2025-02-05,shipped,732.72
111989,1022,2023-07-10,pending,3257.19
111990,1031,2023-12-02,completed,7031.64
111991,1004,2024-04-07,completed,632.58
111992,1029,2025-07-17,completed,68.48
111993,1036,2023-02-06,shipped,6023.26
111994,1025,2023-11-14,completed,501.76
111995,1035,2025-03-12,pending,2447.1
111996,1024,2025-09-14,cancelled,2746.5
111997,1005,2024-08-05,completed,3179.71
111998,1015,2024-10-30,pending,1864.44
111999,1007,2025-12-30,shipped,6015.26
112000,1034,2024-04-18,pending,1281.35
112001,1045,2023-08-29,completed,4424.91
112002,1035,2024-02-29,completed,531.8
112003,1023,2023-12-24,completed,1794.23
112004,1042,2023-08-18,shipped,317.41
112005,1009,2024-05-24,cancelled,2502.16
112006,1005,2024-08-28,refunded,1576.56
112007,1039,2024-08-20,cancelled,3035.46
112008,1043,2025-04-02,completed,4176.04
112009,1008,2025-07-19,completed,324.67
112010,1021,2023-12-22,completed,3273.0
112011,1049,2024-03-19,pending,5763.47
112012,1039,2025-12-07,pending,2670.96
112013,1014,2025-01-06,cancelled,278.04
112014,1041,2023-02-04,refunded,1191.12
112015,1008,2024-05-14,pending,975.24
112016,1021,2023-01-28,pending,4471.74
112017,1013,2023-03-06,shipped,1301.08
112018,1031,2024-01-21,pending,1803.17
112019,1014,2023-07-14,completed,1868.33
112020,1011,2025-01-12,cancelled,7951.45
112021,1036,2024-08-02,completed,636.82
112022,1017,2025-02-06,pending,2055.48
112023,1025,2024-06-25,completed,2937.63
112024,1049,2024-10-01,completed,7519.78
112025,1037,2024-02-14,completed,5692.84
112026,1034,2025-06-09,completed,2016.59
112027,1027,2025-02-23,cancelled,4754.05
112028,1048,2023-06-08,cancelled,584.64
112029,1049,2025-03-02,refunded,1317.6
112030,1031,2024-04-18,pending,2915.76
112031,1009,2023-04-18,completed,5371.35
112032,1028,2023-01-16,pending,1829.22
112033,1031,2025-07-08,shipped,2384.9
112034,1044,2024-08-27,pending,1573.66
112035,1026,2024-05-27,completed,5686.84
112036,1025,2025-01-11,shipped,2528.6
112037,1024,2023-01-24,refunded,740.52
112038,1050,2024-11-12,refunded,3365.86
112039,1014,2024-04-21,completed,2361.36
112040,1038,2025-05-04,completed,3258.45
112041,1004,2023-06-28,refunded,448.11
112042,1035,2025-01-10,completed,1420.14
112043,1033,2023-02-27,cancelled,3104.33
112044,1022,2025-12-15,pending,580.72
112045,1027,2023-07-20,pending,525.8
112046,1025,2025-05-17,completed,3628.99
112047,1036,2023-12-10,completed,54.74
112048,1002,2025-06-20,completed,1254.3
112049,1011,2024-09-08,completed,88.51
112050,1005,2023-06-25,completed,230.95
112051,1019,2023-09-21,pending,1180.75
112052,1018,2025-10-07,refunded,2888.02
112053,1034,2024-12-13,pending,2387.22
112054,1007,2024-10-08,pending,1983.68
112055,1013,2025-12-06,cancelled,123.52
112056,1012,2025-12-09,refunded,1369.08
112057,1020,2025-04-01,shipped,1191.86
112058,1004,2023-07-22,completed,1130.13
112059,1029,2023-08-21,completed,3445.24
112060,1031,2024-06-22,completed,178.22
112061,1043,2025-10-22,completed,1037.11
112062,1002,2025-05-02,completed,1987.7
112063,1002,2024-02-22,completed,3891.95
112064,1019,2025-08-20,completed,1399.1
112065,1017,2023-01-02,pending,818.01
112066,1043,2024-10-19,completed,1904.04
112067,1004,2024-12-21,cancelled,3527.93
112068,1040,2024-01-29,completed,2848.57
112069,1005,2023-07-05,pending,1766.77
112070,1003,2023-07-02,completed,2192.37
112071,1015,2024-02-27,completed,3268.36
112072,1002,2023-09-15,completed,2235.97
112073,1016,2023-07-05,shipped,5892.89
112074,1003,2023-06-29,completed,152.28
112075,1044,2024-05-15,pending,2518.96
112076,1001,2025-01-02,completed,3943.0
112077,1010,2023-05-11,completed,3403.62
112078,1042,2024-10-11,refunded,2027.55
112079,1020,2025-03-27,completed,3965.6
112080,1009,2025-06-15,refunded,295.33
112081,1028,2024-08-18,completed,173.28
112082,1037,2024-07-27,completed,1350.17
112083,1043,2023-12-20,cancelled,3526.27
112084,1031,2023-05-23,completed,3461.27
112085,1044,2025-08-26,completed,267.22
112086,1033,2025-06-12,completed,6034.59
112087,1033,2025-12-17,completed,4409.3
112089,1015,2023-05-08,pending,60.01
112090,1032,2024-08-24,cancelled,1479.23
112091,1001,2023-06-12,shipped,2009.5
112092,1038,2023-04-23,shipped,151.0
112094,1030,2024-12-13,cancelled,2494.62
112095,1039,2023-11-01,completed,983.1
112096,1049,2025-05-15,completed,2339.29
112097,1042,2025-10-11,pending,590.88
112098,1022,2024-01-21,completed,5065.51
112099,1022,2025-06-06,refunded,1443.14
112100,1024,2024-10-06,pending,4240.87
112101,1015,2024-10-24,refunded,2104.83
112102,1018,2023-07-16,completed,3292.95
112103,1038,2023-08-02,cancelled,1499.25
112104,1021,2025-05-20,refunded,554.62
112105,1022,2023-08-04,cancelled,2820.18
112106,1008,2025-10-13,shipped,3274.92
112107,1014,2023-04-04,pending,254.76
112108,1002,2024-10-19,cancelled,4333.81
112109,1009,2023-08-17,refunded,4128.4
112110,1024,2024-04-10,completed,1152.88
112111,1014,2024-10-22,refunded,183.48
112112,1005,2024-08-03,completed,487.32
112113,1039,2024-05-07,completed,4400.0
112114,1015,2025-01-30,refunded,2098.25
112115,1039,2025-08-18,pending,4358.97
112116,1026,2025-09-05,completed,1161.64
112117,1023,2025-10-25,completed,1285.92
112118,1039,2025-01-13,completed,3534.89
112119,1044,2025-09-17,completed,3655.48
112120,1010,2023-01-09,completed,2934.48
112121,1021,2023-06-19,completed,705.51
112122,1009,2025-03-25,shipped,7361.41
112123,1015,2024-07-04,completed,3010.49
112124,1034,2025-01-04,shipped,2005.2
112125,1026,2024-12-26,shipped,2040.36
112126,1006,2023-11-10,completed,2978.59
112127,1020,2025-07-04,completed,4035.36
112128,1027,2025-10-31,pending,2662.8
112129,1042,2023-12-19,completed,2630.76
112130,1029,2023-07-14,shipped,1366.14
112131,1026,2024-07-05,refunded,1190.68
112132,1035,2025-02-19,cancelled,2092.44
112133,1006,2023-02-23,shipped,3091.36
112134,1049,2023-04-21,shipped,3238.85
112135,1022,2023-07-02,completed,4364.17
112136,1003,2023-08-30,shipped,1566.83
112137,1009,2023-10-13,completed,1194.3
112138,1037,2023-11-25,completed,223.62
112139,1045,2024-01-15,pending,3180.96
112140,1046,2023-10-08,completed,158.3
112141,1007,2024-03-14,refunded,1329.78
112142,1031,2025-05-28,pending,637.54
112144,1018,2025-08-01,completed,1413.37
112145,1029,2024-06-18,completed,1084.05
112146,1005,2023-12-24,cancelled,3318.7
112147,1033,2024-01-22,completed,4680.96
112148,1038,2025-10-04,cancelled,454.33
112149,1035,2024-06-04,refunded,2193.92
112150,1020,2024-09-25,completed,2054.2
112151,1035,2024-06-01,completed,1750.96
112152,1004,2024-05-03,completed,5507.64
112153,1003,2025-11-06,completed,295.4
112154,1033,2024-08-11,completed,5199.02
112155,1010,2024-11-05,completed,1265.14
112156,1038,2024-11-06,refunded,4060.92
112157,1023,2023-01-05,shipped,2632.58
112158,1005,2025-10-03,shipped,3757.22
112159,1049,2024-04-03,completed,819.59
112160,1005,2024-01-09,completed,1827.07
112161,1003,2024-12-14,completed,4963.57
112162,1001,2023-07-23,cancelled,5182.87
112163,1032,2023-05-27,shipped,1892.11
112164,1044,2024-05-05,completed,1142.44
112165,1039,2023-05-31,cancelled,3699.04
112166,1025,2023-08-07,pending,4411.07
112167,1022,2025-02-02,cancelled,3900.8
112168,1049,2024-06-16,shipped,1795.92
112169,1023,2025-12-11,refunded,2787.48
112170,1034,2023-08-01,completed,2210.31
112171,1035,2023-09-16,completed,3914.7
112172,1009,2023-03-10,pending,5582.72
112173,1022,2025-12-08,completed,3338.2
112174,1027,2025-08-29,refunded,1413.17
112175,1037,2024-09-15,shipped,976.24
112176,1039,2023-08-03,pending,3814.34
112177,1046,2025-12-14,shipped,4165.05
112178,1037,2025-11-29,pending,2864.42
112179,1038,2023-09-11,completed,3604.48
112180,1032,2024-01-16,pending,1194.76
112181,1024,2025-11-22,shipped,2200.16
112182,1002,2024-03-04,completed,6651.74
112183,1028,2024-04-19,pending,384.0
112184,1041,2024-09-09,cancelled,4472.24
112185,1008,2024-05-19,completed,782.42
112186,1015,2024-07-23,pending,1504.88
112187,1008,2024-04-18,completed,6566.07
112188,1002,2024-03-03,completed,683.15
112189,1049,2024-06-29,completed,1597.79
112190,1044,2025-01-20,completed,2326.11
112191,1024,2025-09-26,completed,1461.25
112192,1046,2024-04-21,completed,5594.62
112193,1007,2025-11-05,completed,1459.87
112194,1009,2024-06-24,cancelled,5240.49
112195,1023,2023-09-12,shipped,1100.76
112196,1010,2024-01-02,cancelled,3998.55
112197,1044,2025-11-25,completed,2295.46
112198,1020,2023-10-07,shipped,4056.09
112199,1011,2025-09-12,shipped,2118.82
112200,1006,2024-11-28,pending,2917.2
112201,1003,2024-03-24,completed,4274.47
112202,1023,2025-05-22,completed,3535.47
112203,1037,2024-04-25,cancelled,3054.74
112204,1048,2023-02-03,pending,135.04
112205,1027,2025-10-07,cancelled,3725.86
112206,1037,2025-04-02,refunded,2982.19
112207,1030,2023-07-05,shipped,352.42
112208,1019,2023-05-22,pending,2626.47
112209,1011,2023-08-02,completed,4256.94
112210,1025,2024-03-27,shipped,111.68
112211,1020,2024-02-25,completed,1156.96
112212,1017,2024-06-07,completed,4727.33
112213,1013,2025-10-06,completed,693.96
112214,1023,2023-01-18,completed,2259.16
112215,1025,2024-03-08,pending,3042.77
112216,1027,2023-10-08,completed,2252.19
112217,1007,2025-01-29,completed,2085.46
112218,1030,2023-10-22,pending,5061.39
112219,1002,2024-07-07,cancelled,39.09
112220,1001,2024-09-03,shipped,2549.58
112221,1039,2025-09-06,completed,584.0
112222,1027,2024-10-19,refunded,3890.18
112223,1032,2024-11-03,shipped,5034.08
112224,1045,2023-02-19,cancelled,1041.16
112225,1002,2025-02-26,shipped,5893.81
112226,1025,2023-09-22,refunded,908.34
112227,1021,2023-11-22,cancelled,4998.45
112228,1004,2024-12-08,shipped,536.5
112229,1038,2023-02-16,completed,3024.2
112230,1024,2024-10-19,shipped,3130.53
112231,1008,2025-04-28,refunded,2547.0
112232,1041,2024-06-22,completed,4374.99
112233,1021,2025-07-03,cancelled,447.35
112234,1020,2023-06-12,pending,31.59
112235,1026,2024-01-15,completed,5472.22
112236,1029,2025-01-10,completed,4025.63
112237,1050,2024-10-29,pending,1276.55
112238,1024,2024-07-28,shipped,3872.18
112239,1031,2023-04-10,cancelled,2829.66
112240,1044,2025-10-17,shipped,598.17
112241,1026,2024-05-12,completed,5978.15
112242,1014,2024-06-11,completed,2003.48
112243,1046,2023-03-10,cancelled,3572.08
112244,1048,2023-04-17,cancelled,2670.87
112245,1040,2023-05-28,refunded,980.14
112246,1046,2025-06-06,completed,2793.08
112247,1027,2023-01-12,completed,1100.2
112248,1026,2024-08-24,completed,3487.4
112249,1040,2025-04-24,refunded,2454.98
112250,1048,2025-08-04,shipped,3627.01
112251,1020,2024-08-28,shipped,1345.63
112252,1034,2024-12-19,completed,4943.16
112253,1009,2024-07-31,shipped,2193.64
112254,1049,2024-07-31,pending,6694.14
112255,1001,2025-06-27,completed,5169.11
112256,1007,2024-01-30,completed,2839.61
112257,1021,2024-11-09,completed,5744.94
112258,1031,2025-11-04,completed,2517.28
112259,1048,2023-08-07,completed,1418.41
112260,1027,2025-02-02,shipped,2226.64
112261,1010,2025-01-23,completed,4611.96
112262,1039,2024-09-23,completed,3150.08
112263,1002,2023-02-14,refunded,2591.26
112264,1023,2023-05-25,pending,138.42
112265,1017,2025-06-05,completed,2699.98
112266,1023,2025-09-18,cancelled,1618.67
112267,1023,2024-01-22,refunded,953.82
112268,1018,2023-03-23,completed,2339.55
112269,1018,2023-11-17,completed,5903.26
112270,1049,2025-07-28,pending,3284.87
112271,1043,2025-01-11,pending,3617.95
112272,1040,2025-11-10,completed,119.43
112273,1042,2025-05-08,completed,1976.64
112274,1012,2025-10-31,refunded,837.6
112275,1029,2024-09-23,cancelled,4125.34
112276,1006,2024-01-15,refunded,2429.99
112277,1039,2023-06-30,refunded,248.64
112278,1041,2023-09-18,cancelled,2129.33
112279,1023,2024-07-25,pending,6155.1
112280,1023,2023-11-18,shipped,1765.73
112281,1010,2024-10-26,completed,4221.81
112282,1043,2024-06-29,shipped,885.72
112283,1025,2024-09-18,completed,2074.16
112284,1048,2024-09-25,completed,146.03
112285,1049,2024-06-06,completed,5440.2
112286,1015,2023-11-13,cancelled,4554.18
112287,1005,2025-10-27,shipped,5248.85
112288,1022,2025-09-03,completed,4253.12
112289,1050,2025-09-04,refunded,3411.19
112290,1037,2025-08-20,pending,6040.09
112291,1039,2024-10-20,completed,2772.68
112292,1031,2024-12-19,shipped,4001.85
112293,1031,2025-07-19,pending,803.8
112294,1043,2025-07-03,pending,2689.0
112295,1001,2025-07-26,pending,2390.8
112296,1022,2025-03-30,completed,707.12
112297,1011,2023-06-17,completed,3759.94
112298,1034,2025-01-17,pending,6480.8
112300,1045,2023-09-16,shipped,1590.36
112301,1031,2024-03-07,pending,1480.54
112302,1024,2025-10-13,shipped,578.09
112303,1022,2025-05-11,refunded,4046.95
112304,1025,2023-08-28,cancelled,2678.64
112305,1020,2025-06-12,refunded,926.72
112306,1005,2025-05-01,completed,250.06
112307,1002,2024-07-22,pending,1323.19
112308,1041,2023-08-16,completed,3311.92
112309,1003,2025-07-11,completed,684.8
112310,1021,2025-01-17,completed,1688.73
112311,1047,2025-01-07,completed,4946.06
112312,1026,2024-07-31,cancelled,2777.99
112313,1003,2024-10-18,refunded,2549.85
112314,1048,2025-01-28,cancelled,3099.39
112315,1041,2024-06-13,cancelled,3790.65
112316,1045,2025-01-01,cancelled,1682.32
112317,1048,2025-08-27,refunded,4163.3
112318,1037,2025-04-19,completed,2298.21
112319,1035,2024-07-10,completed,1901.81
112320,1025,2024-11-14,shipped,1800.33
112321,1023,2024-03-17,completed,2073.43
112322,1004,2023-11-25,cancelled,3158.92
112323,1014,2025-12-17,cancelled,1961.05
112324,1004,2023-10-20,pending,3261.17
112325,1009,2025-11-05,pending,711.35
112326,1034,2024-07-12,cancelled,441.17
112327,1049,2025-05-23,completed,4648.21
112328,1013,2025-05-17,shipped,3986.35
112329,1023,2024-01-19,pending,5316.47
112330,1040,2024-09-19,shipped,1829.06
112331,1036,2024-08-07,cancelled,1439.34
112332,1004,2023-04-26,shipped,322.16
112333,1001,2023-07-30,completed,5328.38
112334,1023,2025-10-12,pending,6814.59
112335,1032,2024-06-08,completed,3537.93
112336,1042,2025-05-10,shipped,1256.96
112337,1048,2023-08-17,completed,745.44
112338,1011,2025-05-27,completed,2729.16
112339,1035,2025-08-22,completed,6349.47
112340,1026,2024-12-06,completed,3077.34
112341,1046,2023-06-01,pending,5797.25
112342,1027,2025-12-21,pending,4947.01
112343,1037,2023-10-18,completed,1519.4
112344,1025,2023-04-05,shipped,3834.67
112345,1022,2024-03-17,refunded,1845.97
112346,1033,2023-02-07,completed,3704.17
112347,1043,2025-09-10,completed,1573.16
112348,1010,2025-06-04,refunded,2974.32
112349,1013,2024-07-24,completed,2806.4
112350,1029,2023-01-08,cancelled,276.93
112351,1013,2024-12-22,shipped,1331.14
112352,1010,2023-12-24,refunded,132.0
112353,1026,2024-06-22,completed,3368.4
112354,1008,2023-08-08,completed,4524.02
112355,1040,2023-07-13,pending,636.12
112356,1030,2024-12-15,completed,12.52
112357,1036,2023-02-26,refunded,5036.54
112358,1047,2023-05-02,shipped,2434.8
112359,1017,2025-06-04,pending,4064.38
112360,1033,2024-06-03,completed,2206.34
112362,1036,2024-08-17,shipped,6137.85
112363,1046,2025-09-13,refunded,120.6
112364,1034,2024-08-10,shipped,2011.76
112365,1039,2025-02-27,pending,4199.53
112366,1043,2024-05-09,cancelled,4704.2
112367,1027,2024-10-26,cancelled,535.56
112368,1002,2024-01-03,pending,3395.08
112369,1003,2023-06-12,shipped,1334.76
112370,1049,2023-06-02,completed,2665.88
112371,1046,2024-11-06,completed,3461.09
112372,1013,2025-06-27,shipped,4841.11
112373,1017,2024-09-17,refunded,661.23
112374,1018,2024-05-18,pending,1806.91
112375,1022,2025-08-02,cancelled,2692.31
112376,1020,2024-05-07,shipped,803.39
112377,1010,2025-12-14,refunded,902.37
112378,1034,2023-06-12,refunded,4603.87
112379,1002,2025-06-12,completed,1159.16
112380,1040,2025-09-10,pending,347.48
112381,1013,2025-02-24,completed,2173.32
112382,1002,2023-02-06,pending,85.92
112383,1012,2023-12-05,pending,4291.39
112384,1044,2025-02-19,completed,3109.03
112385,1030,2024-07-30,cancelled,2748.44
112386,1028,2024-03-27,cancelled,2612.39
112387,1025,2023-10-16,completed,507.78
112388,1019,2023-06-08,completed,6093.73
112389,1010,2023-07-29,completed,202.97
112390,1039,2024-07-27,refunded,2595.66
112391,1027,2025-07-23,completed,2609.06
112392,1007,2025-06-15,completed,5718.17
112393,1038,2025-03-21,refunded,6998.52
112394,1029,2023-03-03,shipped,6659.65
112395,1028,2024-03-04,cancelled,640.72
112396,1020,2023-08-22,completed,1329.86
112397,1049,2025-01-26,pending,1312.4
112398,1038,2023-07-07,pending,2174.74
112399,1020,2023-04-05,cancelled,4895.46
112400,1041,2025-08-02,shipped,1218.9
112401,1047,2025-07-12,pending,519.44
112402,1038,2025-10-20,completed,1843.79
112403,1019,2023-08-01,cancelled,1413.07
112404,1037,2025-06-30,pending,3224.62
112405,1014,2025-09-12,cancelled,3286.26
112406,1030,2023-01-12,cancelled,3300.03
112407,1010,2024-08-15,completed,3914.21
112408,1009,2023-06-07,shipped,2258.81
112409,1020,2023-11-23,cancelled,3065.76
112410,1024,2023-02-01,pending,60.9
112411,1048,2025-12-09,completed,4049.15
112412,1049,2025-05-23,completed,2797.96
112413,1029,2024-10-03,completed,6490.01
112414,1041,2023-03-26,refunded,1372.14
112415,1009,2023-05-12,cancelled,1998.37
112416,1043,2023-03-08,completed,126.82
112417,1021,2024-10-08,completed,1946.56
112418,1010,2023-08-19,completed,211.04
112420,1027,2025-04-12,refunded,1441.55
112421,1049,2025-09-13,shipped,2112.2
112422,1022,2024-07-15,pending,346.39
112425,1050,2025-06-14,completed,805.24
112426,1006,2024-06-09,refunded,2124.64
112427,1033,2025-02-09,completed,1056.5
112428,1041,2023-01-17,completed,2675.33
112429,1040,2025-03-31,refunded,1479.74
112430,1016,2024-06-23,cancelled,941.86
112431,1022,2025-04-29,completed,5626.73
112432,1045,2025-10-04,refunded,4883.09
112433,1021,2023-08-05,shipped,237.12
112434,1030,2025-10-18,refunded,2359.23
112435,1048,2023-07-18,completed,1019.74
112436,1028,2023-02-13,shipped,2243.85
112437,1046,2024-11-07,pending,2083.69
112438,1049,2023-12-15,pending,3718.98
112439,1044,2025-02-20,completed,760.28
112440,1029,2024-08-16,completed,362.53
112441,1021,2024-07-25,completed,616.12
112442,1023,2024-06-17,completed,1306.84
112443,1014,2025-10-08,completed,1392.0
112444,1018,2023-05-05,completed,3701.72
112445,1045,2023-05-13,refunded,402.06
112446,1016,2025-06-16,shipped,2706.35
112447,1050,2023-12-29,shipped,1379.76
112448,1026,2025-06-28,completed,422.73
112449,1050,2023-05-09,cancelled,1741.38
112450,1031,2025-10-31,completed,6782.94
112451,1002,2023-01-12,pending,5726.16
112452,1002,2023-06-10,cancelled,2650.17
112453,1008,2025-05-28,completed,1292.76
112454,1001,2024-03-26,completed,1372.92
112455,1016,2023-11-12,completed,2493.96
112456,1049,2025-08-15,pending,2713.71
112457,1044,2023-04-08,completed,3321.96
112458,1029,2025-07-29,completed,2360.76
112459,1001,2025-10-09,completed,4260.86
112460,1046,2025-07-25,refunded,5285.21
112461,1024,2023-01-13,pending,4689.76
112462,1035,2024-05-27,shipped,3820.82
112463,1047,2025-01-23,pending,1376.18
112464,1014,2025-12-20,pending,4033.46
112466,1026,2025-09-14,pending,693.39
112467,1018,2023-09-26,completed,1243.27
112468,1035,2023-11-23,shipped,2326.44
112469,1011,2024-09-05,refunded,1700.06
112470,1024,2024-02-25,cancelled,2378.6
112471,1031,2023-11-06,completed,917.2
112472,1021,2023-12-28,completed,7032.84
112473,1038,2025-12-31,completed,61.07
112474,1041,2025-08-07,refunded,1514.25
112475,1017,2025-12-08,shipped,3996.34
112476,1046,2023-04-03,shipped,1087.62
112477,1042,2024-07-02,cancelled,547.03
112478,1011,2025-03-11,cancelled,351.56
112479,1029,2023-03-01,completed,4623.01
112480,1045,2023-12-05,refunded,284.48
112481,1027,2023-09-22,shipped,1312.13
112482,1021,2023-07-16,completed,5817.26
112483,1033,2023-03-20,completed,5100.33
112484,1028,2023-03-20,refunded,1231.88
112485,1019,2023-12-11,completed,3723.23
112486,1019,2025-03-26,completed,3279.21
112487,1047,2024-04-08,completed,2399.3
112488,1044,2023-08-05,completed,518.57
112489,1022,2025-02-14,completed,244.59
112490,1033,2025-04-26,shipped,1000.92
112491,1008,2024-12-12,refunded,2682.28
112492,1048,2024-01-30,refunded,4783.69
112494,1023,2023-09-29,completed,6016.01
112495,1006,2025-02-08,pending,4739.56
112496,1027,2023-10-23,shipped,2499.5
112497,1041,2024-10-30,completed,481.41
112498,1048,2023-02-10,shipped,1736.3
112499,1009,2025-06-18,refunded,483.92
112500,1015,2024-02-23,refunded,4248.73
112501,1008,2023-07-18,completed,1740.58
112502,1031,2024-08-11,refunded,3034.52
112503,1014,2023-04-15,completed,2267.71
112504,1008,2024-10-22,completed,562.27
112505,1019,2024-05-08,refunded,1184.88
112506,1025,2024-04-18,refunded,1475.81
112507,1027,2025-05-31,completed,4586.86
112508,1015,2024-10-03,cancelled,969.68
112509,1012,2025-12-28,cancelled,3325.18
112510,1026,2025-10-13,pending,2350.05
112511,1004,2024-05-16,completed,331.36
112512,1042,2023-01-11,completed,1762.03
112513,1014,2023-04-15,refunded,1332.72
112514,1027,2024-05-11,completed,156.52
112515,1005,2023-09-17,cancelled,683.37
112516,1034,2023-02-18,refunded,3022.99
112517,1047,2024-06-22,completed,1399.95
112518,1017,2023-01-09,refunded,303.86
112519,1031,2023-04-13,shipped,3439.58
112520,1005,2024-11-02,completed,4457.59
112521,1008,2024-03-05,shipped,285.2
112522,1035,2024-08-02,pending,402.84
112523,1034,2025-02-22,shipped,2902.98
112524,1024,2024-10-28,pending,5555.12
112525,1038,2024-10-06,completed,561.42
112526,1008,2023-10-14,completed,194.55
112527,1027,2025-01-27,completed,4497.55
112528,1040,2023-11-18,pending,254.88
112529,1009,2025-06-15,shipped,877.92
112530,1024,2024-12-08,cancelled,4742.04
112531,1013,2024-03-02,cancelled,824.22
112532,1014,2025-12-22,completed,1529.88
112533,1046,2023-02-20,cancelled,3202.8
112534,1030,2024-08-15,completed,4949.44
112535,1005,2023-01-07,completed,1832.76
112536,1041,2023-03-27,cancelled,213.66
112537,1045,2023-05-19,pending,4369.54
112538,1037,2024-03-11,refunded,2718.78
112539,1050,2025-08-26,cancelled,1416.4
112540,1009,2025-02-22,shipped,1007.85
112541,1002,2024-06-27,completed,3499.83
112542,1026,2024-02-20,shipped,1105.28
112543,1035,2025-01-27,refunded,4009.52
112544,1048,2023-04-10,completed,296.28
112545,1050,2024-02-11,refunded,206.3
112546,1033,2023-06-15,completed,4324.62
112547,1037,2023-09-10,pending,4585.67
112548,1013,2024-08-31,completed,3794.65
112549,1008,2024-10-02,refunded,1394.37
112551,1001,2024-03-30,pending,7141.15
112553,1001,2024-01-24,completed,177.06
112554,1046,2025-05-25,cancelled,607.44
112555,1016,2023-06-22,completed,4686.54
112556,1018,2024-10-07,shipped,5151.3
112557,1047,2024-07-27,pending,876.08
112558,1047,2023-08-29,completed,4092.9
112559,1030,2024-10-16,completed,4444.87
112560,1015,2024-04-21,completed,4756.18
112561,1050,2025-09-07,refunded,254.91
112562,1032,2023-04-05,completed,4127.66
112563,1037,2023-11-15,completed,864.54
112564,1007,2025-11-27,cancelled,4966.49
112565,1016,2023-08-01,shipped,602.4
112566,1044,2023-10-25,completed,1549.83
112567,1005,2023-11-11,completed,3356.06
112568,1023,2023-02-19,completed,503.61
112569,1048,2025-06-10,pending,3528.8
112571,1026,2025-08-15,refunded,1707.19
112572,1048,2023-11-09,completed,2634.38
112573,1044,2025-08-08,pending,3621.97
112574,1001,2025-05-07,completed,1240.5
112575,1046,2023-03-01,completed,2375.7
112576,1036,2025-09-21,shipped,3436.42
112577,1033,2025-12-12,completed,5536.35
112578,1010,2023-03-30,pending,904.19
112579,1042,2023-12-14,pending,4070.72
112580,1047,2025-08-13,completed,3472.77
112581,1032,2025-03-22,completed,2042.3
112582,1016,2027-01-23,cancelled,1287.43
112584,1036,2025-04-27,pending,2476.8
112585,1006,2023-12-23,cancelled,2586.19
112586,1008,2025-05-17,shipped,1476.76
112587,1048,2023-01-29,refunded,537.4
112588,1006,2025-03-28,cancelled,2283.6
112589,1034,2023-05-10,pending,2410.96
112590,1020,2024-09-30,refunded,1930.86
112591,1008,2023-12-18,cancelled,3926.31
112592,1006,2024-10-22,completed,1582.14
112593,1017,2023-06-03,pending,1204.96
112594,1014,2023-11-18,completed,52.85
112595,1012,2025-07-23,pending,2409.76
112596,1026,2023-09-10,shipped,1150.68
112597,1040,2024-03-10,shipped,1916.07
112598,1020,2024-12-09,completed,5495.07
112599,1003,2025-12-22,shipped,1120.39
112600,1008,2024-07-10,completed,3615.58
112601,1044,2025-05-02,shipped,229.37
112602,1021,2025-07-26,cancelled,225.19
112603,1035,2023-05-03,completed,5855.01
112604,1018,2025-10-29,completed,4059.57
112605,1021,2025-05-15,cancelled,99.76
112606,1044,2023-04-25,cancelled,920.18
112607,1014,2025-09-02,cancelled,863.4
112608,1007,2023-02-19,pending,1207.68
112609,1018,2023-01-18,completed,2489.29
112610,1015,2023-12-21,refunded,3313.21
112611,1002,2024-05-08,completed,606.24
112612,1007,2025-12-13,pending,1788.56
112613,1045,2023-06-14,refunded,1997.06
112614,1008,2025-09-23,cancelled,3780.73
112615,1036,2025-06-19,cancelled,4199.04
112616,1031,2023-12-09,refunded,1894.83
112617,1048,2024-11-23,completed,1203.58
112618,1020,2024-07-18,completed,1204.72
112619,1005,2023-08-16,shipped,438.09
112620,1020,2024-04-07,refunded,3718.05
112621,1050,2025-09-05,pending,4782.59
112622,1043,2025-12-17,refunded,2430.69
112624,1007,2025-06-21,completed,1618.8
112625,1040,2025-04-01,completed,1024.25
112626,1002,2024-11-11,pending,2911.59
112627,1032,2025-03-01,completed,951.1
112628,1006,2025-09-21,cancelled,6649.58
112629,1045,2025-05-25,cancelled,2980.74
112630,1016,2024-12-04,refunded,1329.2
112631,1045,2024-06-22,shipped,2984.53
112632,1003,2025-04-03,completed,222.24
112633,1003,2023-04-23,completed,1800.56
112634,1004,2025-05-10,shipped,6282.39
112635,1016,2025-06-06,completed,688.7
112636,1030,2024-06-16,completed,6096.24
112637,1019,2025-06-16,completed,589.47
112638,1037,2025-12-12,completed,2222.39
112639,1008,2024-02-20,cancelled,720.6
112640,1048,2025-12-10,completed,490.81
112641,1001,2024-06-01,cancelled,548.53
112642,1035,2025-05-12,shipped,80.4
112643,1029,2025-06-01,completed,3802.17
112644,1047,2025-04-02,pending,3266.31
112645,1009,2023-04-17,completed,2366.04
112646,1019,2023-06-12,completed,4199.1
112647,1050,2023-11-26,completed,5808.5
112648,1024,2025-01-18,cancelled,2890.28
112649,1020,2023-04-18,completed,5712.18
112650,1050,2025-05-26,refunded,720.93
112651,1014,2025-03-10,refunded,3834.36
112653,1028,2025-06-07,completed,1923.68
112654,1010,2023-03-16,refunded,3347.57
112655,1012,2023-04-07,completed,1914.47
112656,1016,2024-12-29,shipped,4649.52
112657,1045,2024-09-24,completed,4567.69
112658,1026,2024-05-24,completed,2082.7
112659,1041,2025-11-28,refunded,889.92
112660,1020,2025-10-02,completed,4406.32
112661,1024,2023-11-17,cancelled,699.52
112662,1045,2023-09-25,cancelled,5982.91
112663,1003,2025-11-03,cancelled,2515.02
112664,1027,2024-02-09,pending,2454.15
112665,1034,2024-02-11,completed,1813.19
112666,1047,2025-03-23,refunded,600.51
112667,1010,2025-03-29,completed,216.0
112668,1027,2025-07-05,cancelled,673.45
112669,1022,2025-04-07,completed,132.95
112670,1029,2025-10-10,completed,3357.99
112671,1024,2024-06-01,cancelled,4696.23
112672,1025,2023-03-10,pending,125.66
112673,1003,2023-10-30,pending,4355.13
112674,1039,2024-06-10,completed,595.01
112675,1022,2024-09-19,cancelled,1957.22
112676,1001,2023-10-15,cancelled,2018.23
112677,1027,2024-12-30,refunded,2377.66
112678,1042,2024-01-30,pending,3419.76
112679,1029,2024-06-23,completed,891.45
112680,1034,2023-01-31,shipped,2571.5
112681,1036,2024-12-22,cancelled,289.67
112682,1045,2025-10-17,completed,1784.94
112683,1044,2025-10-07,shipped,2111.29
112684,1027,2024-01-19,completed,1445.2
112685,1044,2024-12-06,completed,616.1
112686,1021,2025-12-20,refunded,1159.05
112687,1022,2023-12-04,completed,4492.09
112688,1049,2023-07-22,completed,3324.25
112689,1016,2023-02-11,completed,4285.08
112690,1012,2023-10-02,pending,1666.6
112691,1042,2024-07-25,cancelled,3640.23
112692,1038,2024-04-10,refunded,2730.6
112693,1011,2023-10-25,cancelled,2888.78
112694,1007,2025-07-24,pending,4321.02
112695,1018,2025-10-18,cancelled,1919.95
112696,1042,2023-04-21,refunded,2938.88
112697,1032,2025-07-19,completed,2733.94
112698,1020,2025-03-16,completed,627.76
112699,1033,2025-09-11,refunded,2770.81
112700,1037,2025-11-10,cancelled,1006.02
112701,1010,2023-07-30,refunded,827.1
112702,1014,2025-07-11,refunded,430.54
112703,1025,2023-06-02,completed,8193.81
112704,1009,2025-06-24,completed,269.19
112705,1013,2023-12-22,shipped,463.98
112706,1028,2024-05-22,pending,4243.83
112707,1031,2023-09-26,completed,306.75
112708,1046,2025-05-17,shipped,979.8
112709,1023,2025-08-20,completed,4367.52
112710,1042,2024-01-04,shipped,2650.42
112711,1045,2023-01-04,cancelled,42.44
112712,1047,2023-07-01,refunded,4429.92
112713,1021,2025-12-18,completed,2996.4
112714,1048,2024-12-19,completed,1333.75
112715,1023,2023-10-29,completed,269.89
112716,1041,2024-06-27,completed,2924.1
112717,1018,2025-08-15,completed,3917.3
112718,1050,2023-02-11,refunded,2711.67
112719,1020,2023-05-26,completed,1660.08
112720,1039,2024-08-21,completed,459.13
112721,1044,2024-07-05,shipped,5221.9
112722,1037,2025-08-25,cancelled,2709.2
112723,1033,2023-09-10,shipped,489.96
112724,1028,2023-07-26,completed,1649.48
112725,1030,2023-11-08,cancelled,1126.65
112726,1040,2024-10-16,completed,1234.98
112727,1011,2025-10-31,completed,2376.45
112728,1027,2025-07-22,pending,3882.32
112729,1002,2023-02-27,completed,1853.02
112730,1014,2023-02-10,pending,1140.24
112731,1016,2025-02-27,completed,6178.89
112732,1035,2025-04-08,completed,2225.01
112733,1032,2024-02-19,pending,2983.52
112734,1024,2023-11-10,refunded,2332.7
112735,1027,2025-12-11,completed,969.84
112736,1004,2023-03-24,shipped,4217.25
112737,1002,2024-05-09,shipped,1301.52
112738,1005,2025-10-18,cancelled,4872.97
112739,1013,2024-01-26,shipped,2698.09
112740,1048,2024-02-04,shipped,4533.64
112741,1043,2025-11-29,completed,2210.93
112742,1017,2023-08-09,refunded,1918.72
112744,1006,2024-04-04,completed,5093.58
112745,1007,2023-11-11,completed,591.8
112746,1021,2023-10-28,shipped,668.8
112747,1046,2025-05-08,completed,536.04
112748,1034,2024-10-04,pending,4778.28
112749,1008,2025-07-03,refunded,805.52
112750,1030,2025-10-08,completed,562.2
112751,1036,2024-04-03,completed,3009.17
112752,1010,2025-07-02,refunded,541.6
112753,1015,2024-03-12,completed,2177.22
112754,1048,2024-11-05,completed,2407.39
112755,1021,2025-05-16,completed,1402.07
112756,1047,2025-02-16,cancelled,79.08
112757,1025,2023-08-19,refunded,3159.63
112758,1034,2023-03-30,pending,1715.76
112759,1016,2024-09-22,shipped,1176.39
112760,1007,2024-12-31,cancelled,1763.78
112761,1027,2025-08-08,refunded,1779.45
112762,1014,2026-07-09,completed,4998.17
112764,1006,2024-04-10,cancelled,3664.34
112765,1036,2025-05-13,completed,1524.77
112766,1045,2023-01-06,completed,2753.1
112767,1012,2025-02-23,completed,2086.14
112768,1014,2025-08-15,shipped,3224.78
112769,1019,2023-12-10,refunded,2665.94
112770,1042,2025-10-16,cancelled,5134.38
112771,1023,2025-02-27,completed,707.33
112772,1017,2025-11-21,shipped,559.02
112773,1029,2024-02-03,completed,3263.43
112774,1034,2024-12-13,cancelled,1826.39
112775,1008,2024-02-27,pending,3097.91
112776,1002,2023-02-23,completed,61.4
112777,1020,2024-01-30,completed,2330.67
112778,1040,2024-09-05,cancelled,835.76
112779,1011,2023-08-24,cancelled,1258.65
112781,1044,2024-07-07,cancelled,2827.28
112782,1035,2025-02-26,cancelled,445.04
112783,1009,2024-02-19,completed,5407.72
112784,1023,2023-10-16,pending,3177.77
112785,1046,2023-06-02,pending,3885.65
112786,1016,2024-04-13,cancelled,1737.92
112787,1024,2024-11-09,cancelled,1524.82
112788,1017,2024-10-18,completed,2262.12
112789,1046,2023-11-16,completed,2672.12
112790,1025,2023-08-31,completed,803.54
112791,1001,2025-12-24,pending,2270.15
112792,1004,2023-02-08,completed,5323.02
112793,1041,2024-07-14,refunded,1099.74
112794,1001,2025-04-28,completed,585.72
112795,1020,2025-04-04,pending,5262.54
112796,1029,2023-01-20,cancelled,6976.11
112797,1039,2024-07-07,completed,661.74
112798,1024,2023-06-16,completed,1404.9
112799,1045,2025-01-31,pending,2199.4
112800,1003,2024-09-14,completed,5637.69
112801,1047,2025-03-19,cancelled,4888.53
112802,1020,2024-01-30,completed,164.88
112803,1004,2025-09-03,completed,2688.69
112804,1045,2023-05-01,completed,2713.0
112805,1013,2024-10-26,completed,3587.81
112806,1039,2023-11-08,completed,6119.84
112807,1001,2024-08-31,refunded,202.23
112808,1043,2023-08-29,cancelled,4291.24
112809,1050,2023-02-17,refunded,1113.82
112810,1045,2025-02-07,completed,5540.64
112811,1038,2025-08-05,refunded,4180.73
112812,1044,2023-01-26,completed,2634.66
112813,1034,2024-08-29,shipped,271.19
112814,1019,2025-10-02,shipped,2063.58
112815,1033,2025-05-05,shipped,3914.12
112816,1031,2025-02-12,completed,803.11
112817,1031,2025-09-07,refunded,256.34
112818,1049,2025-06-03,completed,2605.04
112819,1038,2023-04-22,pending,2862.68
112820,1027,2025-07-30,completed,2836.06
112821,1031,2024-07-05,completed,1295.84
112822,1002,2025-08-19,shipped,5014.76
112823,1030,2024-02-20,shipped,1469.57
112824,1050,2024-08-06,pending,1416.04
112825,1017,2025-03-04,completed,1706.14
112826,1013,2024-07-09,pending,3462.88
112827,1033,2023-11-01,shipped,1592.84
112828,1038,2025-11-13,completed,2165.96
112829,1008,2025-09-30,shipped,6551.83
112830,1002,2025-08-18,refunded,5660.01
112831,1006,2025-11-07,completed,3106.92
112832,1003,2024-03-19,completed,5037.0
112833,1021,2025-12-23,pending,3346.08
112834,1035,2025-06-01,pending,4036.89
112835,1035,2025-10-25,cancelled,6530.55
112836,1010,2023-03-15,cancelled,1397.46
112837,1040,2024-10-26,pending,2393.71
112838,1025,2024-12-27,completed,3857.49
112839,1022,2024-02-03,refunded,3339.48
112840,1002,2025-02-26,refunded,4093.46
112841,1028,2023-06-29,refunded,1615.2
112842,1022,2025-07-02,cancelled,3761.55
112843,1041,2023-05-16,completed,4705.26
112844,1035,2025-12-31,completed,1325.03
112845,1043,2025-04-10,shipped,6896.48
112846,1015,2023-09-01,completed,4855.55
112847,1044,2025-05-10,completed,4699.61
112848,1016,2023-12-10,refunded,556.28
112849,1047,2023-08-05,shipped,5059.03
112850,1004,2024-04-27,shipped,637.66
112851,1031,2024-04-01,cancelled,2953.54
112852,1047,2023-05-09,completed,1193.28
112853,1019,2023-06-02,completed,2900.47
112854,1025,2023-02-17,completed,1403.36
112855,1043,2023-04-09,pending,2764.89
112856,1012,2024-07-30,completed,5381.97
112857,1017,2024-12-11,refunded,2558.77
112858,1030,2024-11-03,shipped,454.56
112859,1033,2024-06-06,pending,4151.63
112860,1019,2023-07-10,cancelled,2289.26
112861,1001,2023-11-25,refunded,886.02
112862,1025,2023-04-22,shipped,1863.61
112863,1017,2025-05-22,completed,3934.3
112864,1028,2025-12-06,refunded,1357.05
112865,1001,2023-06-15,cancelled,3380.3
112866,1030,2025-03-07,completed,2517.35
112867,1017,2025-08-13,completed,1341.0
112868,1034,2024-07-23,completed,1843.68
112869,1027,2025-08-18,shipped,2115.68
112870,1021,2024-12-02,shipped,1891.01
112871,1009,2024-12-06,completed,798.56
112872,1040,2023-01-24,shipped,3934.95
112873,1019,2025-09-19,cancelled,3503.46
112874,1018,2024-10-22,pending,2303.4
112875,1026,2023-01-14,completed,3914.98
112876,1047,2023-06-21,completed,640.88
112877,1050,2025-11-30,completed,865.5
112878,1035,2025-06-10,refunded,3847.02
112879,1013,2024-09-27,completed,1399.4
112880,1050,2025-08-16,completed,3280.28
112881,1013,2023-07-25,completed,490.73
112882,1006,2024-12-10,completed,3549.75
112883,1028,2025-01-13,shipped,2259.66
112884,1024,2023-06-19,completed,1491.63
112885,1038,2025-04-06,completed,1770.92
112886,1033,2023-10-02,pending,3807.14
112887,1018,2025-09-22,refunded,90.49
112888,1044,2025-12-24,shipped,2918.07
112889,1001,2023-12-05,shipped,984.1
112890,1021,2025-01-08,completed,1331.62
112891,1040,2024-07-23,shipped,4040.68
112892,1039,2023-07-07,shipped,4475.31
112893,1031,2023-08-29,completed,5052.42
112894,1004,2024-11-25,pending,528.0
112895,1017,2023-07-24,completed,5194.46
112896,1037,2023-07-30,shipped,1016.28
112897,1047,2025-01-12,refunded,2238.36
112898,1037,2023-11-18,pending,511.14
112899,1022,2025-10-29,completed,1422.99
112900,1031,2024-05-11,pending,1470.46
112901,1044,2023-12-08,completed,1580.85
112902,1033,2024-03-27,completed,2736.82
112903,1030,2023-10-24,cancelled,102.55
112904,1021,2024-12-16,pending,2887.78
112905,1044,2025-06-04,pending,2079.21
112906,1005,2023-01-14,completed,1492.84
112907,1025,2025-02-04,completed,4829.23
112908,1018,2024-06-14,completed,2938.56
112909,1026,2025-12-07,completed,1252.99
112910,1013,2023-12-16,completed,3375.86
112911,1007,2023-11-23,pending,1282.6
112913,1007,2024-12-12,pending,2816.68
112914,1020,2024-01-23,cancelled,542.34
112915,1022,2025-05-26,completed,1569.46
112916,1006,2025-01-09,pending,1050.38
112917,1025,2025-02-18,shipped,1638.39
112918,1008,2024-12-22,completed,5481.98
112919,1050,2023-10-06,completed,673.72
112920,1050,2023-06-19,pending,1838.87
112921,1028,2023-02-11,completed,1521.8
112922,1014,2023-10-05,pending,3437.37
112923,1043,2024-03-16,refunded,4654.29
112924,1002,2024-08-07,pending,1157.4
112925,1018,2025-02-16,shipped,338.28
112926,1037,2025-05-13,cancelled,2007.33
112927,1002,2024-04-29,shipped,397.47
112928,1024,2025-08-25,shipped,2824.89
112929,1039,2024-11-12,shipped,3373.94
112930,1035,2023-06-04,cancelled,2977.97
112931,1016,2024-04-01,refunded,1349.37
112932,1002,2024-11-07,cancelled,2467.43
112933,1022,2024-02-04,cancelled,1712.26
112934,1041,2025-03-07,refunded,4928.29
112935,1034,2023-08-22,cancelled,2689.16
112936,1033,2025-02-24,completed,3618.36
112937,1041,2024-02-25,refunded,554.4
112938,1017,2024-06-09,completed,390.69
112939,1011,2023-09-27,shipped,282.11
112940,1031,2025-03-02,completed,2238.22
112941,1028,2025-07-05,shipped,1688.23
112942,1026,2025-02-09,cancelled,258.6
112943,1012,2024-02-19,shipped,2867.39
112944,1026,2023-06-02,pending,4367.53
112945,1036,2025-12-19,shipped,3493.86
112946,1028,2023-10-16,pending,1630.98
112947,1020,2025-11-23,pending,2316.97
112948,1005,2024-01-15,shipped,1204.4
112949,1030,2025-10-11,refunded,2635.94
112950,1015,2025-05-13,completed,9507.59
112951,1048,2025-01-07,shipped,1588.06
112952,1035,2025-04-30,completed,2694.79
112953,1013,2025-02-24,completed,690.22
112954,1044,2024-03-14,completed,2574.09
112955,1017,2023-01-04,shipped,1963.18
112956,1048,2025-11-28,refunded,2752.77
112957,1029,2023-05-21,completed,3410.18
112958,1012,2024-08-01,cancelled,4065.32
112959,1019,2024-02-23,pending,837.87
112960,1006,2025-04-27,completed,5366.61
112961,1009,2024-11-14,cancelled,142.28
112962,1023,2024-06-18,completed,3084.72
112963,1032,2025-09-26,refunded,2370.07
112964,1035,2024-02-11,pending,1765.9
112965,1005,2025-10-09,refunded,3394.11
112966,1023,2024-04-03,completed,2276.88
112967,1017,2023-06-05,shipped,5834.51
112968,1038,2024-09-15,shipped,2099.32
112969,1026,2024-05-07,refunded,2674.68
112970,1010,2025-08-18,pending,1413.76
112971,1006,2025-02-08,cancelled,119.31
112972,1031,2023-12-28,shipped,5338.68
112973,1028,2023-03-09,refunded,599.9
112974,1041,2025-08-25,pending,4153.05
112975,1019,2023-07-07,cancelled,2776.99
112976,1031,2023-08-03,completed,6104.8
112977,1013,2024-12-31,cancelled,4000.91
112978,1024,2025-03-04,completed,419.06
112979,1030,2024-03-11,completed,4312.94
112980,1031,2025-12-16,pending,1065.08
112981,1043,2023-02-04,completed,1506.25
112982,1005,2023-10-15,refunded,2444.64
112983,1029,2023-07-08,shipped,3197.01
112984,1025,2023-12-08,pending,789.6
112985,1031,2024-06-19,pending,4104.53
112986,1034,2025-07-17,pending,124.2
112987,1024,2023-07-30,shipped,1357.8
112988,1026,2023-07-18,completed,796.95
112989,1003,2023-05-23,shipped,2025.27
112990,1022,2024-01-06,completed,1606.23
112991,1014,2025-03-23,completed,3223.09
112992,1028,2023-02-06,completed,5138.16
112993,1035,2023-03-07,completed,4709.69
112994,1012,2023-07-06,completed,3773.79
112995,1048,2026-09-27,shipped,1655.94
112996,1049,2024-04-28,completed,1932.18
112997,1033,2025-10-11,pending,953.34
112999,1047,2024-08-01,completed,2135.54
113000,1001,2023-01-15,cancelled,3777.62
113001,1018,2024-02-24,cancelled,4421.0
113002,1038,2024-12-19,completed,2112.6
113003,1025,2025-01-12,completed,483.12
113004,1050,2024-01-19,completed,3487.97
113005,1026,2023-05-20,completed,2248.36
113006,1048,2024-07-11,completed,992.78
113007,1047,2023-03-14,cancelled,2499.24
113008,1030,2024-11-23,completed,3259.19
113009,1025,2023-09-15,shipped,2826.53
113010,1027,2024-02-20,refunded,1220.55
113011,1042,2023-11-03,completed,1247.59
113012,1014,2023-07-11,refunded,5606.24
113013,1050,2025-05-09,completed,3380.01
113014,1038,2023-04-13,refunded,3005.48
113015,1047,2025-11-25,pending,2502.33
113016,1012,2024-03-29,completed,1280.9
113017,1025,2025-10-29,cancelled,1499.12
113018,1030,2024-09-03,pending,1212.07
113019,1005,2025-02-11,completed,2348.53
113020,1001,2024-09-27,shipped,3410.67
113021,1041,2023-09-06,pending,1530.41
113022,1038,2023-02-06,shipped,711.99
113023,1047,2025-01-28,shipped,2600.4
113024,1048,2024-08-17,refunded,1990.92
113025,1027,2023-11-27,completed,949.2
113026,1032,2023-02-13,completed,1445.49
113027,1048,2023-07-14,completed,590.68
113028,1009,2025-12-05,shipped,541.2
113029,1012,2023-02-02,completed,4119.95
113030,1026,2024-12-15,pending,4812.87
113031,1021,2023-09-03,shipped,2834.19
113032,1003,2025-03-09,pending,3969.13
113033,1041,2023-02-12,pending,2766.13
113034,1015,2025-03-12,completed,3933.92
113035,1014,2025-11-21,completed,1123.78
113036,1046,2025-06-02,pending,382.9
113037,1034,2025-10-19,completed,5190.37
113038,1040,2023-01-08,refunded,1540.32
113039,1029,2025-09-22,completed,4407.98
113040,1017,2025-02-24,completed,3456.63
113041,1048,2025-09-26,refunded,2932.16
113042,1042,2024-06-01,refunded,413.25
113043,1031,2025-08-18,cancelled,3990.16
113044,1042,2025-06-15,completed,5098.25
113045,1047,2024-08-30,shipped,3385.29
113046,1009,2023-02-01,completed,2306.92
113047,1001,2023-02-07,cancelled,2474.46
113048,1004,2024-09-16,completed,1575.08
113049,1040,2025-05-19,completed,2600.67
113050,1011,2023-10-12,completed,575.91
113051,1026,2023-07-10,refunded,3788.6
113052,1034,2025-12-02,completed,3409.19
113053,1031,2025-12-04,completed,658.8
113054,1002,2024-08-31,completed,345.95
113055,1050,2024-02-10,completed,2901.56
113056,1005,2023-08-19,completed,591.98
113057,1034,2023-01-27,completed,4770.3
113058,1044,2024-11-18,completed,146.72
113059,1036,2023-06-14,completed,1643.95
113060,1050,2025-07-10,completed,111.68
113061,1010,2023-02-27,completed,3068.52
113062,1005,2023-05-22,completed,1652.4
113063,1030,2023-03-06,pending,1835.93
113064,1013,2025-07-08,completed,6134.07
113065,1009,2024-07-03,completed,826.81
113066,1036,2025-07-01,shipped,5915.08
113067,1013,2025-04-11,cancelled,1452.83
113068,1022,2023-02-23,refunded,3165.97
113069,1011,2023-12-02,pending,2219.43
113070,1001,2024-12-25,completed,1878.31
113071,1048,2023-05-05,completed,1905.64
113072,1004,2025-04-17,pending,5803.46
113073,1048,2024-12-29,completed,4074.3
113074,1009,2023-04-08,completed,650.55
113075,1021,2023-04-29,cancelled,6366.0
113076,1039,2024-09-18,refunded,1051.06
113077,1046,2023-11-14,pending,2303.41
113078,1006,2023-12-16,pending,5488.32
113079,1007,2023-10-23,completed,2047.4
113080,1040,2023-08-08,completed,1090.21
113081,1044,2023-11-10,cancelled,1146.01
113082,1039,2023-01-23,completed,178.95
113083,1045,2025-04-18,refunded,2610.28
113084,1010,2023-09-08,refunded,120.33
113085,1023,2023-03-14,completed,2450.75
113086,1012,2024-02-25,refunded,3409.82
113087,1045,2023-03-29,completed,2423.35
113088,1005,2025-06-05,completed,79.76
113089,1027,2024-04-05,completed,1143.67
113090,1042,2025-12-15,completed,2916.13
113091,1014,2025-06-01,pending,2464.66
113092,1011,2025-04-02,completed,6819.72
113093,1011,2023-05-14,refunded,4870.55
113094,1045,2023-02-05,completed,1710.99
113095,1011,2023-07-27,pending,4656.65
113097,1005,2024-12-25,completed,1667.5
113098,1046,2024-09-19,cancelled,3825.29
113099,1011,2025-06-12,completed,4635.8
113100,1006,2024-05-21,pending,1848.25
113101,1037,2025-08-22,shipped,1959.92
113102,1031,2024-05-18,refunded,247.02
113103,1021,2024-10-12,refunded,2789.33
113104,1001,2025-10-11,shipped,2257.44
113105,1013,2025-08-03,completed,1752.78
113106,1021,2024-01-04,pending,2561.4
113107,1037,2025-09-01,completed,673.44
113108,1005,2024-04-12,refunded,3208.34
113109,1010,2023-06-11,cancelled,1620.28
113110,1050,2024-10-30,pending,4194.69
113111,1040,2023-08-12,completed,1901.3
113112,1036,2024-09-23,completed,869.14
113113,1007,2025-03-24,cancelled,2302.42
113114,1010,2023-11-04,refunded,3276.96
113115,1018,2025-02-26,shipped,3138.05
113116,1026,2025-06-02,completed,1953.36
113117,1011,2023-06-27,completed,4836.1
113118,1034,2023-01-16,cancelled,5629.31
113119,1001,2024-05-01,cancelled,4315.18
113120,1020,2024-05-27,cancelled,2595.24
113121,1008,2024-05-25,completed,2293.83
113122,1007,2023-06-04,completed,1642.27
113124,1036,2023-06-03,completed,3360.35
113125,1019,2025-09-13,completed,4159.71
113126,1050,2023-10-20,completed,4720.59
113127,1003,2024-08-10,pending,1568.28
113128,1025,2023-12-16,pending,903.96
113129,1008,2025-08-02,pending,1777.37
113130,1020,2024-04-13,completed,1484.22
113132,1044,2024-07-28,completed,3534.61
113133,1043,2025-05-05,pending,4814.95
113134,1028,2024-02-02,cancelled,1703.36
113135,1006,2025-03-22,shipped,850.92
113136,1049,2023-12-27,pending,2831.52
113137,1024,2023-02-08,shipped,1187.9
113138,1012,2025-12-06,completed,268.29
113139,1026,2024-02-03,completed,6795.14
113140,1004,2025-01-19,shipped,3897.93
113141,1049,2023-08-02,completed,196.85
113142,1007,2023-01-21,shipped,2944.1
113143,1028,2024-06-25,shipped,2114.4
113144,1022,2023-03-19,cancelled,1150.64
113145,1049,2024-08-05,refunded,2553.52
113146,1034,2025-12-15,pending,5083.88
113147,1040,2024-02-25,cancelled,1921.26
113148,1037,2025-07-25,refunded,1080.77
113149,1029,2024-02-17,completed,4018.83
113150,1007,2023-07-11,completed,3635.91
113151,1022,2023-10-01,completed,1084.44
113152,1007,2024-02-17,cancelled,967.6
113153,1045,2024-09-17,completed,3554.36
113154,1023,2023-01-07,cancelled,4873.4
113155,1041,2024-04-15,shipped,3679.97
113156,1049,2023-06-15,completed,2334.95
113157,1011,2024-06-06,completed,5006.8
113158,1009,2024-02-09,cancelled,3326.36
113159,1037,2023-07-16,completed,3251.07
113160,1015,2025-08-30,completed,7708.4
113161,1014,2023-11-27,pending,2236.48
113162,1009,2023-07-31,completed,1201.66
113163,1016,2024-03-01,shipped,824.25
113164,1008,2025-10-28,completed,1138.45
113165,1029,2023-12-25,completed,736.32
113166,1050,2023-05-10,completed,3843.36
113167,1006,2024-05-15,completed,5041.9
113168,1022,2025-08-27,shipped,4610.6
113169,1033,2023-01-28,shipped,208.02
113170,1004,2023-01-30,completed,373.14
113171,1007,2024-05-28,shipped,1422.9
113172,1018,2024-11-24,completed,656.45
113173,1050,2023-06-30,pending,2953.93
113174,1007,2023-12-22,shipped,5581.99
113175,1013,2025-06-28,cancelled,233.36
113176,1014,2024-11-04,shipped,1171.92
113177,1023,2023-04-29,shipped,2342.76
113178,1002,2024-01-12,cancelled,5458.96
113179,1041,2023-07-17,pending,3539.7
113180,1011,2024-05-26,completed,3366.11
113181,1011,2025-05-13,shipped,937.01
113182,1023,2024-05-12,completed,1709.4
113183,1014,2023-12-09,completed,4932.54
113184,1030,2025-04-28,refunded,264.42
113185,1001,2024-11-28,refunded,4635.43
113187,1038,2023-11-23,completed,1975.44
113188,1005,2025-03-07,shipped,5353.91
113189,1048,2024-07-26,pending,5568.12
113191,1041,2023-06-23,cancelled,1844.64
113192,1009,2023-11-05,completed,2629.63
113193,1030,2025-06-15,refunded,892.0
113194,1022,2024-02-17,pending,155.26
113195,1043,2025-07-03,shipped,232.4
113196,1037,2024-01-16,refunded,2167.32
113197,1018,2025-05-21,completed,1782.3
113198,1032,2024-03-29,refunded,1910.6
113199,1025,2025-04-14,cancelled,3372.46
113200,1013,2024-01-21,cancelled,4445.98
113201,1019,2023-05-16,completed,4037.08
113202,1001,2023-04-11,completed,4096.7
113203,1028,2024-08-20,cancelled,3954.12
113204,1015,2024-05-29,completed,711.3
113205,1049,2025-04-30,cancelled,226.86
113206,1004,2024-05-20,cancelled,2737.37
113207,1050,2025-01-30,refunded,1341.7
113208,1041,2025-11-04,completed,2036.64
113209,1002,2025-09-13,pending,2946.8
113210,1047,2025-12-10,shipped,4020.28
113211,1045,2024-07-20,shipped,1053.1
113212,1008,2023-05-31,cancelled,1205.21
113213,1018,2025-11-16,completed,2706.95
113214,1008,2024-10-01,shipped,2924.96
113215,1022,2024-01-25,shipped,1561.92
113216,1026,2025-02-11,completed,129.88
113217,1044,2024-06-30,completed,5060.24
113218,1005,2025-03-09,cancelled,4947.08
113219,1004,2023-09-04,refunded,1112.61
113220,1011,2024-11-12,shipped,3381.19
113221,1049,2023-05-27,refunded,2411.15
113222,1038,2023-01-07,pending,1166.65
113223,1022,2024-03-02,completed,438.67
113224,1038,2023-01-06,refunded,7675.97
113225,1043,2023-03-05,completed,4154.06
113226,1014,2023-07-04,completed,6019.78
113227,1006,2023-01-20,cancelled,4138.31
113228,1031,2024-10-15,completed,5961.8
113229,1013,2023-07-28,refunded,2047.46
113230,1005,2023-01-07,refunded,219.12
113231,1037,2025-10-25,shipped,128.88
113232,1039,2023-06-13,completed,552.93
113233,1034,2023-03-08,cancelled,3741.63
113234,1011,2025-01-21,completed,1701.12
113235,1028,2023-03-29,pending,3508.81
113236,1047,2025-01-16,completed,2195.05
113237,1048,2025-12-03,completed,85.56
113238,1024,2023-05-26,cancelled,3864.82
113239,1016,2025-10-11,cancelled,3821.34
113240,1049,2024-11-29,completed,2218.9
113241,1044,2024-11-21,pending,631.1
113242,1031,2024-08-04,completed,1740.45
113243,1023,2023-01-14,completed,2995.8
113244,1031,2025-02-16,pending,2508.44
113246,1016,2023-05-17,completed,3188.48
113247,1002,2023-06-12,pending,1660.38
113248,1042,2023-12-03,completed,2303.21
113250,1012,2025-02-10,pending,4237.22
113251,1006,2023-07-07,completed,637.0
113253,1022,2024-04-16,cancelled,2391.35
113254,1013,2025-03-03,pending,5786.41
113255,1047,2024-11-11,completed,4735.56
113256,1048,2023-02-04,shipped,779.73
113257,1050,2024-01-05,completed,5281.46
113258,1007,2024-04-27,shipped,2958.21
113259,1012,2024-09-27,cancelled,1164.55
113260,1011,2025-06-10,pending,3244.5
113261,1008,2023-04-13,cancelled,291.78
113262,1006,2023-08-25,pending,4069.05
113263,1009,2025-11-25,completed,274.5
113264,1014,2024-08-15,completed,2973.05
113265,1043,2024-04-01,shipped,2662.76
113266,1030,2024-11-14,completed,437.94
113267,1031,2025-03-10,shipped,1026.1
113268,1013,2025-07-10,completed,1600.13
113269,1015,2023-11-20,cancelled,4673.28
113270,1025,2024-03-02,shipped,2596.4
113271,1042,2024-08-19,completed,3810.44
113272,1017,2023-05-24,completed,3051.36
113273,1041,2024-02-09,refunded,4019.2
113274,1002,2024-11-07,shipped,1472.26
113275,1026,2023-03-04,pending,530.26
113276,1048,2025-04-01,refunded,1671.11
113277,1032,2025-09-20,completed,4898.88
113278,1050,2024-03-05,completed,2095.47
113279,1036,2025-12-15,pending,1154.82
113280,1030,2025-01-28,refunded,252.78
113281,1039,2023-07-22,pending,3952.26
113282,1048,2025-09-16,pending,4523.59
113283,1021,2024-02-18,completed,1042.12
113284,1041,2023-09-29,refunded,2441.07
113285,1037,2025-09-08,pending,2984.34
113286,1004,2025-05-13,completed,5136.5
113287,1011,2025-07-13,completed,1472.09
113288,1012,2023-03-03,completed,6143.45
113289,1034,2023-02-18,shipped,5082.68
113290,1043,2024-07-22,completed,1538.08
113291,1032,2025-12-18,pending,4989.43
113292,1049,2025-07-04,shipped,2539.1
113293,1039,2023-09-05,cancelled,265.12
113294,1041,2025-09-24,refunded,292.69
113295,1006,2025-05-23,shipped,3258.89
113296,1012,2025-03-11,refunded,2327.26
113297,1007,2025-09-07,pending,3142.3
113298,1043,2023-06-11,completed,2680.0
113299,1044,2024-05-05,shipped,2708.35
113300,1013,2024-08-07,completed,2411.82
113301,1040,2024-08-19,pending,3722.05
113302,1027,2025-07-27,pending,1781.2
113303,1041,2024-09-06,completed,421.5
113304,1009,2025-09-10,pending,590.96
113305,1040,2024-11-15,pending,4915.4
113306,1009,2023-12-01,pending,3837.68
113308,1003,2023-04-23,completed,3466.86
113309,1013,2024-05-18,completed,971.06
113310,1024,2025-02-20,completed,63.9
113311,1009,2023-12-11,completed,3612.69
113312,1007,2025-04-27,shipped,3482.48
113313,1017,2023-08-24,completed,2265.74
113314,1008,2025-02-01,pending,1569.32
113315,1020,2023-01-01,pending,4140.82
113316,1036,2023-08-06,shipped,88.0
113317,1012,2024-03-17,cancelled,1388.88
113319,1049,2024-10-22,pending,5074.4
113320,1018,2025-09-06,refunded,1384.5
113321,1039,2025-03-18,completed,2656.52
113322,1023,2025-09-08,pending,207.79
113323,1035,2025-04-05,pending,1593.32
113324,1021,2025-06-19,refunded,4165.34
113325,1028,2025-04-22,pending,780.21
113326,1022,2024-04-08,shipped,1786.14
113327,1031,2025-12-29,completed,1161.92
113328,1033,2024-02-10,cancelled,545.6
113329,1043,2023-09-23,cancelled,3947.83
113330,1050,2025-11-22,completed,1482.27
113331,1049,2024-06-01,pending,9290.34
113332,1010,2024-07-20,pending,2455.24
113333,1038,2024-10-02,pending,127.35
113334,1040,2024-05-23,shipped,3309.93
113335,1030,2024-08-11,completed,3906.02
113336,1048,2025-08-10,completed,3127.45
113337,1028,2023-03-06,cancelled,3983.94
113338,1013,2025-12-23,completed,3167.27
113339,1034,2025-11-05,shipped,2637.13
113340,1017,2023-02-18,shipped,2388.28
113341,1046,2023-02-08,completed,3401.67
113342,1025,2024-10-20,completed,2305.44
113343,1007,2025-03-28,pending,495.72
113344,1026,2023-03-22,completed,2550.72
113345,1036,2024-03-23,completed,4172.56
113346,1032,2024-10-09,refunded,3002.19
113347,1031,2024-07-11,completed,1823.06
113348,1006,2024-10-31,cancelled,5920.9
113349,1003,2023-10-25,pending,2060.64
113350,1015,2023-07-10,refunded,1770.19
113351,1020,2025-07-08,refunded,466.92
113352,1039,2024-02-09,completed,2288.98
113353,1001,2024-11-04,refunded,2341.24
113354,1025,2023-11-13,completed,1002.86
113355,1044,2024-06-09,pending,4374.15
113356,1029,2025-02-13,pending,1487.3
113358,1010,2023-12-25,refunded,405.2
113359,1027,2025-01-15,cancelled,1529.54
113360,1024,2023-05-14,completed,1974.37
113361,1028,2024-09-20,cancelled,691.93
113362,1039,2025-09-24,cancelled,693.96
113363,1047,2025-04-15,refunded,3310.18
113364,1014,2024-06-07,pending,1690.37
113365,1042,2025-01-11,pending,2119.08
113366,1016,2023-09-19,refunded,1637.56
113367,1021,2024-07-28,pending,4668.67
113368,1001,2023-12-22,completed,46.98
113369,1028,2023-04-17,refunded,1915.35
113371,1013,2025-11-16,completed,1184.7
113372,1012,2025-11-10,completed,2793.79
113373,1045,2024-03-06,completed,1102.64
113374,1035,2024-06-20,completed,3040.57
113375,1032,2025-05-30,refunded,3171.72
113376,1021,2025-05-15,cancelled,6331.27
113377,1006,2027-04-29,completed,4453.69
113378,1006,2024-05-23,completed,1058.64
113379,1045,2025-07-20,refunded,1468.59
113380,1023,2024-06-10,completed,1744.01
113382,1013,2024-07-13,completed,3192.5
113384,1025,2024-10-11,completed,3201.78
113385,1016,2023-10-11,completed,776.64
113386,1016,2024-12-09,completed,2855.92
113388,1019,2025-05-05,completed,1593.36
113389,1049,2023-05-02,shipped,450.08
113390,1030,2025-06-01,completed,190.82
113391,1023,2024-12-15,shipped,1806.49
113392,1033,2025-06-19,completed,2600.56
113393,1038,2023-01-03,completed,418.56
113394,1048,2024-07-12,completed,3013.12
113395,1041,2024-05-27,refunded,751.28
113396,1018,2023-02-03,completed,3508.89
113397,1027,2023-02-04,shipped,2781.36
113398,1030,2024-03-07,shipped,795.45
113399,1004,2023-04-08,shipped,2831.62
113400,1045,2023-01-31,cancelled,5324.66
113401,1026,2023-02-25,completed,768.06
113402,1035,2024-03-04,cancelled,2311.78
113403,1033,2025-03-06,completed,4348.66
113404,1023,2025-01-16,cancelled,1410.16
113405,1020,2024-12-10,pending,1423.88
113406,1043,2025-10-31,shipped,6857.83
113407,1046,2025-02-26,cancelled,4908.81
113408,1038,2024-03-25,shipped,4528.65
113409,1037,2024-08-15,completed,5237.09
113410,1029,2024-12-20,shipped,3310.2
113411,1022,2024-12-24,pending,1315.44
113412,1035,2025-12-22,refunded,2312.5
113413,1017,2023-01-31,refunded,229.44
113414,1035,2025-09-14,cancelled,2698.6
113415,1039,2025-11-09,shipped,5258.57
113416,1024,2024-02-11,cancelled,6522.03
113417,1047,2025-06-04,cancelled,3160.41
113418,1042,2025-12-06,pending,1584.28
113419,1002,2023-02-06,refunded,246.12
113420,1034,2025-05-09,cancelled,2394.19
113421,1014,2025-02-11,pending,877.98
113422,1034,2026-08-24,pending,3677.47
113423,1014,2025-12-30,shipped,3089.82
113424,1002,2025-12-01,refunded,3788.26
113425,1016,2023-03-07,completed,2110.63
113426,1016,2024-11-30,completed,2767.33
113427,1011,2025-03-30,completed,2706.43
113428,1037,2024-08-11,shipped,5389.35
113429,1040,2025-03-27,shipped,4814.53
113430,1036,2025-10-10,shipped,965.58
113431,1043,2023-11-02,cancelled,5766.17
113432,1024,2024-07-04,cancelled,3728.58
113433,1010,2023-07-27,pending,5152.76
113434,1031,2023-01-01,completed,4924.53
113435,1022,2024-02-06,pending,2669.5
113436,1013,2024-01-04,cancelled,2400.64
113437,1021,2023-05-28,pending,1995.72
113438,1032,2024-06-01,pending,2302.44
113439,1050,2025-03-14,cancelled,1660.51
113440,1028,2025-09-17,completed,1510.53
113441,1046,2024-03-26,completed,182.48
113442,1047,2025-05-10,completed,3987.98
113443,1008,2023-02-21,completed,909.72
113444,1024,2024-01-30,cancelled,2195.8
113445,1029,2025-03-02,cancelled,3080.48
113446,1035,2024-03-29,completed,860.11
113447,1027,2023-04-06,refunded,2812.33
113448,1028,2024-08-27,refunded,1867.02
113449,1019,2025-02-12,cancelled,2395.94
113450,1009,2023-03-19,pending,2133.83
113451,1033,2024-08-30,shipped,994.5
113452,1030,2024-04-26,pending,2955.97
113453,1032,2024-03-10,refunded,1564.95
113454,1021,2025-02-21,completed,3457.81
113455,1031,2025-08-29,completed,5117.63
113456,1027,2025-03-16,pending,1051.82
113457,1005,2024-04-30,pending,1130.43
113458,1028,2023-12-03,completed,3923.96
113459,1026,2023-08-30,completed,1586.72
113460,1006,2023-02-22,cancelled,1947.25
113462,1020,2025-12-27,completed,3132.34
113463,1003,2023-07-14,completed,714.3
113464,1041,2025-03-11,pending,1608.62
113465,1021,2025-05-27,completed,2577.66
113466,1003,2025-01-28,refunded,2531.13
113467,1038,2023-02-13,refunded,1896.16
113468,1014,2025-03-27,pending,473.84
113469,1014,2024-10-17,shipped,1878.33
113470,1023,2024-07-26,pending,1402.1
113471,1025,2023-06-20,refunded,1437.97
113472,1021,2024-03-21,refunded,664.72
113473,1042,2025-12-19,shipped,3175.11
113474,1044,2025-04-03,completed,576.15
113475,1008,2023-03-30,completed,2047.85
113476,1036,2024-03-14,completed,4140.16
113477,1040,2023-02-20,shipped,1516.0
113478,1025,2023-12-23,refunded,2969.71
113479,1024,2023-03-08,completed,1092.0
113480,1046,2025-08-17,completed,2315.31
113481,1036,2024-12-12,refunded,2752.32
113482,1042,2025-06-08,refunded,823.25
113483,1037,2025-05-19,shipped,490.8
113484,1030,2023-06-15,pending,1326.83
113485,1014,2023-10-16,completed,402.33
113486,1006,2024-12-15,completed,4337.53
113487,1048,2023-12-25,completed,3233.64
113488,1008,2023-03-01,refunded,3194.98
113490,1009,2024-06-12,refunded,2931.58
113491,1008,2023-01-27,cancelled,1094.58
113492,1018,2025-05-29,completed,4847.71
113493,1006,2025-01-22,completed,3520.37
113494,1027,2024-04-19,pending,3737.74
113495,1004,2025-08-09,completed,763.1
113496,1002,2023-10-01,completed,3921.29
113497,1030,2025-11-23,completed,517.9
113498,1016,2023-07-14,refunded,847.63
113499,1001,2025-05-01,completed,51.13
113500,1029,2023-09-21,completed,324.51
113501,1004,2025-05-06,completed,5323.09
113502,1031,2025-07-13,completed,2704.5
113503,1049,2023-01-14,shipped,617.73
113504,1041,2025-06-06,pending,3293.47
113505,1030,2024-09-21,completed,195.46
113506,1046,2024-04-26,refunded,3814.94
113507,1001,2024-09-28,shipped,2640.75
113508,1014,2024-01-28,pending,758.32
113509,1045,2024-01-16,completed,5570.41
113510,1048,2025-06-28,shipped,2387.2
113511,1019,2025-10-03,pending,2416.31
113512,1017,2024-03-28,refunded,1847.77
113513,1048,2023-07-01,cancelled,16.06
113514,1038,2023-03-11,cancelled,2420.82
113515,1016,2024-05-25,pending,2679.74
113516,1030,2023-03-03,completed,2389.37
113517,1013,2023-02-04,completed,3779.32
113518,1017,2023-05-07,pending,3208.11
113519,1046,2023-06-07,cancelled,2547.33
113520,1013,2023-07-19,shipped,2049.05
113521,1033,2024-03-31,completed,3330.12
113522,1005,2024-09-20,pending,2114.31
113523,1028,2025-05-07,cancelled,5436.82
113524,1017,2024-12-06,cancelled,1452.96
113525,1038,2024-04-15,refunded,2415.34
113526,1029,2024-08-19,pending,2342.32
113527,1001,2023-02-05,completed,3170.28
113528,1029,2025-11-08,completed,918.62
113529,1049,2025-04-16,completed,1822.48
113530,1025,2024-01-31,shipped,2037.97
113531,1029,2024-12-20,cancelled,8390.56
113532,1036,2024-06-22,completed,2085.0
113533,1050,2024-02-24,completed,2299.71
113534,1027,2025-12-16,cancelled,1433.64
113535,1005,2025-12-05,pending,3145.02
113536,1042,2024-05-24,pending,800.31
113537,1030,2024-06-17,cancelled,1005.07
113538,1033,2025-03-04,completed,2785.2
113539,1021,2025-10-02,completed,2981.33
113540,1042,2025-04-13,pending,796.8
113541,1032,2024-02-16,pending,2029.14
113543,1007,2024-09-10,pending,3639.15
113544,1011,2023-12-19,refunded,6884.14
113545,1017,2025-05-11,completed,3191.72
113546,1009,2023-03-24,completed,2157.42
113547,1033,2025-12-13,pending,961.36
113548,1037,2025-09-03,completed,1579.77
113549,1045,2024-01-19,shipped,128.59
113550,1049,2025-08-10,pending,5625.51
113551,1040,2023-01-15,refunded,1710.2
113552,1021,2025-06-24,completed,6350.98
113553,1001,2025-08-15,completed,745.01
113554,1043,2023-09-22,pending,2831.76
113555,1007,2025-04-01,refunded,4740.17
113556,1050,2023-08-24,shipped,129.28
113557,1047,2025-09-03,completed,2363.44
113558,1047,2024-05-21,cancelled,5158.32
113559,1044,2024-08-31,completed,4536.17
113560,1019,2023-03-01,cancelled,3379.17
113561,1014,2023-01-15,completed,4129.95
113562,1040,2025-06-19,cancelled,5981.09
113563,1026,2025-12-14,pending,1951.22
113564,1008,2024-10-01,pending,2695.37
113565,1038,2023-08-24,shipped,282.27
113566,1035,2023-09-01,pending,4008.83
113567,1008,2025-10-11,refunded,2214.4
113568,1012,2024-12-18,completed,4624.81
113569,1040,2023-09-19,completed,680.56
113570,1048,2023-09-01,refunded,570.48
113571,1047,2024-01-23,refunded,579.69
113572,1005,2023-08-09,pending,1573.23
113573,1043,2024-12-23,pending,4829.4
113574,1030,2024-06-20,completed,41.95
113575,1026,2023-08-12,cancelled,2448.61
113576,1038,2025-08-05,shipped,1290.9
113577,1014,2023-06-12,completed,2058.58
113578,1015,2025-11-03,completed,208.16
113579,1007,2024-10-03,completed,1049.16
113580,1017,2023-01-17,completed,2778.48
113582,1028,2025-08-30,completed,2338.54
113583,1018,2025-09-30,completed,523.26
113584,1015,2025-02-27,shipped,774.91
113585,1012,2024-02-03,completed,541.49
113586,1017,2023-07-16,pending,592.78
113587,1010,2025-09-25,completed,158.96
113588,1024,2025-12-13,cancelled,1945.02
113589,1034,2023-11-24,shipped,1097.56
113590,1040,2025-04-04,refunded,2829.66
113591,1044,2025-03-07,shipped,345.74
113592,1033,2023-03-09,cancelled,1755.09
113593,1050,2025-08-09,completed,1515.53
113594,1014,2025-05-01,completed,2818.02
113596,1007,2023-09-23,completed,4870.11
113598,1009,2024-05-02,pending,2598.78
113599,1050,2024-01-01,completed,3260.12
113600,1047,2023-01-17,shipped,3543.25
113601,1007,2023-09-04,refunded,3463.08
113602,1024,2023-01-28,cancelled,2899.53
113603,1045,2023-01-01,completed,1308.44
113604,1008,2023-11-11,pending,3682.55
113605,1014,2025-09-08,completed,3530.17
113606,1027,2023-11-13,refunded,1358.1
113607,1003,2023-01-21,completed,5563.15
113608,1022,2023-05-09,pending,229.49
113609,1034,2023-12-15,completed,6594.81
113610,1048,2025-08-15,cancelled,2934.24
113611,1047,2023-08-20,completed,2326.55
113612,1011,2023-05-19,shipped,550.85
113613,1023,2023-01-06,cancelled,1265.87
113614,1020,2025-07-19,completed,2694.44
113616,1018,2023-12-08,shipped,1869.82
113617,1016,2023-11-13,shipped,4275.62
113618,1008,2024-11-11,refunded,6741.87
113619,1011,2024-09-19,completed,3177.95
113620,1036,2025-03-10,shipped,3901.36
113621,1015,2025-09-25,cancelled,2851.44
113622,1046,2024-10-25,shipped,3412.42
113623,1023,2023-10-16,refunded,1904.65
113624,1047,2024-05-06,completed,2961.77
113626,1046,2025-10-29,pending,1962.45
113627,1006,2023-11-01,cancelled,1937.63
113628,1015,2025-03-30,completed,2527.14
113629,1001,2023-07-19,completed,2660.38
113630,1046,2023-02-24,completed,301.1
113631,1047,2025-09-26,completed,3240.86
113632,1011,2023-11-03,pending,296.46
113633,1017,2023-04-27,refunded,91.6
113634,1028,2024-09-01,pending,708.93
113635,1014,2024-11-02,cancelled,2093.67
113636,1035,2023-03-28,pending,748.27
113637,1013,2025-11-06,cancelled,38.88
113639,1041,2023-07-16,completed,2404.18
113640,1028,2023-06-15,shipped,981.0
113641,1004,2023-09-05,cancelled,1687.39
113642,1045,2024-07-26,refunded,279.88
113643,1041,2025-09-17,shipped,122.35
113644,1010,2023-04-01,refunded,5464.45
113645,1009,2024-01-12,refunded,7541.18
113646,1046,2025-03-25,cancelled,3945.66
113647,1005,2023-02-15,cancelled,750.6
113648,1027,2023-02-13,shipped,948.94
113649,1046,2023-02-16,pending,3577.06
113650,1010,2023-06-14,pending,2801.69
113651,1022,2024-03-06,cancelled,3307.03
113652,1002,2024-10-21,completed,4656.63
113653,1045,2023-09-21,completed,2861.56
113654,1014,2025-02-04,pending,872.1
113655,1001,2024-07-03,refunded,4153.42
113656,1024,2023-01-28,completed,1026.82
113657,1032,2023-08-16,refunded,5752.9
113658,1041,2023-11-09,cancelled,1578.1
113659,1004,2024-08-07,cancelled,1650.73
113660,1046,2023-10-05,completed,3161.42
113661,1049,2023-03-23,cancelled,3908.43
113662,1043,2023-10-12,cancelled,487.77
113663,1027,2025-05-20,shipped,1483.74
113664,1018,2025-08-26,pending,6450.15
113665,1008,2024-08-11,pending,4831.15
113666,1048,2025-07-27,completed,2386.14
113667,1017,2023-04-22,shipped,903.31
113668,1032,2025-06-19,cancelled,6285.7
113669,1013,2023-03-02,completed,1843.01
113670,1026,2023-04-27,cancelled,943.37
113671,1039,2025-05-05,completed,565.43
113672,1014,2024-09-21,refunded,2503.81
113673,1024,2025-10-31,refunded,552.25
113674,1026,2023-10-03,cancelled,2576.33
113675,1024,2024-02-03,completed,1970.63
113676,1046,2025-09-03,pending,2907.65
113677,1009,2025-06-05,refunded,1268.3
113678,1006,2024-01-19,refunded,2308.7
113679,1002,2024-12-05,completed,4268.66
113680,1032,2024-12-11,completed,3694.06
113681,1048,2024-10-25,shipped,532.74
113682,1022,2025-05-22,pending,1811.68
113683,1004,2025-10-22,shipped,1583.69
113684,1043,2025-03-31,refunded,2087.57
113685,1031,2025-08-26,completed,3528.7
113686,1035,2023-04-21,completed,6771.73
113687,1015,2025-04-09,completed,3003.22
113688,1039,2024-05-25,completed,551.12
113689,1046,2025-11-09,completed,5888.38
113690,1042,2025-11-07,completed,1169.72
113691,1031,2024-08-10,cancelled,862.04
113692,1026,2025-01-31,completed,4838.27
113693,1037,2025-02-28,refunded,3675.12
113694,1001,2023-03-24,shipped,3875.24
113695,1028,2023-08-05,shipped,5986.7
113696,1015,2025-03-17,completed,3687.3
113697,1047,2025-06-21,cancelled,1126.71
113698,1010,2024-10-29,completed,187.52
113699,1030,2025-12-10,cancelled,1698.23
113700,1042,2023-11-07,completed,2864.91
113701,1003,2025-07-31,cancelled,3478.2
113702,1024,2025-11-30,refunded,2741.27
113703,1002,2025-02-11,cancelled,43.68
113704,1036,2024-08-26,pending,3018.92
113705,1008,2024-06-24,shipped,1685.56
113706,1045,2025-11-30,shipped,4036.04
113707,1040,2023-07-23,completed,1081.94
113708,1004,2024-07-09,completed,1069.12
113709,1014,2024-02-25,completed,731.79
113710,1018,2025-03-10,shipped,495.4
113711,1019,2024-03-10,shipped,727.05
113712,1014,2025-03-11,cancelled,5958.89
113713,1016,2025-12-14,pending,2269.43
113714,1043,2025-02-23,cancelled,3085.28
113715,1008,2023-04-25,completed,546.31
113716,1014,2025-04-28,completed,966.79
113717,1018,2023-05-18,pending,2155.85
113718,1014,2023-03-16,refunded,1790.54
113719,1036,2024-10-19,cancelled,815.38
113720,1025,2025-05-09,completed,1467.44
113721,1043,2025-09-30,completed,3507.5
113722,1022,2025-12-24,completed,768.53
113723,1008,2025-01-22,refunded,5488.03
113724,1001,2025-06-23,shipped,1719.09
113725,1014,2023-07-12,completed,844.53
113726,1038,2023-07-05,completed,2908.89
113727,1002,2024-05-10,refunded,5816.33
113728,1018,2025-12-01,cancelled,507.79
113729,1030,2024-09-20,completed,2280.9
113730,1044,2024-06-19,shipped,1594.2
113732,1035,2024-02-18,refunded,4105.43
113733,1027,2025-11-23,cancelled,1297.69
113734,1044,2024-12-12,refunded,4860.52
113735,1023,2023-07-28,pending,235.81
113736,1041,2025-08-10,refunded,2186.88
113737,1042,2023-07-30,shipped,637.72
113738,1036,2025-04-23,completed,3744.12
113739,1033,2023-04-23,completed,8344.86
113740,1014,2024-06-09,completed,330.7
113741,1026,2023-06-02,pending,3288.05
113742,1005,2027-03-28,pending,1179.8
113743,1041,2024-08-30,completed,6370.2
113744,1024,2025-04-30,completed,3103.7
113745,1037,2025-02-07,completed,4398.96
113746,1041,2025-03-26,completed,4722.22
113747,1011,2024-01-03,refunded,3625.74
113748,1026,2025-10-11,refunded,3952.01
113749,1030,2023-11-05,completed,5489.44
113750,1041,2023-06-30,cancelled,3198.83
113751,1046,2024-04-11,refunded,2507.3
113752,1032,2025-08-30,cancelled,1288.79
113753,1006,2025-02-19,completed,2122.62
113754,1008,2024-09-30,completed,3390.57
113755,1014,2023-04-16,refunded,8360.25
113756,1045,2024-05-18,completed,4757.98
113757,1034,2023-11-11,completed,229.21
113758,1020,2024-10-16,completed,2617.54
113759,1026,2024-04-30,refunded,5542.47
113760,1031,2023-06-07,completed,5254.89
113761,1041,2023-01-09,completed,1469.09
113762,1004,2023-10-04,completed,3830.64
113763,1036,2023-12-05,completed,1294.48
113764,1026,2025-10-04,refunded,1495.41
113766,1038,2024-04-06,completed,2755.56
113767,1049,2025-01-02,completed,2661.52
113769,1007,2023-05-10,refunded,4880.06
113770,1037,2024-06-17,shipped,2144.9
113771,1043,2025-06-17,shipped,509.04
113772,1026,2023-03-28,refunded,2357.47
113773,1005,2025-01-06,cancelled,3621.91
113774,1007,2024-02-19,completed,4913.93
113775,1049,2023-09-15,cancelled,914.64
113776,1024,2024-08-14,completed,2959.84
113777,1025,2025-01-28,completed,1199.17
113779,1024,2024-10-06,completed,508.02
113780,1046,2025-03-13,refunded,3281.75
113781,1015,2023-03-21,pending,3051.68
113782,1011,2025-03-23,pending,326.54
113783,1034,2023-09-30,completed,915.08
113784,1026,2024-01-08,completed,3529.24
113785,1049,2023-05-06,completed,2061.0
113786,1026,2023-08-04,refunded,1017.16
113787,1030,2025-08-19,cancelled,3622.77
113788,1022,2025-02-20,completed,206.1
113789,1022,2023-06-10,cancelled,1218.61
113790,1043,2023-07-06,cancelled,3031.71
113791,1033,2023-04-12,shipped,2167.1
113792,1033,2023-10-01,completed,4002.59
113793,1017,2025-04-22,refunded,1809.2
113794,1041,2023-09-05,completed,4584.28
113795,1014,2023-09-27,completed,6675.11
113796,1032,2024-09-02,completed,5820.69
113797,1034,2023-11-16,completed,2278.25
113798,1038,2023-11-01,cancelled,3919.2
113799,1024,2023-04-25,completed,3099.02
113800,1002,2023-09-23,shipped,1639.66
113801,1008,2023-12-17,cancelled,3621.44
113802,1016,2024-06-26,completed,3632.32
113803,1010,2025-09-27,completed,2090.36
113804,1045,2024-04-22,completed,1504.26
113805,1048,2024-10-22,completed,5186.28
113806,1050,2025-09-19,completed,5028.25
113807,1041,2025-11-29,pending,2204.12
113808,1042,2025-02-08,completed,673.8
113809,1003,2025-07-19,shipped,3754.46
113810,1048,2024-03-17,completed,1783.16
113811,1009,2023-01-08,completed,2692.95
113812,1026,2027-01-02,shipped,1872.63
113813,1039,2024-05-18,pending,2434.5
113815,1036,2025-09-20,completed,2492.93
113816,1001,2024-11-15,pending,190.22
113817,1050,2023-12-02,completed,1377.51
113818,1001,2024-02-10,completed,310.5
113819,1044,2024-08-19,refunded,390.3
113820,1019,2025-08-21,pending,2096.88
113821,1008,2024-02-05,cancelled,2284.11
113822,1036,2024-09-07,shipped,5608.14
113823,1001,2024-07-26,completed,2104.74
113824,1035,2023-12-06,completed,4462.68
113825,1036,2024-04-01,shipped,1508.19
113826,1036,2023-06-19,shipped,1173.47
113827,1035,2024-10-28,cancelled,3416.34
113828,1012,2024-11-22,completed,5700.04
113829,1017,2025-09-20,completed,2380.77
113830,1026,2024-08-19,cancelled,545.13
113831,1043,2024-07-23,completed,4798.4
113832,1034,2024-11-24,completed,1885.0
113833,1040,2023-11-14,refunded,243.56
113834,1017,2025-06-25,completed,2322.97
113835,1010,2024-03-27,cancelled,3742.52
113836,1026,2024-12-14,completed,980.79
113837,1018,2023-11-17,shipped,1886.04
113838,1015,2024-02-07,pending,273.2
113839,1036,2024-12-22,refunded,1606.88
113840,1037,2024-04-24,cancelled,3462.75
113841,1015,2025-11-07,shipped,3544.04
113842,1020,2023-06-13,refunded,2021.83
113843,1045,2023-02-14,completed,709.87
113844,1045,2024-07-02,shipped,4994.39
113845,1027,2024-12-08,shipped,3497.36
113846,1046,2024-01-15,refunded,3029.97
113847,1038,2023-09-22,completed,232.36
113848,1024,2024-01-27,completed,2185.46
113849,1028,2025-05-12,shipped,1797.83
113850,1006,2024-09-13,refunded,4051.25
113851,1042,2025-07-23,pending,133.9
113852,1034,2024-12-17,cancelled,2304.41
113853,1009,2024-07-04,completed,1631.83
113854,1047,2025-02-18,completed,1517.68
113855,1010,2025-02-19,completed,1208.94
113856,1003,2023-10-13,refunded,1584.63
113857,1021,2023-01-02,completed,2340.59
113858,1017,2023-09-24,cancelled,4264.99
113859,1014,2024-06-25,completed,1526.63
113860,1022,2023-05-08,refunded,774.92
113861,1035,2025-04-20,cancelled,2834.03
113862,1033,2023-05-27,pending,4658.74
113863,1050,2025-07-01,cancelled,491.28
113864,1027,2024-06-27,cancelled,4324.42
113865,1043,2025-04-03,pending,6352.97
113866,1001,2024-02-15,refunded,1890.36
113867,1023,2024-08-14,completed,4983.6
113868,1025,2023-11-16,pending,1952.14
113869,1032,2024-04-05,pending,3325.97
113870,1038,2024-08-27,completed,3039.39
113871,1004,2024-03-01,completed,2936.86
113872,1036,2024-06-29,refunded,716.96
113873,1045,2023-05-14,cancelled,1237.45
113874,1008,2025-04-22,completed,3260.16
113875,1013,2023-03-03,cancelled,485.17
113876,1021,2023-06-09,completed,3374.06
113877,1034,2025-01-14,cancelled,1899.87
113878,1041,2025-04-02,shipped,1903.92
113879,1009,2025-06-16,pending,4895.73
113880,1015,2025-06-16,cancelled,642.19
113881,1042,2024-08-17,completed,2708.77
113882,1026,2024-04-21,pending,642.6
113883,1003,2023-03-03,shipped,1458.22
113884,1020,2023-03-23,completed,1103.18
113885,1032,2023-08-12,completed,2290.87
113886,1007,2024-08-16,refunded,694.24
113887,1012,2025-03-13,cancelled,583.56
113888,1030,2023-09-21,completed,2354.3
113889,1043,2025-09-14,cancelled,2797.43
113890,1025,2023-02-10,completed,1586.04
113891,1027,2023-05-23,cancelled,661.56
113892,1002,2023-05-07,completed,460.09
113893,1020,2023-05-27,refunded,1144.36
113894,1025,2023-12-21,completed,3507.73
113895,1025,2024-03-01,cancelled,6175.81
113896,1027,2024-08-15,completed,586.97
113897,1027,2023-05-31,pending,1870.84
113898,1017,2024-07-16,completed,187.68
113899,1047,2024-12-13,refunded,2033.75
113900,1047,2023-06-30,cancelled,2078.28
113901,1009,2025-07-22,completed,2463.69
113902,1024,2025-04-30,refunded,1441.08
113903,1015,2025-01-02,completed,5014.09
113904,1007,2024-06-26,completed,2800.03
113905,1045,2023-05-28,pending,1191.36
113906,1031,2024-12-20,completed,2645.09
113907,1004,2025-07-26,completed,2549.34
113908,1045,2023-05-14,refunded,4646.72
113909,1031,2025-03-06,completed,6352.33
113910,1031,2023-09-08,completed,1724.1
113911,1035,2025-06-08,refunded,6806.54
113912,1040,2023-07-17,completed,4910.84
113913,1040,2024-01-30,completed,4179.26
113914,1015,2023-08-04,refunded,947.66
113915,1024,2024-10-28,cancelled,1363.12
113916,1035,2025-10-18,completed,3639.07
113917,1018,2023-09-06,completed,423.4
113918,1028,2025-10-19,completed,827.96
113919,1033,2025-06-17,completed,2075.39
113920,1044,2024-09-19,refunded,2591.86
113921,1043,2023-12-29,completed,1681.82
113922,1020,2025-06-13,refunded,2022.8
113923,1017,2025-05-27,shipped,2034.8
113924,1039,2024-04-16,pending,1207.76
113925,1011,2023-01-31,cancelled,182.19
113926,1028,2024-05-01,refunded,2192.08
113927,1023,2023-07-21,cancelled,2488.63
113928,1025,2023-05-01,refunded,6445.31
113929,1031,2025-10-31,completed,2857.96
113930,1019,2025-07-14,completed,3334.65
113933,1016,2023-10-05,cancelled,582.35
113934,1007,2024-01-14,shipped,423.61
113935,1020,2024-09-18,completed,1020.32
113936,1013,2024-06-10,completed,3688.43
113937,1014,2024-06-26,completed,2951.18
113938,1026,2024-11-08,completed,3250.15
113939,1015,2024-06-17,completed,2853.39
113940,1019,2025-12-26,pending,5038.56
113941,1001,2025-03-17,completed,2341.75
113942,1026,2023-06-20,completed,588.68
113944,1010,2023-12-17,cancelled,1317.7
113945,1033,2025-08-17,refunded,460.38
113946,1021,2023-02-09,pending,1630.81
113947,1013,2025-10-16,shipped,1564.11
113948,1003,2025-02-28,pending,810.64
113949,1005,2023-01-24,completed,532.11
113950,1040,2023-10-03,completed,5870.54
113951,1014,2024-04-01,completed,1450.62
113952,1036,2024-03-24,cancelled,3508.51
113953,1003,2024-12-28,shipped,5728.91
113954,1016,2024-01-05,completed,1046.3
113955,1029,2025-02-28,refunded,1972.14
113956,1025,2023-12-02,completed,1162.56
113957,1011,2023-11-06,refunded,2320.15
113958,1017,2023-08-28,completed,2178.88
113959,1027,2025-04-01,cancelled,4952.7
113960,1011,2025-05-07,pending,1658.5
113961,1025,2023-06-29,shipped,4739.07
113962,1013,2024-05-05,completed,5286.59
113963,1016,2024-01-05,cancelled,1869.25
113964,1049,2025-09-04,pending,5193.0
113965,1025,2025-04-23,refunded,4974.63
113966,1037,2024-04-13,completed,2972.9
113967,1026,2024-12-10,pending,1526.77
113968,1015,2025-04-08,pending,2228.02
113969,1046,2024-11-28,completed,2604.65
113970,1015,2023-02-24,completed,2401.96
113971,1017,2023-04-10,shipped,1528.59
113972,1026,2024-03-22,pending,2370.84
113973,1047,2024-01-18,completed,591.41
113974,1026,2025-10-31,completed,1075.4
113975,1001,2025-01-29,completed,4846.85
113976,1011,2023-06-09,shipped,1492.08
113977,1032,2023-05-19,completed,3271.3
113978,1049,2023-05-15,completed,4040.1
113979,1012,2024-01-04,cancelled,1685.04
113980,1002,2023-03-28,pending,2841.13
113981,1022,2023-08-29,cancelled,2507.25
113982,1013,2024-09-27,shipped,1729.66
113983,1007,2025-10-07,completed,2401.22
113985,1032,2024-04-30,refunded,4282.6
113986,1002,2025-07-10,completed,75.0
113987,1031,2023-07-11,refunded,1301.42
113988,1045,2025-06-17,completed,1008.12
113989,1041,2023-03-25,completed,1293.21
113990,1015,2024-11-25,refunded,789.64
113991,1045,2023-08-04,refunded,1849.45
113992,1035,2023-09-28,shipped,589.33
113993,1009,2024-05-22,pending,6029.16
113994,1011,2024-02-10,completed,2954.09
113995,1042,2025-10-12,shipped,4365.46
113996,1049,2025-01-07,pending,5950.73
113997,1023,2024-02-21,refunded,2899.24
113998,1044,2023-06-03,completed,4868.31
113999,1042,2025-10-08,completed,1135.98
114000,1005,2023-10-07,completed,1560.78
114001,1027,2023-12-16,pending,2641.62
114002,1037,2023-02-22,pending,1859.76
114003,1031,2023-01-05,completed,1800.2
114004,1024,2023-10-21,shipped,1886.49
114005,1040,2024-05-05,completed,1587.92
114006,1024,2025-04-09,shipped,451.2
114007,1010,2023-02-20,pending,151.26
114008,1008,2025-12-01,refunded,523.59
114009,1049,2023-08-22,pending,702.48
114010,1005,2023-02-07,pending,4780.4
114011,1012,2024-06-28,completed,2477.11
114012,1021,2024-08-14,cancelled,1386.44
114013,1019,2025-03-27,completed,4441.41
114014,1032,2023-10-17,cancelled,3208.57
114015,1018,2025-08-12,refunded,809.18
114016,1001,2023-09-28,completed,2096.44
114017,1023,2024-07-04,cancelled,258.96
114018,1034,2023-03-19,cancelled,2232.6
114019,1007,2024-01-04,cancelled,3807.82
114020,1046,2025-04-24,cancelled,1220.21
114021,1029,2023-10-19,cancelled,4694.89
114022,1048,2024-10-11,shipped,4379.23
114023,1040,2025-03-31,refunded,4491.98
114024,1036,2024-03-20,cancelled,4623.78
114025,1046,2024-07-16,completed,894.59
114026,1008,2023-05-10,completed,246.68
114027,1009,2024-08-25,pending,1781.14
114028,1043,2024-09-14,completed,3441.42
114029,1016,2024-04-04,cancelled,769.16
114030,1048,2024-04-19,refunded,2923.86
114031,1013,2023-03-17,refunded,3823.83
114032,1002,2024-11-05,completed,2375.84
114033,1012,2025-08-16,completed,5035.49
114034,1030,2024-03-18,shipped,1096.49
114035,1035,2024-06-06,cancelled,1029.34
114036,1034,2023-01-27,completed,1503.45
114037,1015,2023-12-06,pending,3114.38
114039,1034,2024-12-01,refunded,642.87
114040,1020,2025-03-29,cancelled,4851.36
114041,1034,2023-05-23,completed,2661.96
114042,1005,2025-05-23,pending,1444.71
114043,1012,2025-12-07,pending,1744.73
114044,1048,2023-02-10,pending,2084.7
114046,1013,2025-11-01,pending,2686.25
114047,1019,2023-11-24,completed,5567.86
114048,1050,2025-01-26,completed,995.37
114049,1009,2024-03-23,refunded,3815.7
114050,1014,2023-03-27,cancelled,1327.51
114051,1014,2024-08-26,completed,1479.73
114053,1010,2024-04-21,shipped,6501.36
114054,1036,2025-12-15,cancelled,2805.41
114055,1012,2025-03-09,refunded,741.63
114056,1040,2023-09-03,completed,4486.83
114057,1026,2025-03-12,completed,6373.21
114058,1045,2025-04-08,completed,4245.7
114059,1028,2024-04-01,completed,6426.53
114060,1025,2024-02-17,pending,3823.19
114061,1013,2023-08-02,completed,1587.33
114062,1018,2025-12-15,pending,863.45
114063,1028,2023-02-16,completed,868.54
114064,1039,2024-04-07,completed,4596.31
114065,1035,2023-05-25,shipped,2957.63
114066,1046,2024-05-30,completed,3290.35
114067,1037,2025-11-06,completed,501.22
114068,1030,2025-12-02,completed,2370.7
114069,1033,2024-09-21,completed,1048.99
114070,1038,2024-09-23,shipped,3979.28
114071,1036,2023-04-04,shipped,1723.65
114072,1015,2023-05-02,cancelled,1931.94
114073,1006,2025-06-26,pending,3177.8
114074,1045,2024-11-12,completed,3160.71
114075,1036,2024-10-19,cancelled,2957.12
114076,1019,2025-02-24,completed,980.2
114077,1002,2025-03-14,completed,1272.71
114078,1028,2025-03-07,completed,4298.3
114079,1004,2024-06-02,completed,3793.49
114080,1022,2024-12-30,refunded,770.34
114081,1021,2025-06-08,completed,6969.01
114082,1001,2024-10-09,pending,3864.68
114083,1006,2024-07-17,refunded,324.48
114084,1018,2023-11-17,completed,1371.75
114085,1043,2025-05-03,shipped,28.12
114086,1007,2025-06-27,completed,1123.9
114088,1021,2025-01-10,pending,2737.88
114089,1022,2023-05-04,pending,843.08
114090,1025,2025-03-11,completed,5118.04
114091,1023,2024-06-06,completed,2800.62
114092,1025,2024-09-19,cancelled,1437.29
114093,1044,2023-11-14,pending,3347.39
114094,1017,2024-02-19,completed,149.04
114095,1032,2025-05-23,pending,2769.05
114096,1004,2025-08-28,pending,350.72
114097,1024,2024-06-17,completed,2822.13
114098,1022,2025-08-22,completed,5461.54
114099,1036,2023-08-23,pending,940.89
114100,1023,2023-01-14,completed,4036.9
114101,1050,2023-12-01,refunded,4668.32
114102,1045,2025-06-02,completed,824.67
114103,1004,2025-02-09,completed,4608.8
114104,1047,2025-07-19,refunded,3686.76
114105,1024,2024-06-13,completed,3084.11
114106,1022,2025-11-10,shipped,5469.44
114107,1047,2025-07-08,shipped,2217.01
114108,1049,2024-04-30,cancelled,3390.22
114109,1035,2023-12-14,cancelled,3066.97
114110,1002,2024-06-20,completed,2830.13
114111,1005,2024-06-16,refunded,890.24
114112,1019,2025-10-29,cancelled,5861.01
114113,1028,2023-01-23,shipped,1225.45
114114,1048,2025-08-17,refunded,5054.4
114115,1002,2023-12-03,completed,5032.6
114116,1006,2024-05-06,shipped,218.56
114117,1007,2023-10-28,pending,2831.96
114118,1023,2024-12-24,cancelled,1075.52
114119,1015,2024-07-09,cancelled,3004.03
114120,1025,2024-04-05,completed,1544.62
114121,1019,2025-08-12,completed,2503.11
114122,1041,2024-09-28,refunded,3200.77
114123,1027,2024-07-28,completed,862.87
114124,1008,2024-06-15,refunded,1499.34
114125,1006,2025-05-18,shipped,3885.93
114126,1008,2023-04-06,cancelled,532.4
114127,1040,2024-02-13,cancelled,2934.6
114128,1043,2023-12-06,pending,4011.79
114129,1031,2023-08-01,completed,2610.3
114130,1036,2025-07-23,pending,5067.65
114131,1045,2023-06-24,pending,602.46
114132,1034,2025-04-06,completed,2949.87
114134,1048,2024-03-09,pending,2471.15
114135,1021,2024-04-25,shipped,283.12
114136,1028,2024-02-09,completed,824.28
114137,1028,2024-03-17,shipped,1717.23
114138,1049,2023-08-29,pending,3354.02
114139,1001,2023-09-04,completed,2436.85
114140,1013,2025-03-24,cancelled,3426.49
114141,1004,2025-06-02,pending,1003.99
114142,1006,2023-06-05,completed,2095.34
114143,1010,2025-08-09,cancelled,6607.43
114144,1040,2023-09-15,pending,1683.1
114145,1002,2025-05-17,completed,6601.33
114146,1030,2025-07-22,pending,3988.9
114147,1014,2023-07-08,completed,6033.15
114148,1003,2025-01-05,shipped,1462.64
114149,1008,2025-07-23,completed,4372.76
114150,1044,2024-01-29,completed,2607.39
114151,1025,2023-04-23,refunded,534.1
114152,1022,2024-08-21,completed,4230.52
114153,1039,2025-06-23,completed,328.76
114154,1042,2023-09-21,pending,4329.73
114155,1028,2023-07-16,completed,136.22
114156,1035,2025-11-26,refunded,3794.64
114158,1009,2023-05-16,completed,1886.79
114159,1029,2024-11-13,pending,3544.9
114160,1002,2023-01-04,refunded,2765.91
114161,1004,2025-07-23,cancelled,837.37
114162,1031,2024-02-09,completed,1670.67
114163,1043,2025-03-12,completed,3056.32
114164,1036,2024-02-07,pending,1646.83
114165,1046,2023-11-27,completed,762.4
114166,1047,2024-04-01,completed,1085.46
114167,1020,2023-12-25,completed,1607.79
114168,1045,2023-11-25,completed,6627.76
114169,1044,2025-07-12,refunded,2119.28
114170,1042,2023-05-22,shipped,444.96
114171,1010,2025-01-03,refunded,2065.34
114172,1004,2025-07-08,completed,2464.46
114173,1024,2025-09-10,completed,4083.15
114174,1047,2023-09-15,shipped,1579.77
114175,1028,2023-03-26,completed,2004.0
114176,1045,2024-03-19,completed,2326.76
114177,1049,2024-01-31,refunded,4742.23
114178,1006,2025-11-11,cancelled,3624.55
114179,1001,2024-04-16,shipped,1550.04
114180,1014,2025-05-08,refunded,4203.54
114181,1020,2024-09-30,completed,2569.46
114182,1031,2025-11-05,completed,5086.24
114183,1022,2024-02-02,completed,5971.29
114184,1022,2025-07-07,completed,4493.77
114185,1048,2023-02-25,refunded,829.01
114186,1041,2023-02-17,completed,1774.48
114187,1033,2024-08-26,shipped,287.35
114188,1022,2023-10-15,completed,1502.78
114189,1041,2023-12-25,pending,4716.35
114190,1015,2024-03-11,refunded,306.22
114191,1027,2024-11-29,pending,4020.49
114192,1008,2025-09-16,completed,2110.65
114193,1006,2024-02-29,pending,2267.84
114194,1030,2023-09-01,completed,1987.77
114195,1006,2024-03-17,completed,2985.04
114196,1036,2025-10-31,shipped,5682.84
114197,1030,2023-03-25,completed,3460.26
114198,1013,2025-01-22,completed,1212.33
114199,1001,2025-09-30,completed,201.28
114200,1020,2023-05-05,cancelled,3082.19
114201,1026,2025-11-16,completed,359.61
114202,1024,2023-03-05,refunded,4301.28
114203,1050,2024-07-07,shipped,1897.31
114204,1031,2024-02-15,refunded,1050.75
114205,1037,2024-07-15,completed,208.04
114207,1005,2025-01-02,completed,3037.46
114208,1021,2023-07-29,completed,4254.3
114209,1041,2024-12-05,shipped,3499.3
114210,1010,2023-09-24,completed,950.63
114211,1012,2025-08-28,cancelled,3060.5
114212,1013,2025-02-15,refunded,7471.22
114213,1039,2023-05-17,pending,1677.8
114214,1015,2025-09-30,pending,999.98
114215,1025,2023-09-21,refunded,1883.96
114216,1008,2024-09-11,cancelled,948.66
114217,1025,2025-03-25,shipped,864.81
114218,1050,2023-06-02,refunded,4273.59
114219,1022,2023-08-08,completed,2661.12
114220,1021,2024-03-19,pending,4581.69
114221,1042,2025-02-27,completed,763.06
114222,1014,2025-01-15,refunded,1253.93
114223,1012,2024-06-30,pending,1511.62
114224,1024,2023-05-01,refunded,3319.87
114225,1031,2023-03-10,completed,724.68
114226,1014,2024-02-17,refunded,5145.04
114227,1035,2024-03-27,refunded,910.38
114228,1021,2025-06-03,completed,6068.43
114229,1043,2023-02-05,shipped,2476.85
114230,1050,2024-06-26,completed,1722.04
114231,1044,2024-11-07,completed,1819.33
114232,1017,2023-07-19,pending,2719.92
114233,1034,2024-03-06,cancelled,1708.42
114234,1022,2024-11-12,cancelled,1778.28
114235,1030,2024-08-15,completed,3498.21
114236,1047,2024-02-24,completed,3286.62
114237,1039,2023-01-04,shipped,1488.48
114238,1018,2023-05-31,pending,3912.01
114239,1005,2025-03-30,pending,2823.54
114241,1033,2025-01-07,completed,3080.4
114242,1017,2024-11-11,shipped,4561.68
114243,1007,2025-02-14,cancelled,163.78
114244,1012,2024-01-23,completed,2866.77
114245,1026,2023-01-29,refunded,6213.68
114246,1011,2025-12-23,completed,1088.73
114247,1004,2024-10-26,shipped,2112.05
114248,1036,2023-04-03,pending,1989.56
114249,1004,2025-07-15,completed,1929.6
114250,1027,2023-11-11,completed,539.04
114251,1010,2025-04-18,cancelled,1448.51
114252,1046,2025-11-29,completed,867.37
114253,1040,2025-07-24,shipped,2533.08
114254,1036,2023-06-09,completed,3729.0
114255,1018,2024-12-15,cancelled,1061.02
114256,1024,2024-07-14,completed,1626.24
114257,1009,2023-05-28,completed,1484.61
114258,1028,2025-03-02,pending,802.78
114259,1026,2023-01-05,completed,837.6
114260,1043,2025-01-02,cancelled,10.53
114261,1017,2023-10-04,completed,2576.86
114262,1030,2025-11-02,completed,4256.86
114263,1017,2024-08-05,completed,4696.74
114264,1039,2024-10-31,cancelled,1970.6
114265,1044,2023-10-27,refunded,6063.24
114266,1041,2023-06-10,completed,2992.82
114267,1016,2023-11-15,cancelled,643.6
114268,1027,2025-07-01,completed,2579.95
114269,1013,2023-04-30,completed,2036.3
114270,1045,2023-09-06,completed,3602.03
114272,1005,2023-08-09,refunded,2140.95
114274,1030,2023-08-15,refunded,1681.3
114275,1034,2024-04-24,completed,2354.18
114276,1012,2023-03-19,pending,1861.05
114277,1017,2023-10-05,pending,1681.6
114278,1031,2023-09-27,pending,564.88
114279,1019,2025-04-25,shipped,5643.09
114280,1018,2023-06-30,refunded,800.7
114281,1028,2023-01-04,completed,2412.13
114283,1038,2024-02-29,cancelled,3091.08
114285,1003,2025-05-09,shipped,3681.38
114286,1047,2024-11-21,cancelled,1804.27
114287,1039,2025-08-09,completed,2693.43
114288,1048,2024-01-29,shipped,6151.72
114290,1039,2024-08-23,completed,640.48
114291,1035,2023-12-14,refunded,3780.81
114292,1040,2025-09-23,cancelled,813.84
114293,1044,2023-04-25,completed,1349.6
114294,1045,2023-01-28,cancelled,2073.23
114295,1013,2023-01-16,refunded,2372.45
114296,1034,2024-07-07,shipped,728.28
114297,1008,2025-06-11,completed,987.54
114298,1002,2024-11-09,pending,3831.2
114299,1018,2023-02-23,shipped,1251.6
114301,1042,2025-08-14,completed,4828.81
114302,1011,2025-02-02,completed,2261.45
114303,1021,2024-12-17,pending,4845.44
114304,1021,2025-11-08,refunded,2485.49
114305,1047,2023-06-22,completed,5046.54
114306,1011,2024-09-30,completed,1557.8
114307,1034,2025-01-23,shipped,2495.26
114308,1014,2024-05-20,completed,1162.06
114309,1004,2023-07-16,completed,2538.27
114310,1033,2024-09-17,completed,3395.52
114311,1015,2025-09-09,cancelled,4155.43
114312,1027,2025-12-31,cancelled,752.67
114313,1013,2023-11-14,completed,4986.77
114314,1035,2025-07-28,pending,5228.09
114315,1015,2023-08-06,cancelled,3159.3
114316,1033,2024-06-22,completed,2232.73
114317,1005,2024-11-18,shipped,3087.22
114318,1030,2024-05-15,completed,4663.93
114319,1032,2025-02-16,cancelled,3901.5
114320,1037,2023-05-05,completed,2407.73
114321,1028,2024-07-28,completed,3538.81
114322,1031,2023-08-25,completed,1401.91
114323,1043,2025-05-18,refunded,1698.54
114324,1042,2023-06-21,completed,806.72
114325,1006,2025-09-06,cancelled,1986.0
114326,1047,2023-02-26,completed,1495.25
114327,1021,2023-10-10,completed,2150.27
114328,1025,2025-08-29,cancelled,293.36
114329,1021,2023-04-19,completed,5674.03
114330,1013,2025-03-29,cancelled,2928.82
114331,1002,2025-11-27,cancelled,2797.95
114332,1016,2025-04-05,shipped,1626.38
114333,1028,2024-09-18,completed,3884.0
114334,1002,2023-02-01,cancelled,3016.35
114335,1013,2024-08-16,shipped,2398.44
114336,1018,2023-12-10,pending,569.82
114337,1037,2024-01-25,shipped,1730.34
114338,1026,2023-02-23,pending,108.37
114339,1013,2023-08-06,refunded,5252.89
114340,1027,2024-10-05,cancelled,4330.96
114341,1014,2024-12-30,completed,2863.53
114342,1028,2023-07-14,completed,2408.65
114343,1024,2025-09-17,cancelled,2813.64
114344,1018,2023-09-21,completed,1480.0
114346,1039,2024-04-02,cancelled,1095.18
114347,1037,2023-10-11,refunded,2254.0
114348,1038,2024-09-15,completed,5533.78
114349,1001,2023-06-02,pending,2448.64
114350,1043,2025-08-23,cancelled,3284.3
114351,1011,2025-04-26,pending,3350.65
114352,1031,2023-08-23,shipped,666.18
114353,1028,2024-11-07,refunded,4311.41
114354,1005,2025-01-27,shipped,996.8
114355,1039,2023-09-20,shipped,2789.31
114356,1005,2024-02-08,completed,237.62
114358,1007,2025-01-25,pending,2863.17
114359,1043,2025-04-03,completed,3903.11
114360,1020,2023-12-31,refunded,2515.63
114361,1008,2025-11-09,cancelled,2872.8
114362,1021,2025-02-09,shipped,2987.92
114363,1028,2025-07-02,refunded,2589.29
114364,1046,2025-10-14,refunded,1207.07
114365,1046,2023-02-17,cancelled,223.22
114366,1028,2023-05-15,refunded,783.78
114367,1040,2025-12-18,cancelled,3479.76
114368,1027,2023-04-11,completed,657.19
114369,1023,2024-06-17,shipped,810.36
114370,1041,2023-12-15,completed,3340.81
114371,1012,2025-06-23,refunded,2543.62
114372,1001,2025-03-09,completed,522.41
114373,1021,2025-03-24,pending,1308.48
114374,1028,2025-12-09,pending,1442.36
114375,1021,2023-12-12,pending,3513.4
114376,1042,2024-03-27,refunded,4038.5
114377,1011,2024-08-13,pending,1848.64
114378,1021,2025-11-26,completed,2568.1
114379,1003,2023-09-14,completed,5568.46
114380,1015,2024-05-11,cancelled,2291.78
114381,1007,2025-11-23,completed,6593.71
114382,1044,2025-10-11,refunded,6625.4
114383,1045,2024-03-13,completed,5129.15
114384,1045,2024-12-21,cancelled,1002.84
114385,1014,2025-07-24,refunded,4300.06
114386,1012,2025-07-31,refunded,2633.03
114387,1002,2025-09-02,cancelled,2062.14
114388,1014,2024-09-24,cancelled,822.94
114389,1025,2024-03-07,completed,1521.21
114390,1030,2024-02-06,refunded,539.26
114392,1033,2023-08-02,pending,4308.96
114393,1011,2024-12-20,completed,17.49
114394,1010,2024-01-11,cancelled,891.62
114395,1002,2025-02-21,cancelled,2264.11
114396,1047,2023-04-18,completed,2394.91
114397,1044,2023-11-29,refunded,1884.82
114398,1004,2025-10-17,completed,360.05
114399,1001,2024-12-28,completed,2976.14
114400,1043,2025-04-06,completed,345.24
114401,1037,2024-07-06,pending,404.13
114402,1021,2025-10-31,completed,1581.01
114403,1035,2023-02-18,completed,3404.39
114404,1024,2023-05-30,pending,432.58
114405,1026,2025-04-11,pending,1601.9
114406,1034,2024-11-28,cancelled,554.22
114407,1020,2023-08-07,completed,2757.06
114408,1027,2025-05-08,shipped,3257.98
114409,1002,2024-04-19,completed,5532.65
114410,1010,2023-04-23,completed,2493.97
114411,1021,2023-08-29,shipped,1459.25
114412,1035,2024-02-04,completed,343.41
114413,1001,2023-01-03,cancelled,2814.62
114415,1010,2025-03-23,pending,2439.72
114416,1017,2023-08-21,cancelled,3936.0
114417,1008,2024-11-18,shipped,2068.74
114418,1032,2024-12-20,completed,1688.02
114419,1028,2024-06-25,completed,2453.6
114420,1026,2023-02-25,refunded,2922.79
114421,1026,2023-12-16,shipped,731.92
114422,1049,2025-10-03,cancelled,2681.87
114423,1050,2023-04-30,completed,5600.28
114424,1030,2024-01-17,refunded,2644.32
114425,1044,2025-08-12,completed,958.3
114426,1011,2025-08-26,refunded,2248.35
114427,1025,2025-04-15,completed,78.7
114429,1038,2024-12-25,completed,232.28
114430,1041,2024-03-09,completed,210.34
114431,1026,2025-10-11,completed,5086.61
114432,1003,2023-04-03,pending,852.13
114433,1009,2023-10-21,pending,2038.36
114435,1006,2024-11-11,shipped,2980.26
114436,1005,2025-03-30,completed,3506.09
114437,1026,2025-03-25,completed,5305.87
114438,1018,2025-03-13,cancelled,247.3
114439,1002,2025-12-21,completed,1580.53
114440,1027,2025-11-22,completed,4748.97
114441,1026,2024-02-28,cancelled,3993.53
114442,1037,2023-11-05,shipped,656.53
114443,1033,2023-12-03,completed,518.49
114444,1026,2024-11-17,completed,1246.51
114445,1025,2025-12-09,pending,59.12
114446,1040,2024-01-19,completed,5688.57
114447,1009,2025-03-28,completed,6069.95
114448,1031,2024-07-24,cancelled,4528.09
114449,1049,2023-08-03,cancelled,2414.02
114450,1014,2024-10-27,completed,3769.71
114451,1036,2024-05-22,cancelled,1932.1
114452,1027,2025-08-18,completed,1104.98
114453,1016,2024-09-01,pending,3344.47
114454,1013,2025-02-28,refunded,783.37
114455,1043,2023-03-13,pending,2548.89
114456,1027,2023-05-30,completed,1792.2
114457,1016,2025-05-25,refunded,2061.47
114458,1040,2025-01-21,completed,2386.0
114459,1022,2023-04-02,refunded,2692.26
114460,1003,2025-09-29,refunded,3541.73
114461,1003,2025-04-28,completed,1827.27
114462,1044,2024-02-26,pending,617.36
114463,1039,2023-12-11,pending,1246.8
114464,1049,2024-07-15,cancelled,3258.16
114465,1049,2024-10-28,completed,2794.82
114466,1029,2025-01-01,completed,1723.95
114467,1049,2023-03-06,completed,4056.61
114468,1035,2024-04-26,refunded,404.51
114469,1005,2025-04-07,shipped,2141.92
114470,1028,2023-08-25,refunded,1088.17
114471,1031,2024-11-20,completed,425.6
114472,1017,2023-12-17,pending,3150.19
114473,1049,2023-06-08,shipped,2328.4
114474,1022,2023-10-13,completed,4692.0
114475,1046,2023-10-18,completed,364.74
114476,1009,2023-05-25,pending,27.82
114478,1048,2025-09-06,completed,4547.98
114479,1017,2025-02-05,pending,3177.6
114480,1047,2024-06-13,refunded,395.45
114481,1039,2025-12-01,pending,2965.8
114482,1011,2025-10-20,shipped,3574.12
114483,1027,2024-08-01,shipped,1222.38
114484,1004,2024-02-03,shipped,1241.67
114486,1046,2023-08-19,refunded,250.36
114487,1048,2024-01-09,pending,1691.16
114488,1015,2025-02-22,shipped,962.3
114490,1004,2023-02-15,shipped,3578.29
114492,1039,2024-11-18,completed,291.78
114493,1033,2024-01-17,pending,2898.63
114494,1013,2023-01-28,completed,1822.56
114495,1041,2023-02-02,pending,4536.6
114496,1009,2023-11-15,completed,4969.39
114497,1002,2024-03-30,refunded,3166.62
114498,1017,2023-10-18,completed,2654.58
114499,1042,2025-08-25,pending,123.68
114500,1010,2025-10-18,completed,1266.13
114501,1017,2023-10-22,pending,2910.62
114502,1013,2025-10-27,completed,1136.72
114504,1040,2024-11-02,completed,3595.3
114505,1021,2025-05-03,completed,1904.4
114506,1049,2024-05-19,cancelled,1326.15
114507,1037,2025-11-12,completed,1999.54
114509,1017,2023-03-02,pending,3012.55
114510,1029,2025-11-20,refunded,160.64
114511,1013,2024-12-08,shipped,770.38
114512,1028,2025-05-02,cancelled,2741.07
114513,1022,2025-11-02,completed,1952.77
114514,1040,2023-05-08,completed,2834.9
114515,1049,2024-04-18,cancelled,2589.96
114516,1041,2023-10-28,refunded,4273.25
114517,1035,2023-09-18,pending,3289.64
114518,1032,2024-06-14,pending,1935.74
114519,1018,2023-10-02,cancelled,7357.07
114520,1035,2025-09-18,completed,5022.39
114521,1044,2023-07-28,completed,3650.01
114522,1027,2024-10-17,refunded,112.68
114523,1023,2024-01-20,refunded,5138.81
114524,1040,2025-06-25,completed,2813.79
114525,1045,2025-03-19,refunded,7387.41
114526,1001,2023-05-21,completed,1725.7
114527,1023,2023-12-22,completed,3017.93
114528,1030,2024-10-27,completed,2889.01
114529,1001,2025-05-20,refunded,2424.6
114530,1003,2024-11-29,completed,2470.0
114531,1049,2025-04-11,cancelled,511.4
114532,1028,2025-09-07,cancelled,2234.39
114533,1037,2023-06-25,completed,2059.95
114534,1033,2025-07-17,completed,55.76
114535,1011,2023-09-01,cancelled,1148.68
114536,1049,2024-06-22,completed,2332.51
114537,1023,2023-04-22,pending,1223.9
114538,1011,2025-06-05,cancelled,3286.76
114539,1045,2025-11-07,refunded,7644.02
114540,1003,2025-02-13,cancelled,1160.64
114541,1046,2025-01-08,shipped,296.7
114542,1012,2023-06-04,pending,3152.23
114543,1011,2025-04-24,pending,5280.15
114544,1032,2024-01-12,completed,926.13
114545,1010,2024-09-19,cancelled,6769.53
114546,1017,2024-12-12,completed,2739.47
114547,1002,2024-04-25,cancelled,4421.96
114548,1036,2026-09-23,cancelled,4313.84
114549,1042,2023-11-14,shipped,375.64
114550,1033,2025-05-06,pending,915.35
114551,1003,2025-10-15,pending,1746.92
114552,1033,2024-07-13,completed,1971.07
114553,1017,2024-01-16,completed,464.48
114554,1019,2023-08-09,refunded,1536.84
114555,1036,2025-09-09,shipped,3069.74
114556,1038,2023-02-27,completed,2428.02
114557,1003,2023-08-01,completed,408.8
114558,1011,2023-12-28,completed,2361.76
114559,1024,2024-10-31,shipped,5195.73
114560,1034,2024-04-26,pending,2507.36
114561,1044,2024-09-03,completed,1695.84
114562,1029,2024-10-22,completed,3676.86
114563,1020,2025-05-23,completed,1658.93
114564,1038,2024-08-26,completed,428.86
114565,1012,2023-06-09,cancelled,1074.19
114566,1048,2023-05-13,completed,1893.9
114567,1022,2024-02-05,completed,2299.04
114568,1018,2023-06-24,completed,4913.4
114569,1039,2024-03-08,cancelled,1305.92
114570,1044,2023-12-07,completed,1633.99
114571,1008,2025-04-20,shipped,220.99
114572,1026,2023-10-29,pending,2079.72
114573,1010,2023-09-30,cancelled,2701.26
114574,1045,2024-06-05,refunded,2101.15
114575,1035,2023-03-27,shipped,2016.76
114576,1003,2024-12-10,completed,3416.96
114577,1010,2025-05-05,cancelled,1294.65
114578,1029,2025-11-19,pending,757.44
114579,1042,2025-01-26,shipped,3186.29
114580,1043,2023-08-07,completed,1884.82
114581,1045,2025-05-06,completed,3951.18
114582,1001,2025-11-25,completed,2562.3
114583,1003,2025-04-28,cancelled,1082.69
114584,1029,2025-03-01,pending,2126.34
114585,1044,2023-01-23,completed,1493.55
114586,1017,2025-07-16,completed,2179.02
114587,1048,2024-04-30,pending,4770.11
114588,1018,2025-10-17,completed,4548.06
114589,1012,2025-05-05,refunded,1056.18
114590,1039,2025-02-06,refunded,3212.4
114591,1003,2023-08-10,refunded,3084.17
114592,1024,2024-09-11,cancelled,2569.83
114593,1032,2025-07-12,shipped,354.4
114594,1027,2023-10-16,completed,1690.23
114595,1034,2025-05-30,shipped,4362.39
114596,1015,2023-08-05,pending,2428.66
114597,1044,2025-07-15,cancelled,305.91
114598,1018,2025-02-27,completed,1402.1
114599,1024,2024-06-13,refunded,5269.4
114600,1014,2023-10-22,completed,2769.56
114601,1002,2023-09-05,completed,4722.77
114602,1040,2023-01-03,pending,712.48
114603,1031,2025-06-08,completed,816.87
114604,1027,2024-07-10,completed,2734.84
114605,1032,2025-08-12,refunded,119.95
114606,1042,2024-11-19,completed,883.3
114607,1011,2023-04-28,completed,82.32
114608,1046,2023-09-23,cancelled,2389.5
114609,1049,2024-12-23,completed,3234.06
114610,1037,2023-04-26,shipped,2193.4
114611,1034,2024-10-21,shipped,5730.69
114613,1036,2024-01-17,completed,3406.16
114614,1013,2023-11-01,shipped,1510.25
114615,1006,2025-09-22,completed,411.04
114616,1036,2024-09-24,completed,5656.59
114617,1013,2025-01-17,shipped,1121.6
114618,1023,2025-08-06,pending,2629.44
114619,1047,2025-11-15,shipped,4056.95
114620,1033,2023-10-31,completed,286.18
114621,1038,2024-07-06,pending,3119.18
114622,1050,2024-02-06,pending,4841.08
114623,1030,2025-10-15,completed,3807.92
114624,1001,2023-08-26,completed,2871.47
114625,1012,2024-12-02,refunded,449.4
114626,1012,2024-02-04,completed,2822.17
114627,1001,2023-04-08,cancelled,4021.34
114628,1006,2024-11-20,refunded,157.4
114629,1008,2024-06-23,pending,3967.84
114630,1012,2023-05-06,shipped,2198.68
114631,1007,2023-11-05,completed,3011.61
114632,1031,2024-07-20,pending,7678.03
114634,1038,2024-09-04,completed,1228.58
114635,1040,2023-09-01,completed,4456.54
114636,1040,2024-12-30,completed,2659.15
114637,1011,2023-03-09,pending,659.42
114638,1033,2025-03-08,completed,53.1
114639,1005,2025-01-08,completed,3711.88
114640,1023,2023-02-16,completed,1087.25
114641,1014,2025-09-20,cancelled,3697.08
114642,1036,2023-02-10,completed,1472.1
114643,1001,2025-08-03,pending,1972.63
114644,1027,2024-04-19,pending,866.63
114645,1010,2025-06-23,refunded,5041.18
114646,1028,2024-10-18,cancelled,1108.89
114647,1049,2023-02-27,cancelled,1987.77
114648,1013,2023-07-21,refunded,755.89
114649,1034,2025-09-25,refunded,1447.36
114650,1041,2024-04-12,refunded,3995.88
114651,1020,2025-01-12,completed,1590.9
114652,1005,2023-05-09,completed,3588.0
114653,1032,2023-11-07,completed,5747.34
114654,1029,2024-10-12,refunded,2554.04
114655,1024,2023-02-28,completed,204.64
114656,1026,2024-12-29,completed,2102.54
114657,1043,2023-07-11,pending,4175.7
114658,1035,2025-07-01,shipped,970.77
114659,1047,2024-12-12,completed,3717.17
114660,1006,2025-09-13,completed,3851.18
114661,1040,2023-02-27,shipped,1659.66
114662,1046,2025-10-09,pending,2612.99
114663,1044,2024-08-22,pending,3758.21
114664,1042,2024-08-02,completed,2052.04
114665,1036,2024-04-19,completed,3657.18
114666,1023,2024-05-18,refunded,779.48
114667,1020,2024-09-21,refunded,3288.12
114668,1010,2023-05-16,completed,3416.72
114669,1009,2024-08-18,completed,3937.58
114670,1042,2023-10-10,completed,3685.22
114671,1001,2023-08-29,refunded,957.8
114672,1016,2024-06-05,refunded,297.4
114673,1036,2023-03-26,completed,2198.8
114674,1042,2024-05-12,completed,1130.0
114675,1021,2025-09-18,cancelled,824.94
114676,1042,2024-02-22,cancelled,1410.7
114677,1022,2024-04-23,cancelled,99.66
114678,1031,2025-07-18,shipped,2071.66
114679,1030,2023-11-08,cancelled,1279.28
114680,1029,2023-11-23,refunded,3071.08
114681,1001,2023-02-04,cancelled,7240.05
114682,1038,2023-12-04,completed,2136.9
114683,1003,2025-02-09,cancelled,1251.1
114684,1017,2023-08-21,completed,2648.3
114685,1008,2023-02-25,refunded,5212.49
114687,1033,2023-05-05,refunded,657.0
114688,1049,2024-05-08,shipped,3052.81
114689,1023,2023-01-13,cancelled,475.47
114690,1002,2024-12-29,shipped,3948.39
114691,1046,2024-05-06,pending,4038.97
114692,1028,2023-05-11,shipped,1995.08
114693,1046,2024-01-23,completed,3183.9
114694,1018,2025-07-13,completed,3235.89
114695,1011,2024-05-24,shipped,251.72
114696,1043,2023-11-29,refunded,738.2
114697,1038,2023-11-18,shipped,6127.28
114698,1027,2023-10-22,completed,2219.41
114699,1013,2024-12-07,completed,982.31
114700,1012,2023-01-21,completed,4745.43
114701,1015,2023-02-18,completed,67.76
114702,1023,2025-01-17,pending,71.54
114703,1013,2025-02-09,completed,3122.81
114704,1010,2024-04-27,cancelled,268.62
114705,1025,2023-07-03,pending,5749.11
114706,1038,2025-09-11,completed,3822.12
114707,1035,2025-11-30,pending,1918.05
114708,1037,2024-10-17,refunded,495.07
114709,1035,2023-04-18,cancelled,5253.92
114710,1049,2025-03-08,shipped,7015.15
114711,1039,2023-12-17,shipped,1678.18
114712,1020,2024-12-07,completed,765.03
114713,1028,2023-02-25,completed,3345.96
114714,1014,2023-08-18,cancelled,2058.85
114715,1017,2025-01-15,completed,82.48
114716,1009,2024-09-23,refunded,3686.05
114717,1024,2023-10-17,pending,3888.21
114718,1030,2025-01-20,refunded,1636.9
114719,1024,2025-08-12,completed,991.56
114720,1030,2023-12-15,cancelled,2637.11
114721,1045,2025-07-23,shipped,2341.82
114722,1046,2023-10-02,refunded,3656.2
114723,1039,2025-12-20,shipped,5682.8
114724,1035,2024-03-03,completed,2554.11
114725,1020,2023-08-05,completed,840.65
114726,1032,2025-09-23,shipped,1128.28
114727,1033,2023-04-23,refunded,139.15
114728,1035,2025-07-18,shipped,1174.3
114729,1044,2025-07-06,completed,10.89
114730,1033,2023-08-23,pending,2209.59
114731,1015,2023-04-25,completed,2968.76
114732,1023,2025-05-23,cancelled,477.63
114733,1018,2024-03-01,completed,2119.62
114734,1046,2023-11-21,completed,850.3
114735,1001,2025-05-29,refunded,3343.24
114736,1031,2023-12-23,completed,1037.3
114737,1034,2025-05-05,completed,2928.96
114738,1043,2024-03-14,completed,4529.19
114739,1009,2024-12-12,completed,997.8
114740,1049,2025-01-22,completed,6102.22
114741,1011,2023-05-11,completed,194.86
114742,1012,2024-10-29,completed,3026.74
114743,1043,2024-09-14,completed,1573.6
114744,1047,2025-10-17,completed,483.74
114745,1036,2025-05-25,refunded,4206.2
114746,1046,2023-12-26,pending,1079.96
114747,1046,2025-11-06,shipped,1305.07
114749,1005,2024-09-30,pending,1860.3
114750,1016,2025-01-03,completed,203.9
114751,1020,2025-09-22,completed,1569.52
114752,1047,2025-04-13,refunded,3397.14
114753,1012,2025-08-08,cancelled,4793.63
114754,1041,2025-04-26,refunded,859.68
114755,1047,2023-07-23,shipped,2230.56
114756,1013,2024-10-03,completed,283.05
114757,1050,2024-11-09,shipped,1546.86
114758,1034,2024-09-27,pending,3959.75
114759,1013,2025-10-20,completed,3736.25
114760,1023,2023-04-07,completed,291.62
114761,1024,2025-04-14,cancelled,299.1
114762,1038,2025-03-09,shipped,1513.75
114764,1006,2024-01-11,completed,570.7
114765,1030,2024-08-28,pending,3838.63
114766,1045,2025-08-09,completed,1793.09
114767,1025,2023-11-30,cancelled,2231.98
114768,1045,2024-01-05,completed,795.13
114769,1009,2024-04-04,completed,6133.84
114770,1040,2024-07-30,cancelled,1355.9
114771,1005,2023-10-03,pending,3657.42
114773,1042,2023-07-16,shipped,3976.53
114774,1014,2025-08-23,completed,2563.16
114775,1032,2023-07-19,cancelled,4921.41
114776,1041,2024-11-04,completed,158.3
114777,1020,2024-05-07,shipped,3202.6
114778,1045,2024-04-09,shipped,1147.09
114779,1010,2024-08-23,shipped,1020.87
114780,1001,2023-05-17,shipped,868.59
114781,1022,2024-12-14,cancelled,3756.76
114782,1033,2024-11-26,completed,2367.51
114783,1015,2025-08-27,cancelled,2130.35
114784,1024,2023-09-23,shipped,5411.33
114785,1009,2023-05-15,completed,637.12
114786,1022,2024-09-10,shipped,1731.18
114787,1031,2023-05-10,completed,2261.42
114788,1039,2025-05-16,completed,4933.01
114789,1010,2023-02-22,shipped,4730.31
114790,1027,2023-07-17,completed,2336.72
114791,1017,2024-07-31,refunded,1259.88
114792,1014,2025-03-08,refunded,233.1
114793,1015,2025-07-15,completed,2188.99
114794,1013,2025-01-11,pending,1758.78
114795,1037,2025-11-30,completed,5583.61
114796,1046,2024-08-18,shipped,5552.01
114797,1029,2023-12-11,completed,3502.09
114798,1025,2023-11-30,cancelled,354.56
114799,1029,2024-08-25,shipped,3336.96
114800,1044,2025-04-13,completed,590.39
114801,1009,2025-08-10,pending,1456.03
114802,1026,2024-11-04,cancelled,6091.28
114803,1045,2023-09-02,completed,3137.64
114804,1003,2024-02-24,completed,4058.75
114805,1024,2025-08-12,refunded,2703.6
114806,1016,2025-02-15,completed,1829.25
114807,1029,2025-04-03,cancelled,830.8
114808,1031,2024-07-18,completed,450.5
114809,1034,2023-07-25,refunded,4600.55
114810,1048,2024-02-24,refunded,470.92
114811,1011,2025-01-07,refunded,2854.12
114812,1005,2023-11-24,pending,2196.96
114813,1011,2025-04-18,shipped,4206.8
114814,1050,2023-10-07,shipped,3663.9
114815,1047,2023-08-15,pending,930.48
114816,1012,2024-05-30,completed,5144.72
114817,1007,2023-02-12,cancelled,2223.95
114818,1031,2025-05-19,completed,1016.0
114819,1046,2024-04-06,refunded,2519.01
114820,1025,2023-10-09,shipped,684.24
114821,1047,2024-06-14,shipped,623.3
114822,1011,2025-02-24,completed,2547.58
114823,1037,2025-08-19,cancelled,3245.07
114824,1036,2024-06-19,shipped,1705.15
114825,1036,2025-05-16,completed,1108.53
114826,1018,2025-11-14,cancelled,326.39
114827,1039,2023-06-24,cancelled,2928.2
114828,1019,2025-08-27,shipped,1399.31
114829,1031,2023-01-06,shipped,646.65
114830,1031,2023-06-29,cancelled,5809.68
114831,1013,2025-08-27,completed,1900.95
114832,1037,2023-11-24,completed,763.8
114833,1034,2024-04-26,completed,4961.38
114834,1024,2025-06-24,cancelled,1010.34
114835,1033,2023-07-21,pending,4962.88
114836,1039,2025-05-02,completed,2493.93
114837,1022,2025-09-20,refunded,1458.4
114838,1006,2023-03-25,cancelled,2678.36
114839,1035,2023-12-19,cancelled,2290.72
114840,1033,2025-11-05,completed,426.1
114841,1042,2024-09-17,shipped,248.07
114842,1044,2024-05-04,completed,2522.68
114843,1023,2025-11-20,refunded,2384.16
114844,1040,2025-04-30,shipped,6559.14
114845,1022,2023-08-17,completed,1618.63
114846,1016,2023-10-17,refunded,4188.07
114847,1024,2023-02-04,cancelled,4174.55
114848,1006,2024-01-17,completed,3265.93
114849,1022,2024-07-17,completed,1346.7
114850,1008,2023-09-12,refunded,3998.14
114851,1014,2024-04-02,refunded,2463.4
114852,1005,2025-10-09,cancelled,505.71
114853,1026,2024-06-11,completed,2212.88
114854,1045,2023-05-02,cancelled,5128.03
114855,1045,2023-12-16,cancelled,4259.03
114856,1005,2023-07-06,completed,529.44
114857,1007,2024-12-12,completed,3460.64
114858,1034,2025-10-22,refunded,1860.06
114859,1014,2023-06-17,completed,2602.37
114860,1013,2025-09-23,pending,1198.92
114861,1049,2024-08-12,completed,1809.04
114862,1002,2025-02-28,completed,4484.23
114863,1034,2025-05-04,completed,2026.6
114864,1032,2023-08-05,completed,1913.48
114865,1001,2025-02-12,completed,2308.1
114866,1016,2024-11-22,refunded,1261.74
114867,1010,2023-11-09,completed,2405.31
114868,1020,2024-05-17,completed,3441.92
114870,1030,2023-07-25,completed,3733.84
114871,1008,2025-02-11,cancelled,3069.11
114872,1025,2024-10-30,shipped,2652.6
114873,1007,2023-06-19,completed,2244.23
114874,1046,2024-06-09,completed,1037.98
114875,1021,2024-07-23,shipped,5059.66
114876,1042,2024-12-21,pending,1066.72
114877,1042,2023-04-23,pending,1250.63
114879,1032,2024-09-19,cancelled,1067.88
114880,1050,2025-01-08,completed,4336.04
114881,1040,2023-01-04,refunded,1103.86
114882,1042,2023-07-26,completed,5226.48
114883,1018,2025-05-11,refunded,2419.96
114884,1007,2024-09-25,completed,2508.4
114885,1034,2024-10-13,completed,4590.92
114886,1022,2025-11-13,shipped,389.12
114887,1043,2025-03-17,pending,1285.9
114888,1009,2023-02-05,shipped,1035.0
114889,1040,2023-02-20,completed,226.8
114890,1009,2025-09-01,completed,847.49
114891,1012,2024-05-01,completed,2296.27
114892,1018,2025-06-13,shipped,2548.66
114893,1045,2025-10-19,completed,2184.97
114894,1005,2024-03-15,pending,2654.72
114895,1021,2023-09-29,refunded,3967.67
114896,1047,2023-09-07,completed,5029.2
114897,1040,2023-12-01,completed,721.44
114898,1022,2024-10-11,refunded,2794.87
114899,1007,2026-08-21,cancelled,2818.99
114901,1035,2023-07-20,completed,2862.82
114902,1038,2024-01-05,refunded,406.96
114903,1026,2023-10-27,pending,1291.95
114905,1012,2023-05-21,pending,3048.0
114906,1027,2025-09-04,cancelled,3289.04
114907,1039,2025-05-29,completed,194.67
114908,1003,2025-09-29,completed,1364.33
114909,1034,2025-02-02,completed,5233.0
114910,1045,2025-12-23,shipped,3159.95
114911,1047,2025-07-31,completed,1489.5
114912,1050,2024-01-03,completed,1810.68
114913,1007,2023-06-29,shipped,1338.33
114914,1030,2025-01-26,cancelled,2213.45
114915,1046,2025-12-07,refunded,329.4
114916,1019,2025-11-22,cancelled,2218.08
114917,1030,2023-09-08,refunded,2285.28
114918,1035,2024-07-07,shipped,4202.14
114919,1042,2024-04-26,completed,3204.2
114920,1050,2023-01-05,completed,1154.79
114922,1045,2024-10-15,completed,6314.01
114923,1036,2024-02-05,completed,2924.32
114925,1019,2025-07-18,completed,1408.26
114926,1032,2025-06-29,cancelled,2170.6
114927,1010,2023-04-14,cancelled,510.64
114928,1042,2024-01-15,completed,225.42
114929,1014,2024-02-06,refunded,2199.78
114930,1025,2023-03-07,shipped,2150.13
114931,1038,2025-07-30,completed,1065.9
114932,1032,2024-03-29,completed,5132.97
114933,1016,2023-01-08,shipped,4513.23
114934,1022,2025-10-16,completed,1079.8
114935,1006,2025-09-10,completed,2866.65
114936,1005,2023-02-28,completed,3912.89
114937,1034,2023-06-21,completed,3536.56
114938,1012,2025-06-03,completed,7962.22
114939,1031,2024-09-13,shipped,4195.37
114940,1004,2024-01-02,refunded,4061.78
114941,1042,2024-07-29,cancelled,517.98
114942,1026,2023-12-28,pending,752.12
114943,1046,2023-06-07,completed,157.32
114944,1029,2024-03-07,completed,2688.33
114945,1005,2025-08-07,shipped,1647.52
114946,1001,2023-08-07,pending,2372.0
114947,1030,2023-04-26,shipped,2619.23
114948,1041,2025-02-01,completed,1231.65
114949,1003,2023-10-22,pending,2339.17
114950,1016,2023-08-28,refunded,859.14
114951,1048,2023-07-19,completed,3712.49
114952,1047,2025-08-23,completed,1469.08
114953,1025,2023-03-10,completed,3403.14
114954,1022,2025-04-21,shipped,6500.64
114955,1039,2024-10-01,shipped,1146.03
114956,1015,2025-08-30,completed,4114.35
114957,1014,2025-07-12,refunded,1401.87
114959,1047,2024-07-05,shipped,1821.54
114960,1038,2025-03-06,refunded,2514.12
114961,1030,2023-12-28,completed,2919.82
114962,1008,2023-06-09,completed,1866.04
114963,1004,2024-02-01,completed,1214.39
114964,1029,2023-08-20,completed,1010.97
114965,1026,2025-12-03,cancelled,1555.0
114966,1027,2023-06-27,completed,3143.7
114967,1002,2024-04-21,completed,3203.01
114969,1003,2025-02-24,cancelled,2671.77
114970,1017,2023-12-24,completed,3526.81
114971,1010,2023-11-09,completed,2339.68
114972,1045,2025-03-16,refunded,2069.38
114973,1005,2024-07-24,pending,1755.9
114974,1001,2023-06-07,shipped,1402.56
114975,1046,2025-01-28,shipped,4561.93
114976,1037,2023-04-20,pending,1036.79
114977,1021,2024-12-28,refunded,503.58
114978,1037,2023-11-21,pending,4416.96
114979,1001,2024-06-07,pending,2565.48
114980,1021,2025-02-25,refunded,2728.0
114981,1018,2025-04-18,pending,2954.04
114982,1043,2025-10-06,cancelled,1558.24
114983,1041,2023-01-25,refunded,96.46
114984,1034,2024-11-17,refunded,23.27
114985,1018,2023-12-16,completed,2854.1
114986,1040,2025-05-24,completed,2247.09
114987,1008,2025-07-10,completed,473.69
114988,1004,2024-04-14,completed,3891.49
114989,1026,2025-03-26,cancelled,904.64
114990,1022,2024-08-17,refunded,5221.78
114991,1038,2025-09-21,completed,226.8
114992,1031,2023-04-06,completed,3615.93
114993,1039,2024-12-03,shipped,4458.06
114994,1029,2024-01-15,completed,5459.87
114995,1041,2024-10-13,refunded,1692.9
114996,1029,2023-01-10,completed,6137.58
114997,1037,2024-06-18,refunded,3128.1
114998,1019,2023-05-05,shipped,5693.66
114999,1007,2023-02-24,refunded,4716.8
115000,1007,2024-11-24,cancelled,2208.74
115001,1006,2024-12-22,cancelled,2643.0
115002,1001,2024-04-04,completed,4126.28
115003,1047,2025-07-07,refunded,5881.57
115004,1040,2025-09-16,completed,2879.34
115005,1034,2024-08-21,cancelled,2659.69
115006,1020,2023-04-29,refunded,1628.44
115007,1048,2024-03-12,shipped,1341.25
115008,1044,2025-09-04,pending,495.6
115009,1017,2025-10-10,shipped,4448.22
115010,1007,2025-07-16,refunded,4425.38
115011,1004,2025-06-01,completed,4735.08
115012,1027,2024-04-21,refunded,3332.72
115013,1007,2024-11-14,completed,3660.49
115014,1002,2025-04-07,shipped,4550.05
115015,1047,2024-06-19,completed,3112.69
115016,1017,2024-03-31,refunded,4338.73
115017,1050,2024-08-03,pending,3488.15
115018,1003,2023-11-13,completed,216.24
115019,1030,2025-06-18,completed,1546.27
115020,1020,2023-10-28,refunded,1591.2
115021,1013,2025-01-23,cancelled,4507.42
115022,1028,2024-10-13,refunded,3859.08
115023,1046,2025-09-22,pending,4198.33
115024,1035,2024-02-22,completed,52.9
115025,1048,2024-05-18,completed,1398.42
115026,1028,2023-02-11,completed,3868.26
115027,1041,2025-04-14,refunded,2910.48
115028,1034,2025-09-14,cancelled,3909.34
115029,1028,2024-08-14,cancelled,567.16
115030,1005,2025-05-25,completed,833.5
115031,1048,2023-01-30,shipped,2899.78
115032,1033,2024-03-30,cancelled,2233.44
115033,1011,2025-12-09,completed,659.9
115034,1003,2023-07-07,completed,3118.33
115035,1022,2023-03-11,completed,3949.43
115036,1025,2025-09-19,shipped,497.64
115037,1040,2025-12-19,pending,2318.79
115038,1009,2023-04-27,pending,1879.34
115039,1004,2024-04-24,completed,3908.89
115040,1050,2023-08-05,refunded,3220.28
115041,1002,2023-10-21,completed,901.67
115042,1043,2025-10-01,pending,1280.88
115043,1026,2023-06-22,completed,5378.9
115044,1004,2025-06-25,completed,3857.09
115045,1027,2025-08-04,completed,3029.71
115046,1047,2023-09-28,cancelled,8393.96
115047,1048,2025-03-26,cancelled,350.4
115048,1048,2023-01-18,completed,2694.6
115049,1039,2026-10-29,refunded,2473.02
115050,1005,2023-01-14,completed,2371.42
115051,1024,2023-07-25,completed,1587.69
115052,1020,2023-09-29,completed,1391.94
115053,1009,2025-03-21,refunded,121.88
115054,1044,2023-03-27,completed,2230.06
115055,1031,2023-03-15,refunded,3112.4
115056,1020,2023-05-20,pending,2056.18
115057,1020,2024-07-04,shipped,1867.46
115058,1003,2025-02-21,pending,2565.86
115059,1028,2025-09-03,completed,5719.59
115060,1042,2023-08-14,shipped,624.75
115061,1023,2023-06-17,pending,6560.86
115062,1009,2024-01-03,completed,4775.9
115063,1031,2025-01-13,shipped,3612.67
115064,1011,2023-10-04,completed,2446.94
115066,1031,2025-03-01,pending,679.26
115067,1028,2023-08-11,refunded,2030.41
115068,1044,2023-11-16,completed,3673.4
115069,1044,2025-03-10,completed,2521.61
115070,1019,2023-11-18,completed,848.83
115071,1019,2023-11-17,completed,2593.2
115072,1044,2023-10-18,refunded,4665.46
115073,1027,2025-12-10,completed,3069.93
115074,1013,2024-12-08,refunded,5035.96
115075,1034,2023-01-05,completed,2623.15
115076,1015,2024-05-30,refunded,2137.5
115077,1039,2024-03-16,completed,2262.29
115078,1016,2023-08-25,pending,2922.54
115079,1006,2024-08-11,pending,189.06
115080,1017,2023-09-13,completed,859.38
115081,1025,2023-11-13,pending,6618.24
115082,1013,2024-02-27,refunded,1457.1
115083,1039,2023-01-30,completed,770.7
115084,1002,2025-04-30,pending,3775.52
115085,1041,2025-08-04,completed,984.36
115086,1035,2023-12-09,shipped,1858.89
115087,1005,2023-01-23,completed,884.71
115088,1043,2023-03-31,shipped,3615.35
115089,1018,2023-03-06,shipped,2764.07
115090,1049,2025-05-04,refunded,7451.19
115091,1035,2025-06-13,shipped,472.27
115092,1019,2023-11-17,shipped,4653.93
115093,1013,2024-09-30,shipped,4996.05
115094,1040,2023-03-27,refunded,5270.7
115095,1050,2023-09-09,completed,691.44
115096,1040,2024-11-02,refunded,4088.11
115097,1040,2025-10-25,cancelled,2645.87
115098,1046,2025-04-13,pending,2836.62
115099,1039,2023-08-30,cancelled,3860.93
115100,1031,2025-07-11,completed,2326.0
115101,1003,2023-12-09,shipped,1990.17
115102,1014,2024-03-09,refunded,2521.56
115103,1023,2025-08-08,completed,4832.09
115104,1003,2023-12-22,refunded,1206.2
115105,1040,2024-10-18,refunded,4530.32
115106,1032,2024-08-15,pending,604.77
115107,1001,2024-08-16,cancelled,1673.61
115108,1015,2024-07-17,completed,3792.78
115109,1020,2023-03-03,completed,704.04
115110,1043,2023-07-25,completed,4655.29
115111,1022,2024-10-30,refunded,1813.0
115112,1046,2024-08-24,completed,3607.94
115113,1037,2023-12-19,completed,4374.7
115114,1045,2024-09-17,cancelled,988.99
115115,1048,2024-12-15,pending,4356.07
115116,1032,2023-11-28,refunded,665.52
115117,1047,2025-04-30,refunded,1257.96
115118,1043,2025-01-24,shipped,1083.4
115119,1016,2023-11-01,completed,2053.66
115120,1018,2024-03-28,shipped,1419.0
115122,1036,2023-08-20,completed,219.06
115123,1014,2025-08-13,pending,2529.26
115124,1047,2023-06-09,cancelled,606.95
115125,1030,2023-01-17,completed,277.27
115126,1029,2023-08-24,completed,1402.74
115127,1030,2025-12-18,cancelled,2544.39
115128,1037,2023-11-11,completed,2704.75
115130,1034,2024-07-13,shipped,5985.05
115131,1008,2025-01-03,pending,3166.01
115132,1045,2025-04-09,completed,1703.48
115133,1048,2023-05-12,completed,1163.52
115134,1014,2025-07-07,completed,1132.06
115135,1021,2025-06-18,shipped,1113.79
115136,1031,2023-10-08,refunded,287.59
115137,1026,2023-05-12,cancelled,1947.2
115138,1027,2023-07-09,completed,4603.38
115140,1042,2024-06-26,completed,2226.18
115141,1003,2023-10-12,pending,596.0
115142,1017,2023-01-29,pending,1192.52
115143,1033,2024-08-15,pending,3422.64
115144,1009,2024-01-22,completed,4490.91
115145,1035,2025-12-13,pending,2969.43
115146,1049,2023-12-04,refunded,1460.46
115147,1018,2024-04-08,cancelled,539.54
115148,1039,2024-09-25,completed,2374.21
115149,1045,2025-07-28,completed,1190.0
115150,1004,2025-10-27,completed,2104.37
115151,1035,2024-06-29,pending,1838.84
115152,1032,2024-08-20,shipped,618.66
115153,1016,2025-02-09,refunded,3071.52
115154,1031,2025-02-20,completed,4093.64
115155,1020,2025-11-02,completed,2257.52
115156,1021,2025-11-02,completed,417.12
115157,1019,2024-09-07,cancelled,1229.14
115158,1043,2024-10-02,refunded,1921.2
115159,1042,2025-12-26,cancelled,3790.47
115160,1009,2024-05-19,refunded,1447.04
115161,1045,2025-09-27,completed,3920.24
115162,1034,2025-09-18,cancelled,3943.37
115163,1010,2025-07-27,shipped,2573.31
115164,1035,2024-01-01,refunded,733.5
115165,1018,2024-12-07,completed,2021.78
115166,1033,2024-07-26,completed,7384.12
115167,1043,2023-08-19,cancelled,4641.51
115168,1031,2025-03-29,completed,4936.15
115169,1002,2025-08-27,shipped,470.7
115170,1047,2024-07-26,completed,1217.28
115171,1020,2023-03-06,completed,1975.68
115172,1048,2025-02-17,completed,3207.93
115173,1012,2025-06-01,completed,1566.68
115174,1039,2024-03-16,shipped,3260.46
115175,1020,2024-05-09,refunded,570.16
115176,1015,2023-09-19,completed,177.94
115177,1012,2024-02-05,completed,523.38
115178,1014,2024-01-11,completed,2306.84
115179,1003,2024-02-27,refunded,6438.01
115180,1030,2024-03-22,completed,2461.89
115181,1043,2023-11-20,completed,2058.13
115182,1026,2025-09-29,completed,525.48
115183,1021,2023-07-14,refunded,3136.69
115184,1046,2025-06-30,completed,2229.54
115185,1047,2024-02-27,shipped,2349.19
115186,1042,2023-10-18,refunded,435.82
115187,1031,2023-12-28,completed,4261.13
115188,1011,2025-05-28,completed,1896.03
115189,1009,2025-10-11,pending,1927.88
115190,1038,2023-05-21,completed,3170.77
115191,1046,2024-03-17,cancelled,3880.54
115192,1027,2023-06-21,completed,2035.1
115193,1008,2024-07-24,refunded,36.44
115194,1045,2023-12-23,pending,5156.46
115195,1037,2025-09-18,shipped,560.61
115196,1036,2024-07-28,cancelled,4491.37
115197,1001,2023-09-13,completed,2938.6
115198,1015,2023-01-01,shipped,1644.06
115199,1016,2025-05-11,shipped,1653.89
115200,1009,2025-09-01,completed,3903.5
115201,1004,2025-08-24,completed,3598.83
115202,1049,2024-03-31,cancelled,1921.69
115203,1027,2023-10-08,cancelled,821.7
115204,1026,2024-12-25,refunded,201.6
115205,1017,2023-08-01,cancelled,5359.57
115206,1021,2024-10-04,pending,3901.92
115207,1042,2024-07-17,completed,5255.46
115208,1037,2024-04-29,completed,1370.91
115209,1029,2023-06-21,completed,4403.28
115210,1043,2024-10-12,completed,487.64
115211,1030,2023-09-14,shipped,1260.0
115212,1019,2023-01-21,completed,2053.84
115213,1039,2025-04-17,completed,2974.52
115214,1021,2025-01-26,completed,4107.38
115215,1033,2023-12-18,shipped,5666.43
115216,1046,2025-05-25,pending,4335.62
115217,1002,2023-05-07,cancelled,7560.87
115218,1002,2025-11-21,completed,4018.44
115219,1006,2024-08-18,completed,797.4
115220,1043,2024-07-08,refunded,3767.24
115221,1003,2023-01-09,cancelled,2258.26
115222,1017,2024-11-21,refunded,5324.6
115224,1021,2025-07-12,pending,5113.54
115225,1031,2024-08-18,cancelled,1271.76
115227,1021,2025-05-10,refunded,3432.32
115229,1006,2023-07-25,completed,3026.08
115230,1036,2024-05-15,refunded,1684.9
115231,1038,2025-01-21,refunded,553.7
115232,1019,2024-05-11,pending,2948.56
115234,1003,2024-11-11,cancelled,199.08
115235,1048,2025-11-01,pending,628.3
115236,1027,2025-07-17,completed,7476.0
115238,1025,2024-11-20,pending,1754.16
115240,1001,2025-02-20,pending,212.27
115241,1010,2025-03-02,cancelled,2830.63
115242,1006,2023-02-09,completed,3165.74
115243,1029,2025-05-23,completed,452.9
115244,1047,2025-04-19,completed,4902.56
115245,1032,2024-03-04,pending,1480.16
115246,1005,2024-06-05,completed,1961.1
115247,1028,2024-06-15,completed,523.44
115248,1017,2023-01-29,refunded,1241.5
115249,1010,2024-02-05,pending,2576.02
115250,1037,2025-11-20,completed,5385.99
115251,1027,2025-03-05,completed,7210.98
115252,1009,2023-05-18,cancelled,5630.8
115253,1006,2023-01-16,pending,3376.4
115254,1007,2024-03-19,shipped,473.26
115255,1019,2024-03-17,cancelled,456.69
115256,1004,2023-10-25,completed,1907.8
115257,1011,2025-11-02,shipped,1474.16
115258,1013,2023-08-05,shipped,2141.73
115259,1030,2023-09-21,pending,2929.45
115260,1007,2023-07-19,completed,3429.39
115261,1003,2025-01-11,pending,3143.98
115262,1006,2023-07-30,completed,480.48
115263,1019,2025-06-01,pending,163.8
115264,1021,2024-10-16,completed,836.23
115265,1043,2023-09-26,shipped,4710.97
115266,1032,2024-11-14,cancelled,1025.58
115267,1034,2024-04-05,shipped,4854.06
115269,1001,2025-04-06,completed,5970.31
115270,1005,2023-06-14,pending,1729.84
115271,1029,2024-02-27,refunded,2776.01
115272,1042,2025-08-01,shipped,5540.98
115273,1044,2024-05-05,completed,561.24
115274,1017,2025-09-28,pending,985.86
115275,1045,2024-12-06,shipped,950.6
115276,1001,2025-10-04,cancelled,4060.6
115277,1007,2023-07-10,completed,3809.36
115278,1014,2025-05-18,refunded,4027.97
115279,1037,2025-02-24,shipped,1976.8
115280,1004,2023-12-14,completed,2320.55
115281,1008,2024-05-30,cancelled,281.8
115282,1008,2023-12-19,completed,3376.48
115283,1042,2024-02-04,completed,334.4
115284,1025,2024-11-14,completed,4002.6
115285,1024,2025-04-03,cancelled,1742.38
115286,1014,2025-05-01,shipped,156.88
115287,1043,2025-07-02,cancelled,1112.07
115288,1018,2025-05-26,completed,5249.34
115289,1008,2024-06-02,completed,2102.18
115290,1037,2025-09-27,shipped,4900.46
115291,1030,2023-12-29,refunded,3398.41
115292,1044,2024-11-06,shipped,843.72
115293,1004,2025-09-29,completed,2628.52
115294,1027,2024-12-20,completed,83.8
115295,1028,2024-11-28,completed,1899.79
115296,1047,2025-02-15,completed,2555.66
115297,1044,2025-05-01,cancelled,3841.64
115298,1018,2025-05-28,cancelled,1766.42
115299,1041,2025-10-01,completed,931.92
115300,1029,2025-10-04,completed,287.95
115301,1045,2023-12-05,cancelled,3229.78
115302,1018,2025-11-28,refunded,95.47
115303,1029,2024-06-23,completed,2713.97
115304,1032,2025-07-28,shipped,4683.3
115305,1050,2025-07-01,refunded,1759.27
115306,1022,2025-05-13,completed,5949.9
115307,1050,2023-03-29,refunded,3447.02
115308,1039,2023-04-11,shipped,1682.28
115309,1002,2025-02-08,refunded,699.16
115310,1040,2025-07-19,completed,2493.17
115311,1021,2023-03-10,cancelled,5151.77
115312,1011,2024-02-20,pending,3316.38
115313,1007,2023-08-18,completed,4913.78
115314,1024,2023-04-23,completed,1772.63
115315,1026,2024-07-17,shipped,5594.86
115317,1021,2024-11-17,refunded,3179.34
115318,1021,2025-09-04,cancelled,1695.8
115319,1036,2025-09-21,cancelled,400.25
115320,1027,2023-10-04,completed,4183.58
115321,1001,2023-01-23,pending,4530.81
115322,1018,2025-06-11,completed,705.06
115323,1041,2025-10-24,pending,6291.09
115324,1005,2025-11-06,cancelled,3772.23
115325,1007,2025-08-14,shipped,136.28
115326,1046,2024-09-15,refunded,4252.7
115327,1013,2025-10-03,cancelled,4329.0
115328,1018,2025-08-10,shipped,4429.61
115329,1042,2023-07-22,refunded,1291.8
115330,1012,2025-07-27,refunded,1055.74
115331,1015,2023-05-18,refunded,1960.54
115332,1011,2025-02-08,cancelled,2077.28
115333,1038,2023-12-29,cancelled,1529.35
115334,1030,2024-12-26,completed,1076.04
115335,1032,2024-02-23,refunded,2220.25
115336,1049,2025-11-24,pending,2363.16
115337,1008,2025-05-21,cancelled,1884.76
115338,1043,2025-12-11,completed,643.65
115339,1035,2024-04-13,pending,1455.27
115340,1027,2024-11-08,cancelled,2992.5
115341,1044,2023-04-12,completed,3109.02
115342,1041,2023-07-17,refunded,4373.32
115343,1050,2025-06-26,completed,2123.84
115344,1037,2024-04-01,completed,1678.72
115345,1012,2024-08-01,completed,6890.54
115346,1039,2023-04-19,cancelled,5796.95
115347,1018,2025-05-05,completed,2014.25
115348,1014,2024-07-07,cancelled,2142.25
115349,1027,2025-09-05,completed,5350.04
115350,1007,2024-02-26,pending,1270.0
115351,1028,2025-03-26,completed,3064.72
115352,1050,2025-07-07,pending,2703.24
115353,1014,2023-08-21,refunded,3027.81
115354,1014,2024-09-06,completed,3194.9
115355,1041,2023-05-20,cancelled,3738.47
115356,1046,2023-09-04,cancelled,2111.34
115357,1014,2025-11-14,completed,2686.25
115358,1009,2024-09-14,refunded,3074.2
115360,1039,2025-01-12,completed,1315.52
115361,1026,2023-04-14,shipped,1395.65
115362,1043,2023-03-29,completed,1579.82
115363,1035,2023-03-02,completed,3183.76
115364,1026,2025-07-12,completed,3910.44
115365,1035,2024-05-30,completed,4054.74
115366,1037,2024-05-23,completed,4114.88
115367,1043,2023-11-02,completed,5563.11
115368,1031,2025-06-19,refunded,5223.11
115369,1049,2025-09-14,completed,1188.24
115370,1004,2025-09-10,shipped,4172.28
115371,1020,2024-08-25,completed,90.68
115372,1030,2023-12-30,completed,2518.94
115373,1032,2025-10-10,pending,1675.0
115374,1029,2023-10-01,cancelled,2053.75
115375,1004,2023-06-27,refunded,3110.85
115376,1020,2023-02-10,pending,2784.69
115377,1039,2025-05-13,completed,2075.02
115378,1017,2024-07-14,completed,3008.38
115379,1011,2024-07-16,pending,4051.79
115380,1018,2025-05-09,cancelled,5820.37
115381,1029,2024-10-15,shipped,1715.73
115383,1004,2023-12-18,completed,3066.07
115384,1027,2025-09-18,pending,1840.51
115385,1018,2025-12-24,pending,4519.57
115386,1034,2025-06-11,refunded,961.76
115387,1002,2024-03-14,shipped,4291.29
115388,1003,2025-07-07,completed,1929.72
115389,1031,2025-08-06,completed,3815.36
115390,1018,2024-02-04,cancelled,7100.37
115391,1005,2023-06-26,pending,5439.44
115392,1024,2025-09-06,cancelled,4068.0
115393,1014,2025-09-29,completed,2981.37
115394,1015,2026-08-04,pending,4432.49
115395,1023,2025-05-18,completed,281.45
115396,1045,2024-09-18,completed,2217.79
115397,1036,2024-08-17,completed,330.9
115398,1038,2023-01-22,shipped,2066.84
115400,1014,2025-10-22,refunded,1664.28
115401,1001,2024-08-10,completed,894.3
115403,1021,2024-09-21,shipped,3756.62
115404,1008,2025-04-29,cancelled,4303.89
115405,1012,2024-09-14,cancelled,3531.7
115406,1012,2024-07-10,cancelled,408.2
115407,1024,2024-01-01,completed,5361.67
115408,1034,2023-10-17,pending,1724.42
115409,1006,2025-04-04,pending,3324.61
115410,1004,2024-02-28,completed,191.7
115411,1008,2025-10-02,completed,4145.01
115413,1044,2024-08-10,pending,1600.12
115414,1044,2025-03-02,completed,47.68
115415,1040,2026-07-21,cancelled,1974.33
115416,1037,2024-08-12,completed,1280.44
115417,1038,2023-08-17,completed,4791.62
115419,1003,2024-12-09,completed,7716.42
115420,1032,2023-06-05,completed,2957.05
115421,1022,2024-09-18,completed,6945.02
115422,1020,2025-02-03,refunded,3571.52
115423,1044,2026-09-29,completed,686.77
115424,1038,2025-06-27,completed,2921.56
115425,1016,2023-11-05,pending,930.0
115426,1016,2023-10-25,completed,865.03
115427,1024,2025-05-27,completed,3593.31
115428,1017,2023-11-08,shipped,1635.61
115429,1027,2023-05-24,completed,3506.8
115430,1007,2024-10-09,refunded,1999.63
115431,1017,2025-12-17,refunded,89.43
115432,1014,2023-08-20,pending,93.1
115433,1012,2024-05-05,shipped,2163.25
115434,1012,2025-09-06,completed,2909.01
115435,1022,2024-04-03,refunded,3260.47
115436,1039,2024-02-20,shipped,1090.62
115437,1007,2024-02-06,pending,2244.17
115438,1037,2025-11-15,shipped,5641.16
115439,1007,2025-03-27,shipped,1204.75
115440,1046,2023-11-03,shipped,3324.34
115441,1037,2025-07-05,shipped,2974.16
115442,1008,2025-06-07,completed,2666.43
115443,1046,2025-02-14,completed,755.04
115444,1045,2024-05-25,completed,2893.29
115445,1004,2024-04-27,shipped,929.1
115446,1020,2024-04-21,cancelled,2265.1
115447,1011,2023-08-22,shipped,2146.1
115448,1007,2025-02-10,completed,827.28
115449,1025,2025-04-07,cancelled,6356.88
115450,1042,2024-03-03,completed,607.66
115451,1027,2024-12-19,shipped,466.86
115452,1020,2023-11-12,completed,1872.1
115453,1035,2025-06-07,shipped,877.08
115454,1002,2023-04-26,pending,4167.22
115455,1023,2025-06-28,shipped,640.8
115456,1016,2025-06-26,cancelled,3747.38
115457,1028,2025-09-14,shipped,411.8
115458,1046,2023-04-03,cancelled,2592.64
115459,1001,2024-06-26,shipped,3485.53
115460,1037,2024-04-11,completed,5168.41
115461,1041,2025-09-22,completed,1561.68
115462,1040,2023-11-20,completed,2426.43
115463,1019,2023-04-24,completed,4325.02
115464,1009,2024-07-26,cancelled,2195.44
115465,1048,2024-01-20,completed,933.75
115466,1023,2024-07-14,shipped,1269.92
115467,1022,2025-04-17,pending,2578.2
115468,1011,2023-10-17,completed,2862.96
115469,1047,2024-05-02,pending,531.13
115470,1049,2025-08-14,refunded,1823.84
115471,1004,2024-12-14,refunded,1221.17
115472,1016,2025-03-23,cancelled,2047.17
115473,1024,2023-03-12,pending,4266.82
115475,1038,2024-09-04,shipped,5893.62
115476,1007,2024-12-27,refunded,1373.88
115477,1025,2023-01-17,shipped,1242.28
115478,1001,2025-11-12,pending,1167.11
115479,1018,2023-11-26,completed,2264.22
115480,1018,2024-10-03,completed,8731.46
115481,1041,2023-05-13,shipped,2875.63
115482,1022,2025-10-27,pending,4739.66
115483,1020,2024-12-07,shipped,3157.52
115484,1038,2024-07-13,refunded,1717.91
115485,1039,2024-10-20,pending,3925.09
115486,1030,2025-03-13,cancelled,2607.1
115487,1020,2025-10-19,shipped,3958.41
115488,1003,2025-06-29,completed,2434.26
115489,1018,2023-10-17,pending,3920.9
115490,1020,2025-02-14,cancelled,1697.52
115491,1039,2024-10-25,completed,2169.86
115492,1033,2023-01-22,pending,2311.82
115493,1023,2025-07-31,completed,4066.5
115494,1050,2025-09-02,refunded,2262.64
115495,1022,2025-08-21,cancelled,2522.36
115496,1008,2024-05-13,cancelled,3499.82
115497,1030,2024-10-15,completed,1247.9
115498,1015,2025-02-11,shipped,722.9
115500,1001,2023-08-28,shipped,238.11
115501,1033,2023-05-25,refunded,7311.0
115502,1005,2023-03-18,completed,1936.62
115503,1025,2023-04-22,pending,1317.54
115504,1046,2023-06-15,completed,5458.25
115505,1010,2024-12-10,completed,3870.63
115507,1033,2023-11-18,refunded,1994.73
115509,1046,2024-10-14,pending,1627.5
115510,1035,2024-03-10,completed,238.49
115511,1041,2024-09-25,refunded,4144.14
115512,1015,2025-02-04,completed,3179.4
115513,1010,2025-04-03,shipped,945.38
115514,1039,2023-04-17,shipped,1757.7
115515,1011,2025-06-07,completed,1519.6
115516,1004,2023-03-27,completed,572.77
115517,1012,2025-06-10,completed,4796.9
115519,1001,2023-01-27,refunded,2368.4
115520,1031,2025-04-22,cancelled,4344.69
115521,1007,2023-10-15,refunded,2137.85
115522,1019,2023-03-26,refunded,1420.78
115523,1028,2023-08-20,pending,6450.36
115524,1017,2023-02-20,pending,658.08
115525,1007,2024-04-14,completed,4868.39
115526,1032,2024-10-05,shipped,1231.2
115527,1011,2025-11-29,shipped,1999.68
115528,1032,2025-03-23,shipped,821.79
115529,1024,2024-04-25,refunded,3350.37
115530,1027,2024-08-10,completed,1249.71
115531,1046,2025-10-26,completed,368.46
115532,1009,2023-04-17,completed,2298.76
115533,1033,2023-07-16,cancelled,1891.2
115534,1018,2024-06-21,cancelled,2927.7
115535,1010,2025-12-17,pending,1334.78
115536,1009,2023-05-20,completed,502.43
115537,1012,2023-02-01,refunded,960.59
115538,1046,2025-05-26,completed,1655.57
115539,1005,2024-01-18,cancelled,1840.59
115540,1017,2023-04-16,completed,213.39
115541,1043,2025-07-25,shipped,884.3
115542,1049,2024-11-19,pending,1345.99
115543,1020,2023-02-26,completed,526.92
115544,1024,2025-03-14,shipped,1206.9
115545,1041,2024-09-24,cancelled,1440.49
115546,1047,2023-08-10,completed,3410.35
115547,1023,2023-10-11,cancelled,4488.28
115548,1045,2024-03-28,completed,1310.46
115549,1048,2025-02-06,pending,2360.97
115550,1025,2025-01-07,completed,2675.32
115551,1047,2025-11-13,cancelled,3017.99
115552,1001,2025-07-26,completed,2410.91
115553,1004,2024-03-11,shipped,2450.07
115554,1011,2024-05-24,completed,2281.9
115556,1005,2024-09-23,completed,2118.28
115557,1010,2023-11-08,refunded,5106.8
115558,1044,2024-01-26,refunded,4043.58
115559,1025,2025-03-04,shipped,1899.27
115560,1003,2023-10-10,pending,1964.85
115561,1005,2024-07-11,completed,1969.52
115562,1035,2024-09-23,completed,1710.88
115563,1034,2024-04-11,completed,344.22
115564,1032,2023-04-11,pending,2514.95
115565,1039,2023-10-01,pending,2327.33
115566,1038,2023-08-12,refunded,1179.36
115567,1013,2023-01-16,shipped,3165.77
115568,1047,2024-06-22,completed,341.52
115569,1023,2025-12-29,refunded,3249.71
115571,1048,2024-09-24,completed,218.46
115572,1006,2024-01-06,pending,2725.44
115573,1047,2023-11-11,pending,6514.12
115574,1050,2025-03-15,refunded,4170.43
115575,1009,2024-11-14,completed,2564.31
115576,1009,2025-01-07,shipped,3515.21
115577,1008,2024-03-16,completed,329.6
115578,1027,2025-02-01,completed,480.66
115579,1038,2024-07-06,cancelled,250.81
115580,1003,2024-11-13,shipped,1572.78
115581,1004,2023-04-12,pending,284.44
115582,1013,2024-07-14,cancelled,4757.13
115583,1007,2024-07-31,shipped,3799.76
115584,1046,2023-08-23,cancelled,276.43
115585,1042,2023-08-22,completed,2188.57
115586,1012,2023-07-09,cancelled,4057.91
115587,1031,2024-06-01,pending,2175.3
115588,1050,2023-01-08,completed,980.91
115589,1049,2023-10-17,pending,390.5
115590,1042,2025-01-11,refunded,974.36
115591,1039,2024-11-12,refunded,1336.14
115592,1038,2025-03-28,pending,2144.42
115593,1001,2025-10-13,pending,3513.3
115594,1013,2024-12-22,shipped,1029.55
115595,1041,2024-04-13,completed,3827.79
115596,1038,2023-09-29,refunded,2500.92
115597,1035,2025-05-26,completed,2534.84
115598,1006,2024-07-05,refunded,3153.51
115599,1007,2023-08-09,cancelled,1156.56
115600,1048,2024-10-01,completed,4043.62
115602,1049,2024-04-23,completed,1764.35
115603,1016,2023-05-03,completed,1909.0
115604,1029,2024-02-16,cancelled,4496.97
115605,1028,2024-02-13,cancelled,2012.16
115606,1001,2024-12-08,completed,4794.38
115607,1024,2025-06-28,completed,375.45
115608,1004,2024-08-15,completed,623.88
115609,1010,2025-07-23,refunded,2236.94
115610,1021,2023-12-16,completed,1941.16
115611,1004,2023-08-14,refunded,1595.25
115612,1009,2025-04-14,completed,4996.2
115613,1007,2024-12-10,shipped,1238.03
115614,1041,2025-12-06,cancelled,123.6
115615,1014,2024-03-17,cancelled,2432.43
115616,1043,2025-10-11,completed,2882.34
115617,1002,2024-09-21,completed,709.55
115618,1036,2025-07-13,shipped,3231.25
115619,1030,2025-05-09,cancelled,343.98
115620,1045,2025-04-14,pending,1809.83
115621,1048,2023-04-24,completed,640.3
115622,1021,2024-05-12,completed,1551.92
115623,1031,2024-11-04,completed,2334.39
115624,1040,2024-10-09,completed,3691.59
115625,1042,2023-09-16,completed,818.37
115626,1006,2023-09-22,pending,3649.62
115627,1024,2024-05-29,completed,3660.37
115628,1016,2023-06-28,pending,1649.64
115629,1040,2025-02-18,shipped,3854.98
115631,1043,2024-09-15,completed,2596.25
115632,1005,2024-05-17,cancelled,1568.85
115633,1025,2024-01-03,completed,6630.08
115634,1013,2025-02-19,completed,4260.3
115635,1048,2023-08-12,cancelled,4370.5
115636,1046,2023-06-06,pending,2087.98
115637,1001,2025-08-31,shipped,86.59
115638,1036,2023-07-01,completed,3470.93
115639,1006,2025-10-03,completed,503.11
115640,1005,2023-01-12,completed,2539.3
115641,1015,2025-09-13,completed,1348.45
115642,1046,2024-09-04,completed,580.6
115643,1030,2025-01-04,completed,4939.76
115644,1044,2025-01-05,shipped,707.66
115645,1037,2025-09-23,pending,2087.14
115646,1035,2025-08-14,shipped,3608.58
115647,1007,2023-06-09,completed,3011.36
115648,1007,2024-05-09,shipped,3784.76
115649,1008,2025-02-22,completed,1878.42
115650,1019,2025-08-17,completed,532.26
115651,1012,2023-02-17,shipped,1081.2
115652,1043,2023-02-05,cancelled,3231.75
115653,1040,2024-07-18,completed,148.53
115654,1016,2026-05-20,completed,1940.62
115656,1040,2023-01-06,completed,5085.72
115657,1017,2023-09-12,shipped,4003.29
115658,1029,2025-11-13,refunded,1457.0
115659,1037,2024-04-17,completed,1092.64
115660,1014,2025-10-06,refunded,3281.57
115661,1003,2023-10-12,completed,226.48
115662,1038,2025-10-13,refunded,4863.08
115663,1027,2024-10-25,completed,323.16
115664,1015,2023-10-27,pending,983.86
115665,1011,2024-11-10,completed,916.1
115666,1046,2024-04-23,completed,3136.68
115667,1034,2023-10-16,pending,1870.92
115668,1040,2025-01-19,shipped,3389.98
115669,1037,2024-12-05,shipped,4395.88
115670,1023,2024-01-24,completed,2596.57
115671,1036,2023-07-17,cancelled,3547.68
115672,1042,2025-06-08,completed,5879.87
115673,1027,2025-02-16,cancelled,3037.87
115674,1034,2025-07-27,pending,4304.93
115675,1018,2023-01-23,completed,222.64
115676,1031,2024-05-11,refunded,3309.1
115677,1028,2023-07-06,shipped,2311.86
115678,1018,2023-07-02,completed,3121.66
115679,1043,2025-05-09,cancelled,2494.09
115680,1018,2023-11-17,completed,2632.94
115681,1001,2023-12-21,completed,1809.38
115682,1008,2023-09-18,refunded,897.44
115683,1034,2024-01-11,completed,77.43
115684,1047,2024-02-22,refunded,2328.98
115685,1008,2024-01-20,cancelled,1002.24
115686,1047,2024-09-07,shipped,1601.06
115688,1044,2023-11-15,completed,7241.9
115689,1005,2024-07-24,completed,5298.62
115690,1013,2024-07-08,pending,4124.42
115691,1047,2025-03-26,completed,2527.54
115692,1023,2025-11-20,refunded,2412.03
115693,1001,2024-11-13,completed,1304.05
115694,1005,2025-05-26,pending,1243.12
115695,1027,2025-07-18,completed,3541.03
115696,1029,2023-01-07,completed,3606.06
115697,1039,2023-05-27,completed,1497.25
115698,1005,2025-11-22,completed,3405.17
115699,1035,2024-06-20,completed,5227.19
115700,1037,2025-11-13,refunded,6026.13
115701,1017,2024-08-13,refunded,851.2
115702,1042,2025-07-18,shipped,903.98
115703,1013,2024-04-18,pending,3500.98
115704,1009,2024-02-15,cancelled,2678.1
115705,1047,2023-11-05,refunded,5274.86
115706,1013,2023-03-15,refunded,3037.86
115707,1018,2024-11-30,completed,2289.99
115708,1035,2024-11-26,completed,1968.94
115709,1036,2025-09-30,cancelled,1204.18
115710,1050,2025-02-16,refunded,1843.66
115711,1008,2025-06-04,cancelled,2518.02
115712,1021,2023-11-07,completed,1487.92
115713,1004,2025-01-03,refunded,298.35
115714,1025,2023-08-04,shipped,746.31
115715,1026,2023-06-07,refunded,191.68
115716,1034,2023-02-11,completed,4712.04
115717,1037,2023-10-14,shipped,3407.55
115718,1030,2025-01-14,completed,1616.92
115719,1012,2025-05-05,shipped,3630.41
115720,1033,2024-01-27,shipped,3075.99
115721,1030,2024-06-15,completed,3424.9
115722,1050,2023-12-03,refunded,2517.97
115723,1050,2023-09-30,cancelled,3513.52
115724,1031,2023-09-19,completed,6986.67
115725,1004,2024-02-20,completed,3152.53
115726,1041,2023-03-16,completed,1016.11
115727,1005,2025-03-15,shipped,653.9
115728,1009,2025-10-08,shipped,7089.16
115729,1017,2023-06-10,completed,3141.88
115730,1037,2023-07-25,completed,4693.4
115731,1035,2024-09-03,completed,191.44
115732,1036,2025-03-16,completed,1395.61
115733,1050,2024-07-04,shipped,2145.24
115734,1036,2024-03-01,cancelled,1637.19
115735,1029,2024-01-21,completed,444.84
115736,1002,2024-11-29,completed,1809.55
115737,1035,2024-05-21,completed,4570.35
115738,1046,2023-07-25,completed,152.85
115739,1003,2023-10-09,shipped,1247.16
115740,1014,2025-06-14,refunded,288.3
115741,1024,2025-02-19,completed,4255.45
115742,1001,2024-11-06,completed,4298.12
115743,1024,2024-04-21,shipped,1949.47
115744,1001,2025-12-29,shipped,3450.48
115745,1012,2023-06-10,cancelled,6623.96
115746,1018,2025-09-13,shipped,1663.47
115747,1010,2025-03-13,shipped,687.42
115748,1016,2024-03-21,shipped,31.53
115749,1014,2023-09-10,shipped,4148.6
115750,1041,2025-07-31,pending,239.44
115751,1016,2024-04-25,completed,2754.95
115752,1026,2023-01-18,completed,1237.27
115753,1045,2025-01-11,completed,2298.16
115754,1007,2024-10-31,refunded,2078.47
115755,1002,2024-03-21,completed,1066.43
115756,1034,2024-02-20,pending,4272.16
115757,1023,2025-10-30,refunded,1732.17
115758,1050,2025-04-02,pending,3084.3
115759,1047,2025-12-27,refunded,3796.19
115760,1037,2024-07-04,completed,1487.31
115761,1028,2023-11-27,completed,1850.8
115762,1046,2025-04-09,refunded,132.24
115763,1043,2023-06-22,cancelled,4229.03
115764,1037,2025-08-03,refunded,229.05
115765,1020,2025-04-04,completed,1896.06
115766,1021,2024-08-17,completed,3789.54
115767,1046,2024-11-27,pending,2544.35
115768,1037,2023-04-03,cancelled,879.72
115769,1003,2023-10-22,completed,902.55
115770,1009,2023-03-26,cancelled,1470.95
115771,1009,2024-11-08,pending,1258.2
115772,1045,2024-01-23,refunded,2302.62
115773,1040,2024-02-22,completed,3500.65
115774,1010,2024-06-20,completed,1238.39
115775,1021,2023-12-09,completed,5259.25
115776,1026,2025-06-06,pending,1418.8
115777,1022,2023-01-11,shipped,1447.12
115778,1009,2023-08-09,completed,916.7
115779,1015,2023-04-08,shipped,2001.68
115780,1044,2023-08-25,completed,2862.06
115781,1021,2024-09-10,completed,3769.01
115782,1027,2025-01-03,shipped,2916.64
115783,1019,2023-06-12,completed,3836.36
115784,1014,2025-09-08,completed,3058.78
115785,1038,2025-04-02,refunded,2859.46
115786,1035,2023-05-28,completed,2522.85
115787,1002,2024-09-12,completed,6513.54
115788,1018,2024-06-30,completed,1313.79
115789,1042,2024-01-01,completed,1567.41
115790,1024,2025-03-25,refunded,478.13
115791,1025,2024-06-03,shipped,2870.32
115792,1042,2025-07-17,cancelled,1841.17
115793,1047,2023-10-11,cancelled,3689.24
115794,1007,2025-03-30,cancelled,1450.27
115795,1002,2024-01-16,refunded,3863.88
115796,1006,2025-06-04,refunded,5167.93
115797,1009,2023-07-20,cancelled,1849.69
115798,1033,2023-12-05,completed,3071.33
115799,1048,2025-02-25,completed,2880.81
115800,1023,2023-11-23,refunded,5954.54
115801,1024,2025-09-26,completed,2468.11
115802,1011,2025-08-16,cancelled,915.56
115803,1017,2025-06-10,completed,4658.25
115804,1017,2023-07-27,completed,306.18
115805,1004,2023-06-03,completed,587.64
115806,1031,2024-04-27,pending,774.7
115807,1037,2024-12-18,completed,581.26
115808,1024,2025-08-28,shipped,3521.96
115809,1015,2024-09-23,completed,8291.93
115810,1046,2025-09-07,shipped,1871.38
115812,1036,2025-01-23,pending,4159.23
115813,1026,2023-10-11,cancelled,2220.05
115814,1039,2024-04-16,completed,770.53
115815,1035,2024-02-13,completed,5711.82
115816,1041,2025-05-01,pending,3057.36
115817,1036,2023-05-18,completed,4168.7
115818,1046,2023-07-25,completed,1938.66
115819,1038,2025-10-27,shipped,5406.2
115820,1034,2024-09-08,completed,2464.5
115821,1036,2025-06-04,completed,5390.25
115822,1025,2024-03-10,shipped,4589.63
115823,1037,2023-03-02,cancelled,405.52
115824,1018,2024-09-29,shipped,3942.27
115825,1046,2023-06-05,refunded,2045.06
115826,1036,2024-12-02,refunded,3347.11
115827,1001,2025-02-15,pending,3381.77
115828,1043,2025-04-01,pending,2190.15
115829,1045,2024-02-05,completed,512.29
115830,1044,2024-09-09,completed,681.8
115831,1037,2023-10-05,completed,2360.27
115832,1043,2024-03-19,shipped,1028.52
115833,1019,2024-01-18,shipped,1878.2
115834,1019,2024-03-09,completed,2029.05
115835,1046,2025-04-12,pending,3636.92
115836,1015,2024-05-06,completed,1163.1
115837,1016,2023-09-02,shipped,1518.65
115838,1042,2025-03-04,completed,1006.17
115839,1029,2024-08-13,completed,2100.01
115840,1044,2023-06-06,completed,5061.45
115841,1040,2024-09-23,pending,3011.2
115842,1002,2023-01-18,completed,2237.92
115843,1036,2025-03-29,completed,1231.71
115845,1036,2023-02-12,cancelled,286.89
115846,1040,2023-08-24,completed,3219.52
115847,1032,2024-12-10,pending,180.31
115848,1036,2025-03-23,refunded,2440.9
115849,1034,2024-09-01,pending,6772.72
115850,1035,2023-06-01,refunded,4099.84
115851,1017,2024-06-19,completed,2444.49
115852,1048,2024-02-20,pending,4853.24
115853,1013,2025-09-12,pending,479.7
115854,1048,2024-09-18,pending,4072.62
115855,1048,2024-01-16,shipped,948.29
115856,1024,2024-02-03,refunded,2055.08
115857,1037,2024-04-21,completed,1831.21
115858,1030,2023-10-04,refunded,1115.68
115859,1015,2023-12-17,pending,798.02
115860,1031,2025-09-18,shipped,1564.91
115861,1042,2023-05-25,refunded,865.69
115862,1008,2023-07-12,completed,892.92
115863,1046,2025-07-30,pending,913.91
115864,1021,2025-05-01,completed,6952.69
115865,1011,2024-08-02,completed,779.34
115866,1049,2023-11-04,completed,3231.06
115868,1035,2025-11-21,refunded,4251.97
115869,1003,2025-10-24,shipped,1392.0
115870,1028,2025-04-07,completed,835.4
115872,1010,2023-01-23,pending,1959.06
115873,1013,2025-01-24,completed,446.2
115874,1034,2024-01-25,cancelled,1662.82
115875,1007,2025-07-14,shipped,4939.77
115876,1045,2025-10-30,refunded,6390.18
115877,1010,2025-05-17,completed,3186.48
115878,1042,2024-03-31,cancelled,2890.42
115879,1021,2025-09-15,refunded,3359.72
115881,1029,2023-05-26,completed,108.32
115882,1037,2025-08-18,completed,3549.85
115883,1038,2023-10-12,refunded,3586.86
115885,1014,2025-01-12,shipped,250.06
115886,1018,2023-07-19,cancelled,1762.71
115887,1026,2023-11-12,pending,1482.83
115888,1026,2024-02-08,refunded,1458.98
115889,1021,2025-01-31,shipped,4764.09
115890,1010,2024-04-04,shipped,985.86
115891,1028,2025-01-05,completed,4056.11
115892,1014,2024-05-08,refunded,4319.12
115893,1022,2025-10-15,cancelled,2134.6
115894,1008,2024-05-13,refunded,252.16
115895,1002,2023-11-19,shipped,1291.5
115896,1002,2025-03-09,shipped,1968.57
115897,1049,2024-05-18,completed,2351.32
115898,1035,2024-08-23,completed,809.55
115899,1022,2025-02-23,refunded,2606.25
115900,1030,2024-11-04,completed,3725.49
115901,1006,2024-06-16,pending,2325.24
115902,1036,2024-07-08,completed,720.95
115903,1025,2023-11-14,pending,547.26
115904,1017,2024-09-25,cancelled,1209.16
115905,1010,2024-09-03,shipped,4082.43
115906,1018,2025-11-01,pending,4934.93
115907,1011,2023-12-21,shipped,3762.23
115908,1024,2024-03-02,refunded,6819.98
115909,1039,2026-09-25,cancelled,1069.85
115910,1042,2023-09-03,completed,1949.75
115911,1022,2023-08-26,completed,1701.2
115912,1011,2025-06-16,pending,3548.37
115913,1025,2024-02-04,cancelled,1117.84
115915,1003,2023-01-03,refunded,5504.66
115916,1027,2024-11-26,refunded,1153.85
115917,1034,2024-05-04,pending,1912.51
115918,1010,2023-12-07,shipped,3140.62
115919,1033,2023-01-13,cancelled,744.7
115920,1022,2024-06-24,completed,1104.19
115921,1029,2025-04-18,cancelled,2801.38
115922,1017,2024-03-12,pending,2771.49
115923,1027,2024-07-13,shipped,1974.6
115924,1031,2024-11-07,cancelled,6468.41
115925,1032,2024-04-21,completed,3427.09
115926,1005,2024-02-06,completed,4734.39
115927,1004,2024-10-17,cancelled,2581.97
115928,1026,2023-06-06,completed,2338.81
115929,1035,2023-11-22,pending,5247.64
115930,1012,2024-11-16,completed,2956.11
115931,1032,2024-10-30,completed,1062.27
115932,1037,2025-12-29,shipped,1571.08
115933,1038,2025-06-02,completed,629.04
115934,1031,2023-05-31,pending,1360.17
115935,1019,2024-07-23,pending,795.69
115936,1041,2025-10-21,refunded,1038.6
115937,1034,2024-01-25,cancelled,216.2
115938,1030,2023-05-01,refunded,7547.98
115939,1012,2023-12-31,cancelled,3385.56
115940,1007,2024-11-24,refunded,4812.0
115941,1017,2024-11-29,completed,3048.44
115942,1007,2025-01-22,completed,4060.51
115943,1030,2023-04-19,completed,2002.06
115944,1036,2023-09-27,refunded,89.74
115945,1045,2024-05-26,cancelled,2169.31
115946,1006,2025-03-24,completed,1894.36
115947,1030,2023-01-31,refunded,1069.24
115948,1008,2023-04-09,completed,5674.63
115949,1045,2024-05-11,pending,169.94
115950,1049,2023-06-17,pending,2798.3
115951,1027,2025-03-20,completed,247.5
115952,1009,2025-03-24,shipped,1542.33
115953,1014,2025-12-18,shipped,1216.35
115954,1006,2025-08-17,refunded,3448.72
115955,1029,2025-07-30,shipped,2570.99
115956,1008,2024-02-12,completed,5485.7
115957,1021,2025-06-27,completed,1617.19
115958,1024,2023-07-01,cancelled,5435.58
115959,1004,2024-06-07,completed,4164.37
115960,1035,2023-03-04,shipped,2571.32
115961,1037,2023-07-13,completed,276.39
115962,1006,2024-09-02,completed,646.8
115963,1021,2023-07-09,completed,3894.13
115964,1041,2023-02-12,refunded,814.48
115965,1010,2025-02-20,pending,3660.91
115966,1033,2024-08-30,refunded,228.94
115967,1038,2025-04-25,completed,866.4
115968,1022,2023-02-02,completed,4688.69
115969,1050,2025-07-13,shipped,734.48
115970,1039,2024-04-08,completed,2755.32
115971,1040,2023-05-06,completed,3646.72
115972,1016,2023-07-02,completed,179.13
115973,1037,2023-03-31,completed,159.81
115974,1048,2025-03-07,completed,4255.47
115975,1018,2025-03-03,completed,122.76
115976,1009,2025-04-03,cancelled,4081.46
115978,1043,2025-04-27,refunded,1332.08
115979,1015,2023-10-05,completed,2596.47
115980,1005,2025-12-05,completed,1013.85
115981,1028,2025-12-07,shipped,3647.26
115982,1010,2025-03-08,pending,1615.9
115983,1023,2024-04-08,completed,1389.86
115984,1027,2024-06-08,completed,286.07
115985,1043,2023-10-19,pending,2243.1
115986,1029,2023-12-17,refunded,3617.04
115987,1036,2025-04-19,cancelled,357.9
115988,1025,2023-11-09,cancelled,3921.39
115989,1050,2023-06-02,completed,2543.03
115990,1011,2024-07-12,cancelled,71.36
115991,1004,2023-08-13,cancelled,2812.5
115992,1028,2024-02-01,shipped,1960.4
115993,1027,2025-06-17,cancelled,1196.98
115994,1007,2025-05-17,pending,5128.57
115995,1032,2025-06-15,completed,3546.28
115996,1009,2025-01-13,shipped,4938.77
115997,1006,2024-12-09,completed,2733.16
115998,1043,2023-04-15,pending,2728.69
116000,1018,2025-01-19,pending,3226.69
116001,1050,2023-11-22,completed,1040.5
116002,1048,2024-12-10,refunded,348.0
116003,1030,2024-07-23,cancelled,3202.63
116004,1048,2025-03-20,pending,50.58
116005,1003,2024-11-17,refunded,2644.28
116006,1029,2023-08-18,refunded,3731.56
116007,1005,2023-03-21,completed,2732.94
116008,1018,2023-02-06,completed,2348.78
116009,1022,2024-01-28,completed,5795.83
116011,1014,2025-10-01,shipped,1940.87
116012,1035,2025-04-18,completed,4447.77
116013,1032,2024-11-25,completed,431.1
116014,1046,2023-06-10,completed,2431.71
116015,1036,2024-05-01,completed,3029.88
116016,1015,2025-11-17,completed,2538.52
116017,1050,2025-11-22,completed,5542.38
116018,1021,2025-11-23,completed,2891.24
116019,1037,2024-06-01,completed,3602.15
116020,1011,2023-11-26,shipped,1273.8
116021,1008,2025-10-12,completed,5496.6
116022,1018,2023-09-11,cancelled,1390.1
116023,1039,2027-05-08,completed,3513.37
116024,1024,2024-03-20,shipped,1655.99
116025,1027,2023-01-16,completed,982.16
116026,1046,2025-05-10,shipped,2001.78
116027,1030,2023-02-02,completed,2415.6
116028,1001,2024-11-25,completed,706.4
116029,1046,2023-10-31,pending,1012.48
116030,1017,2023-03-18,cancelled,1146.85
116031,1013,2023-04-06,completed,3887.29
116032,1017,2023-10-20,pending,3680.81
116033,1041,2023-01-15,pending,2683.38
116034,1023,2023-05-20,shipped,4397.67
116035,1007,2023-08-17,refunded,2440.44
116036,1050,2025-12-04,completed,4264.51
116037,1048,2024-01-20,completed,5818.36
116038,1029,2025-04-29,pending,1134.99
116039,1002,2025-03-07,cancelled,1584.93
116040,1003,2023-05-17,cancelled,1525.91
116041,1012,2024-01-15,pending,6998.45
116042,1017,2024-09-04,refunded,4593.46
116043,1013,2025-02-26,completed,4108.22
116044,1019,2024-07-11,shipped,427.47
116046,1008,2025-08-04,shipped,2359.23
116047,1030,2024-06-26,cancelled,305.48
116048,1034,2024-11-02,refunded,1309.77
116049,1026,2025-08-25,completed,531.52
116050,1004,2025-12-28,completed,7040.01
116051,1044,2023-03-25,pending,3824.16
116052,1008,2024-08-27,completed,113.47
116053,1016,2025-12-27,refunded,4667.21
116054,1007,2025-06-24,shipped,3542.13
116055,1030,2023-02-21,completed,1946.99
116056,1010,2023-08-20,completed,1374.01
116057,1002,2023-05-08,completed,477.4
116058,1043,2023-06-15,completed,1804.16
116059,1041,2024-05-08,refunded,5080.78
116060,1037,2024-09-26,shipped,2696.45
116061,1008,2023-12-24,cancelled,1891.05
116062,1043,2023-06-03,completed,281.94
116064,1043,2023-12-29,pending,3825.78
116065,1046,2024-02-06,refunded,971.7
116066,1037,2024-01-14,pending,5559.14
116067,1038,2025-09-13,completed,2393.73
116068,1039,2023-01-24,completed,2123.83
116069,1043,2024-08-30,pending,1084.31
116070,1039,2024-08-03,refunded,1133.55
116071,1021,2023-05-09,completed,6459.48
116072,1042,2024-10-21,shipped,5751.94
116073,1030,2025-05-07,pending,3661.1
116074,1027,2024-01-21,refunded,3365.61
116075,1010,2023-01-07,shipped,2556.72
116076,1041,2025-10-22,pending,2527.87
116077,1003,2023-05-20,completed,399.73
116078,1031,2025-02-01,completed,4096.8
116079,1019,2024-03-17,refunded,2934.02
116080,1044,2023-11-30,pending,445.17
116081,1028,2023-09-30,completed,3288.11
116082,1033,2023-03-10,shipped,1672.01
116083,1022,2025-07-18,refunded,46.35
116085,1047,2024-12-04,completed,432.88
116087,1022,2023-04-23,completed,305.9
116088,1046,2023-05-31,pending,5295.81
116089,1017,2025-02-21,completed,2586.36
116090,1020,2025-02-05,pending,5000.04
116091,1047,2025-10-14,pending,3199.86
116092,1025,2024-01-19,completed,7125.53
116093,1008,2024-10-15,shipped,4614.03
116094,1010,2024-03-10,cancelled,5888.53
116095,1003,2024-02-02,completed,3904.37
116096,1015,2024-04-09,pending,1412.69
116097,1016,2023-03-01,pending,2244.74
116098,1033,2024-03-19,cancelled,2758.25
116099,1023,2024-01-31,completed,2802.45
116100,1004,2025-08-11,completed,579.08
116101,1013,2025-09-01,completed,4015.08
116102,1008,2025-03-05,completed,5353.24
116103,1041,2024-01-17,completed,2117.68
116104,1006,2024-08-24,completed,2144.65
116105,1009,2025-11-06,cancelled,790.16
116106,1002,2025-09-23,completed,1837.87
116107,1001,2024-08-08,refunded,4523.22
116108,1017,2024-11-24,cancelled,228.36
116109,1049,2025-01-31,refunded,3226.37
116110,1023,2023-06-29,cancelled,2422.26
116111,1032,2024-07-21,pending,575.08
116112,1048,2024-06-27,shipped,1917.99
116115,1029,2025-01-13,pending,2907.99
116116,1016,2024-01-11,shipped,3550.76
116117,1044,2024-03-01,completed,2044.8
116118,1004,2025-08-14,shipped,2059.56
116119,1014,2024-06-15,completed,1282.96
116120,1016,2025-09-06,pending,4898.96
116121,1050,2025-06-30,refunded,873.63
116122,1016,2025-07-01,cancelled,2591.73
116123,1036,2023-02-07,completed,177.36
116124,1023,2025-06-17,refunded,5090.54
116125,1010,2025-09-23,pending,3803.28
116126,1016,2025-04-19,shipped,4776.01
116127,1016,2025-12-04,pending,2939.03
116128,1020,2024-08-02,completed,3542.82
116129,1017,2024-11-07,cancelled,2083.67
116130,1004,2024-10-26,shipped,4048.4
116131,1035,2025-04-06,completed,976.79
116132,1037,2025-04-09,completed,1934.03
116133,1029,2024-11-07,shipped,3261.28
116134,1023,2024-10-13,completed,1224.96
116135,1032,2023-06-25,completed,3667.02
116136,1017,2023-05-27,refunded,3698.71
116137,1032,2025-12-03,cancelled,575.5
116138,1013,2025-09-18,completed,1261.35
116139,1016,2025-05-30,shipped,2892.69
116140,1014,2023-08-10,completed,1636.76
116141,1027,2025-04-19,refunded,4677.58
116142,1024,2025-10-09,refunded,7354.05
116143,1010,2024-12-17,completed,1560.18
116144,1026,2025-08-06,completed,1924.52
116145,1047,2024-11-16,cancelled,2045.19
116146,1048,2024-01-12,completed,4356.05
116147,1040,2023-10-01,pending,314.6
116148,1045,2025-02-05,completed,3512.59
116149,1019,2025-01-09,pending,937.86
116150,1044,2024-02-05,completed,4024.73
116151,1032,2024-05-03,completed,917.49
116152,1034,2024-01-04,refunded,3113.92
116153,1029,2023-09-12,completed,1408.13
116154,1027,2025-10-21,completed,3394.24
116155,1012,2024-07-23,shipped,1225.09
116156,1040,2025-12-28,pending,221.04
116157,1045,2024-10-07,completed,560.92
116158,1039,2025-09-22,completed,1817.52
116159,1033,2024-03-19,shipped,4148.93
116160,1036,2023-05-20,completed,5337.72
116161,1009,2023-05-16,refunded,478.41
116162,1050,2024-05-08,pending,583.42
116163,1013,2024-06-21,shipped,417.45
116164,1015,2025-11-16,completed,2564.82
116165,1012,2025-03-09,shipped,3216.61
116166,1037,2025-10-15,completed,5513.5
116167,1044,2025-07-17,shipped,2420.0
116168,1001,2024-11-16,completed,4534.09
116169,1003,2024-01-24,completed,3331.32
116170,1043,2024-06-15,pending,1151.76
116171,1041,2025-12-11,completed,5657.26
116172,1012,2023-03-01,completed,661.35
116173,1010,2023-02-27,completed,3208.83
116174,1027,2024-02-11,refunded,6856.74
116175,1042,2025-05-21,pending,1438.39
116176,1006,2024-11-10,shipped,1842.45
116177,1035,2025-10-20,completed,2282.87
116178,1048,2024-09-07,completed,2852.14
116179,1017,2025-12-21,completed,540.46
116180,1011,2023-03-29,completed,3774.06
116182,1017,2024-05-18,shipped,2473.07
116183,1029,2025-11-22,cancelled,4392.31
116184,1026,2023-10-11,completed,1878.97
116185,1045,2023-06-01,cancelled,808.8
116186,1015,2023-10-11,cancelled,2117.7
116187,1037,2023-06-10,pending,2319.82
116188,1044,2023-03-07,completed,3240.93
116189,1016,2025-03-05,completed,1687.9
116190,1005,2024-04-15,completed,2171.02
116191,1002,2027-02-08,pending,8460.32
116192,1013,2023-06-08,completed,254.08
116193,1035,2024-02-26,completed,3352.49
116194,1025,2025-06-01,pending,3891.17
116195,1006,2025-08-08,cancelled,599.52
116196,1001,2023-11-26,pending,129.78
116197,1043,2025-12-25,pending,90.62
116199,1028,2024-03-24,refunded,4802.68
116201,1032,2024-03-03,completed,2337.5
116202,1040,2024-12-25,completed,806.36
116203,1004,2025-06-09,completed,2275.66
116204,1009,2024-12-29,completed,4372.8
116205,1013,2023-06-08,pending,6697.74
116206,1022,2024-07-22,completed,1883.3
116207,1008,2025-05-09,completed,2316.1
116208,1029,2024-02-26,completed,5532.52
116209,1033,2023-06-13,completed,6234.13
116210,1006,2025-01-18,shipped,1793.39
116211,1021,2024-02-05,shipped,164.73
116212,1025,2024-02-26,pending,4353.14
116213,1031,2024-07-01,completed,3474.87
116214,1003,2024-11-06,completed,2606.48
116215,1027,2025-07-11,pending,2729.84
116216,1043,2024-01-17,completed,728.97
116217,1043,2024-12-04,cancelled,3020.72
116218,1044,2025-08-18,cancelled,4779.57
116219,1028,2025-06-16,completed,399.12
116220,1047,2023-08-14,refunded,2068.54
116221,1007,2025-04-30,refunded,398.22
116222,1017,2023-08-28,completed,3885.98
116223,1048,2023-11-19,refunded,3047.45
116224,1038,2025-05-29,shipped,852.72
116225,1007,2025-05-25,completed,1166.26
116226,1019,2024-03-13,completed,1038.64
116227,1036,2023-01-30,refunded,3120.71
116228,1006,2024-12-07,cancelled,3568.35
116229,1036,2025-02-13,cancelled,1082.96
116230,1046,2025-08-27,completed,691.44
116232,1014,2025-10-02,completed,2260.98
116233,1043,2025-03-07,completed,1733.89
116234,1035,2023-01-14,completed,5454.55
116235,1034,2025-06-17,refunded,3525.88
116237,1005,2023-03-05,completed,1887.34
116238,1021,2025-04-28,refunded,2606.17
116239,1010,2024-09-21,pending,287.82
116240,1011,2024-10-02,cancelled,842.55
116241,1010,2023-08-28,refunded,152.77
116242,1038,2024-07-01,cancelled,1798.32
116243,1046,2024-05-05,pending,491.42
116244,1025,2024-11-13,completed,929.76
116245,1031,2023-06-08,shipped,2051.11
116246,1024,2023-04-01,completed,1650.33
116247,1035,2023-10-14,completed,370.32
116248,1039,2025-01-05,completed,741.2
116249,1008,2023-03-29,shipped,997.68
116250,1048,2025-01-05,refunded,3414.68
116251,1025,2025-12-18,completed,621.34
116252,1002,2023-05-26,completed,3520.84
116253,1029,2023-02-01,completed,4357.24
116254,1040,2024-01-07,refunded,4461.26
116255,1010,2024-12-22,shipped,3125.21
116256,1005,2023-09-07,completed,2033.25
116257,1050,2025-03-14,completed,143.65
116258,1006,2025-04-05,shipped,1312.15
116259,1047,2025-10-26,pending,1601.63
116260,1035,2023-03-21,pending,963.1
116261,1031,2024-02-08,pending,2024.14
116262,1027,2024-12-14,completed,218.05
116263,1024,2024-11-27,pending,241.45
116264,1032,2024-02-13,cancelled,5043.78
116265,1018,2023-05-05,cancelled,904.5
116266,1041,2023-11-13,completed,2065.01
116267,1012,2025-05-25,refunded,2377.98
116268,1001,2024-10-04,completed,3698.22
116269,1048,2025-05-01,pending,2468.24
116270,1050,2024-06-04,shipped,875.91
116271,1041,2023-09-03,completed,3870.04
116272,1024,2024-09-16,completed,125.92
116273,1018,2023-01-28,completed,5824.68
116274,1040,2025-06-27,completed,3424.29
116275,1005,2024-07-09,cancelled,5502.46
116276,1039,2025-08-30,shipped,5038.08
116277,1035,2024-01-26,completed,3481.45
116278,1038,2024-04-01,pending,6217.38
116279,1015,2023-12-03,cancelled,1264.34
116280,1020,2024-03-04,completed,954.98
116281,1031,2023-04-01,completed,1199.35
116282,1005,2025-08-22,pending,2375.6
116283,1001,2025-05-13,completed,2962.89
116284,1026,2023-04-14,completed,2754.9
116285,1031,2023-06-26,shipped,2464.78
116286,1015,2023-11-30,cancelled,3408.89
116287,1013,2024-05-03,completed,4407.94
116288,1043,2024-02-27,shipped,4682.62
116289,1042,2023-06-24,completed,738.29
116290,1038,2025-03-07,completed,384.3
116291,1014,2024-12-12,completed,2971.19
116292,1015,2023-04-08,completed,3983.11
116293,1005,2025-01-28,refunded,3894.67
116294,1030,2024-11-03,cancelled,840.27
116295,1022,2025-11-08,completed,1999.17
116296,1036,2023-10-06,pending,1172.52
116297,1041,2024-07-29,completed,4427.04
116298,1025,2024-10-16,completed,957.58
116299,1039,2023-06-29,shipped,3681.11
116300,1030,2024-09-02,shipped,895.36
116301,1013,2023-12-29,completed,1753.72
116302,1021,2025-04-05,completed,2589.38
116303,1026,2025-07-17,completed,6190.97
116304,1039,2025-07-08,completed,212.22
116305,1016,2025-09-24,completed,3634.27
116306,1047,2025-05-14,completed,1151.13
116307,1042,2024-12-09,refunded,530.31
116308,1029,2025-09-23,completed,3458.26
116309,1029,2024-04-22,cancelled,2442.95
116310,1048,2023-11-16,completed,748.41
116311,1003,2025-09-11,completed,2863.55
116312,1001,2023-01-01,cancelled,322.5
116313,1006,2023-08-26,pending,40.88
116314,1024,2025-03-06,shipped,2935.12
116315,1049,2025-02-25,refunded,4604.65
116316,1021,2023-06-23,refunded,773.92
116317,1029,2023-09-23,cancelled,2830.56
116318,1044,2025-09-11,shipped,422.16
116319,1047,2024-03-25,shipped,787.5
116320,1011,2023-02-15,pending,1296.3
116321,1018,2024-02-10,pending,572.21
116322,1011,2024-06-20,refunded,3749.12
116323,1006,2023-10-03,cancelled,86.91
116324,1007,2023-07-13,cancelled,2371.1
116325,1044,2025-08-30,cancelled,3049.33
116326,1037,2025-06-03,completed,3533.22
116327,1011,2024-07-16,pending,3558.98
116328,1035,2023-12-14,completed,3958.88
116329,1045,2023-11-10,refunded,2504.99
116330,1027,2024-05-07,completed,165.47
116332,1008,2024-12-17,completed,522.66
116333,1047,2025-07-31,pending,1457.7
116334,1040,2024-05-18,cancelled,3051.59
116336,1020,2023-07-18,refunded,4607.56
116337,1007,2025-11-04,completed,2026.67
116338,1009,2024-08-17,shipped,2181.38
116339,1012,2023-06-24,refunded,338.91
116340,1002,2024-01-17,cancelled,2446.52
116341,1002,2025-07-16,shipped,5043.26
116342,1027,2024-08-13,pending,1063.74
116343,1032,2024-01-20,shipped,5745.57
116344,1048,2023-07-02,cancelled,726.87
116345,1002,2025-10-02,cancelled,1262.27
116346,1038,2023-01-14,completed,4767.15
116347,1005,2023-04-20,refunded,1043.88
116348,1005,2023-05-16,completed,1717.28
116349,1030,2024-06-19,pending,1910.46
116350,1006,2023-05-16,completed,5765.66
116351,1025,2023-01-12,refunded,2037.22
116352,1029,2023-02-01,completed,4319.85
116353,1020,2023-12-12,completed,5827.45
116354,1040,2023-02-07,completed,4801.39
116355,1023,2024-05-21,cancelled,714.39
116356,1046,2023-08-12,cancelled,2817.88
116357,1011,2023-06-09,completed,3207.76
116358,1033,2025-10-04,completed,425.82
116359,1019,2025-07-07,pending,1722.61
116360,1048,2024-10-22,completed,1206.56
116361,1001,2024-09-27,shipped,67.4
116362,1047,2023-07-22,cancelled,4963.09
116363,1037,2024-02-06,pending,430.1
116364,1043,2025-06-26,pending,231.63
116365,1042,2023-08-02,shipped,2954.37
116366,1012,2023-09-01,completed,1388.9
116367,1006,2023-01-31,refunded,5848.73
116368,1032,2025-12-05,refunded,944.54
116369,1001,2024-12-12,completed,4558.64
116370,1014,2025-12-31,refunded,558.68
116371,1008,2025-02-14,completed,961.55
116372,1050,2025-04-05,cancelled,201.12
116373,1048,2023-08-31,cancelled,3937.74
116374,1020,2023-11-20,cancelled,1832.37
116375,1017,2025-07-16,completed,1497.36
116376,1014,2025-10-25,pending,306.41
116377,1046,2025-02-10,pending,6290.07
116378,1008,2024-08-30,cancelled,2696.93
116379,1002,2025-07-10,cancelled,2673.8
116380,1005,2025-08-08,pending,5178.62
116381,1025,2025-11-04,completed,1988.21
116382,1026,2024-10-13,cancelled,3182.66
116383,1032,2025-12-10,completed,918.45
116384,1023,2024-05-23,pending,4256.09
116385,1010,2024-04-03,completed,505.67
116386,1018,2024-08-01,completed,1902.72
116387,1001,2023-12-26,pending,3449.92
116388,1045,2025-04-08,pending,158.91
116389,1015,2024-05-18,refunded,4925.78
116390,1040,2025-01-23,refunded,1906.33
116391,1033,2025-01-06,completed,884.26
116392,1032,2024-03-06,completed,1112.64
116393,1014,2023-01-07,completed,1495.44
116394,1017,2025-06-17,shipped,144.02
116395,1007,2025-11-06,completed,3721.0
116396,1011,2023-11-17,cancelled,4980.81
116397,1023,2024-11-14,refunded,598.3
116398,1049,2025-10-20,shipped,3084.73
116399,1006,2023-04-23,shipped,2262.28
116401,1017,2025-10-17,completed,2586.21
116402,1018,2023-05-21,cancelled,997.61
116403,1050,2023-01-21,completed,4895.7
116404,1046,2023-06-20,cancelled,5968.68
116405,1042,2024-09-19,shipped,1692.69
116406,1043,2025-10-04,refunded,4557.58
116407,1008,2024-08-07,cancelled,3211.29
116408,1031,2023-09-12,cancelled,3958.46
116409,1042,2023-11-21,shipped,2867.56
116410,1011,2024-10-09,pending,720.88
116411,1001,2024-02-18,completed,4638.97
116412,1013,2023-04-07,completed,349.52
116413,1014,2023-10-17,cancelled,955.46
116414,1003,2025-03-13,completed,1559.95
116415,1012,2025-11-01,pending,1015.2
116416,1027,2025-10-05,completed,6919.24
116417,1033,2024-05-20,refunded,99.3
116418,1001,2025-03-26,pending,1602.23
116419,1006,2023-06-06,pending,529.56
116420,1024,2023-08-16,completed,1165.64
116421,1019,2023-11-22,completed,1380.13
116422,1007,2023-06-10,refunded,1638.4
116423,1033,2023-02-15,completed,2289.34
116424,1009,2023-08-03,shipped,1571.78
116425,1044,2023-03-08,completed,3867.54
116426,1048,2024-10-01,completed,1365.16
116427,1004,2023-07-04,completed,4363.9
116428,1019,2025-09-15,completed,667.28
116429,1050,2024-07-25,refunded,4238.27
116430,1043,2025-01-15,completed,2468.46
116431,1039,2024-01-11,refunded,1814.76
116432,1047,2024-11-27,shipped,2434.9
116433,1021,2024-09-09,shipped,1541.56
116434,1049,2025-04-21,completed,2760.33
116435,1048,2024-02-07,completed,1794.0
116436,1019,2025-04-23,completed,4204.42
116437,1025,2024-11-12,completed,3581.05
116438,1040,2024-08-26,completed,1652.7
116439,1015,2024-10-11,completed,6026.54
116440,1050,2023-06-29,completed,2477.9
116441,1003,2024-06-15,completed,598.96
116442,1013,2025-06-10,pending,3659.4
116443,1005,2025-09-09,shipped,1768.33
116444,1040,2024-03-01,completed,53.01
116445,1033,2024-12-01,completed,243.6
116446,1009,2024-07-18,pending,2048.41
116447,1017,2023-05-13,refunded,4683.62
116448,1025,2024-12-09,shipped,1128.14
116449,1036,2024-06-27,completed,184.09
116450,1007,2023-06-05,completed,141.06
116451,1037,2025-02-14,shipped,3028.26
116452,1014,2024-06-11,cancelled,5360.57
116453,1023,2023-07-21,completed,1031.12
116454,1029,2025-07-22,completed,5511.39
116455,1035,2023-08-01,pending,3327.75
116456,1022,2024-07-27,completed,2150.4
116457,1022,2024-06-27,pending,2747.8
116458,1010,2023-07-20,refunded,2475.53
116459,1047,2023-02-05,completed,1197.12
116461,1048,2023-07-14,refunded,502.76
116462,1016,2023-11-07,completed,145.83
116463,1032,2025-03-11,completed,4852.03
116464,1032,2024-03-26,refunded,1186.06
116465,1005,2025-01-09,cancelled,302.46
116466,1018,2023-08-16,refunded,1003.65
116467,1019,2023-12-12,completed,1529.5
116468,1032,2023-08-10,shipped,3616.39
116469,1024,2024-03-09,completed,4239.02
116470,1022,2024-05-04,shipped,1277.66
116471,1015,2024-03-09,shipped,1425.76
116472,1031,2025-01-15,pending,2920.23
116473,1005,2023-07-02,pending,3434.43
116474,1024,2025-06-13,pending,3971.6
116475,1030,2023-06-24,pending,4439.92
116476,1039,2023-11-02,completed,357.6
116477,1010,2024-10-30,completed,610.95
116478,1047,2024-03-05,completed,4386.29
116479,1039,2025-02-03,completed,339.0
116480,1020,2025-07-31,completed,2490.73
116481,1018,2024-12-26,refunded,361.92
116482,1019,2024-07-12,cancelled,2140.21
116483,1030,2024-06-03,completed,939.85
116484,1029,2025-10-13,refunded,2961.9
116485,1008,2023-12-06,cancelled,4093.79
116486,1028,2023-12-21,shipped,3136.9
116487,1042,2024-08-17,pending,6530.74
116488,1049,2023-07-18,completed,1048.56
116489,1024,2025-09-26,completed,5637.22
116490,1015,2024-08-06,refunded,4300.45
116491,1038,2025-06-18,completed,4750.71
116492,1037,2023-11-29,completed,3229.18
116493,1034,2024-05-31,refunded,2803.01
116494,1009,2025-07-16,cancelled,643.96
116495,1021,2025-11-15,completed,2869.81
116496,1030,2024-05-29,completed,1256.96
116497,1007,2023-10-07,refunded,1739.58
116498,1004,2024-07-27,completed,1670.84
116499,1040,2024-07-22,pending,2381.93
116500,1002,2023-07-04,pending,4738.96
116501,1041,2024-07-13,completed,4125.14
116502,1011,2026-12-29,completed,1634.64
116503,1048,2023-03-10,cancelled,2927.04
116504,1037,2024-12-17,completed,2429.16
116505,1041,2023-09-20,completed,1964.5
116506,1041,2024-04-20,cancelled,4753.26
116507,1044,2025-01-25,completed,2759.14
116508,1004,2025-07-09,completed,2432.3
116509,1005,2024-06-24,completed,5047.51
116510,1021,2023-09-05,completed,4702.92
116511,1001,2023-02-26,pending,1987.51
116512,1030,2023-01-02,cancelled,235.14
116513,1035,2023-12-21,completed,360.98
116514,1002,2025-07-07,completed,4895.82
116515,1009,2024-08-07,pending,3447.51
116516,1040,2025-11-26,shipped,5584.1
116517,1031,2025-05-29,completed,1807.77
116518,1022,2025-11-28,cancelled,960.15
116519,1024,2024-05-01,completed,518.36
116520,1020,2023-10-01,completed,867.87
116521,1006,2023-04-07,completed,1901.01
116522,1015,2025-08-28,shipped,1440.6
116523,1006,2025-10-24,completed,342.24
116524,1011,2023-03-15,refunded,5517.89
116525,1014,2023-12-29,completed,3282.96
116526,1011,2027-05-04,completed,948.12
116527,1014,2024-02-05,completed,1853.45
116528,1010,2025-10-02,completed,3740.46
116529,1005,2023-11-18,refunded,177.64
116530,1011,2023-09-25,refunded,1706.51
116531,1034,2023-01-24,completed,1917.02
116532,1017,2023-02-01,completed,5142.63
116533,1047,2023-10-06,refunded,2272.46
116534,1007,2025-11-15,completed,529.55
116535,1037,2024-05-28,completed,6008.54
116536,1038,2023-03-11,completed,191.64
116537,1027,2024-09-05,shipped,1730.41
116538,1003,2027-04-06,pending,5959.35
116539,1038,2023-01-26,pending,4343.42
116540,1005,2023-08-02,completed,4458.99
116542,1048,2023-04-11,shipped,1979.18
116543,1048,2024-08-24,completed,5728.07
116544,1010,2025-01-26,completed,2370.88
116545,1008,2023-04-13,completed,2599.92
116546,1029,2025-01-03,refunded,3642.07
116547,1050,2025-11-10,pending,2295.99
116548,1010,2023-02-14,shipped,396.44
116549,1018,2025-07-24,completed,1338.9
116550,1030,2023-08-13,refunded,4758.81
116551,1011,2025-02-03,completed,1686.93
116552,1006,2024-08-28,cancelled,1246.2
116553,1032,2025-08-23,cancelled,4733.52
116554,1022,2023-02-13,completed,1068.28
116555,1006,2025-05-22,completed,2134.92
116556,1041,2024-02-22,refunded,1851.29
116557,1010,2023-10-05,cancelled,3762.65
116558,1014,2025-05-23,pending,3066.27
116559,1016,2024-10-01,refunded,2640.83
116560,1017,2024-11-26,shipped,3431.87
116561,1005,2024-10-25,completed,2537.31
116562,1002,2024-09-10,cancelled,4168.09
116563,1027,2025-10-14,completed,3416.22
116564,1012,2023-06-30,refunded,660.05
116565,1038,2023-04-07,completed,2392.64
116566,1038,2025-04-02,completed,2278.63
116567,1014,2023-08-23,pending,3453.85
116568,1024,2024-06-28,completed,3492.77
116569,1047,2023-06-27,completed,5525.61
116570,1050,2025-06-07,completed,1446.44
116571,1016,2023-08-14,cancelled,2424.3
116572,1008,2024-03-29,pending,2647.41
116573,1028,2023-08-14,completed,5214.37
116574,1031,2023-08-26,refunded,1195.01
116575,1022,2025-12-04,shipped,2019.79
116576,1013,2024-11-23,completed,5221.23
116577,1013,2023-08-23,completed,2506.38
116578,1044,2025-03-02,cancelled,4326.46
116579,1004,2023-08-29,completed,3555.97
116581,1001,2025-03-09,completed,3889.74
116582,1038,2024-07-24,completed,1977.99
116583,1040,2025-07-11,completed,5309.34
116584,1018,2023-01-02,completed,2262.22
116585,1031,2023-04-29,refunded,1844.41
116586,1039,2025-04-19,shipped,2594.48
116587,1041,2024-07-14,completed,3950.55
116588,1023,2024-12-12,completed,560.82
116589,1029,2024-10-05,cancelled,1179.4
116590,1031,2025-10-23,cancelled,4155.09
116591,1015,2025-10-22,cancelled,1542.27
116592,1028,2024-10-29,pending,4024.12
116593,1042,2024-12-10,refunded,1413.62
116594,1015,2023-03-25,completed,404.08
116595,1008,2024-06-09,shipped,196.32
116596,1013,2024-08-03,completed,2247.11
116597,1012,2023-04-06,completed,1083.81
116598,1050,2023-01-12,shipped,4948.74
116599,1012,2023-07-11,shipped,4605.15
116600,1036,2024-01-21,completed,2891.32
116601,1048,2023-12-11,refunded,4564.89
116602,1022,2023-02-05,refunded,3900.53
116603,1002,2023-04-09,completed,2064.26
116604,1010,2027-02-21,shipped,2067.05
116605,1041,2025-05-31,completed,551.79
116606,1048,2023-05-04,pending,5411.08
116607,1002,2023-08-03,shipped,2665.85
116608,1025,2023-07-20,refunded,1931.99
116609,1012,2024-10-29,completed,16.9
116610,1008,2023-02-22,pending,1335.77
116611,1042,2025-10-18,shipped,2786.21
116612,1019,2025-01-01,shipped,1907.13
116613,1029,2024-01-21,shipped,1873.04
116614,1048,2025-06-09,cancelled,6643.44
116615,1010,2024-06-08,completed,1769.42
116616,1006,2025-08-04,completed,1763.9
116617,1007,2025-04-20,shipped,2963.89
116619,1024,2023-09-12,pending,3383.47
116620,1019,2025-02-08,cancelled,959.51
116621,1027,2023-12-27,completed,3491.55
116622,1014,2023-03-23,refunded,48.09
116623,1014,2025-10-01,refunded,1355.42
116624,1021,2025-08-08,pending,1055.11
116625,1044,2023-12-20,completed,1007.66
116626,1029,2023-08-22,cancelled,2109.98
116627,1034,2023-08-27,cancelled,3234.65
116628,1030,2025-05-07,completed,175.85
116629,1002,2023-03-02,shipped,1536.79
116630,1032,2024-09-29,completed,1235.68
116631,1018,2025-06-09,refunded,2240.62
116632,1040,2023-05-06,refunded,585.45
116633,1046,2023-10-12,shipped,3294.54
116634,1044,2025-04-22,pending,1766.38
116635,1040,2024-11-24,completed,4077.99
116636,1002,2024-09-09,shipped,3410.14
116637,1029,2024-12-23,shipped,2975.12
116639,1010,2024-06-04,refunded,1565.5
116640,1028,2023-02-06,refunded,1044.58
116641,1025,2024-06-25,cancelled,4534.15
116642,1045,2023-02-13,completed,5305.5
116643,1043,2024-09-07,refunded,1022.21
116644,1015,2023-12-15,cancelled,1983.8
116645,1031,2023-10-24,pending,1478.41
116646,1023,2025-07-24,refunded,2446.59
116647,1003,2023-04-09,pending,4351.29
116648,1005,2025-04-03,completed,2400.11
116649,1015,2024-06-09,completed,2031.72
116650,1030,2024-05-07,refunded,4046.41
116651,1004,2024-10-18,shipped,2502.67
116652,1049,2023-01-19,completed,3059.92
116653,1030,2023-05-15,completed,616.89
116654,1004,2023-04-30,pending,365.36
116656,1038,2025-06-11,completed,2137.24
116657,1021,2025-05-13,shipped,1296.62
116658,1010,2023-07-30,completed,2239.77
116659,1031,2025-07-30,refunded,3200.92
116660,1034,2025-04-30,completed,5853.05
116661,1046,2024-04-13,completed,3840.1
116662,1029,2023-01-03,pending,12.48
116663,1035,2025-07-05,refunded,3494.21
116664,1006,2024-11-18,completed,1296.26
116665,1032,2024-02-22,refunded,1490.27
116666,1036,2023-07-21,completed,2063.9
116667,1032,2024-06-16,refunded,1194.02
116668,1029,2023-01-12,cancelled,851.77
116669,1037,2023-09-20,completed,3219.86
116670,1015,2023-09-29,cancelled,2336.34
116671,1034,2023-04-16,completed,4857.15
116672,1026,2024-04-01,completed,7652.18
116673,1004,2025-03-28,cancelled,3529.43
116674,1030,2025-07-17,shipped,3824.27
116676,1038,2025-02-01,completed,2687.2
116677,1045,2023-06-08,pending,3673.5
116678,1038,2025-11-04,completed,79.14
116679,1021,2023-12-30,shipped,6643.63
116680,1036,2024-11-26,cancelled,1397.09
116681,1040,2025-11-08,shipped,514.08
116682,1039,2024-04-29,pending,1223.36
116683,1031,2023-11-05,completed,3336.82
116684,1040,2025-04-29,completed,1595.61
116685,1022,2025-08-14,completed,2094.36
116686,1015,2024-02-02,shipped,748.92
116687,1037,2023-04-07,completed,1222.43
116688,1022,2025-06-07,shipped,1619.16
116689,1026,2025-11-17,pending,590.96
116690,1033,2027-01-26,refunded,2842.71
116691,1045,2024-11-15,pending,4785.41
116692,1032,2023-06-29,refunded,1910.8
116693,1035,2023-07-25,completed,5547.81
116694,1018,2024-01-26,completed,6237.16
116695,1004,2023-06-09,shipped,3305.47
116696,1041,2024-09-14,cancelled,4169.26
116697,1004,2025-01-18,pending,2700.1
116698,1033,2025-02-10,completed,232.36
116699,1030,2025-07-13,completed,1257.85
116700,1026,2023-10-07,completed,1146.94
116701,1018,2025-01-21,pending,1625.39
116702,1014,2023-09-08,pending,1474.95
116703,1013,2024-12-06,cancelled,4752.19
116704,1024,2024-03-02,completed,1065.92
116705,1042,2024-01-14,completed,2905.51
116706,1029,2025-07-10,pending,1181.8
116707,1038,2024-09-29,completed,82.62
116708,1021,2024-01-30,refunded,1517.69
116709,1029,2024-12-29,refunded,518.9
116710,1014,2025-07-13,cancelled,4464.38
116711,1028,2023-05-15,completed,1360.8
116712,1002,2023-11-28,refunded,3818.19
116713,1020,2024-03-10,completed,4270.64
116714,1001,2025-08-22,cancelled,2488.74
116715,1014,2023-04-08,cancelled,130.05
116716,1020,2023-08-27,refunded,2320.35
116717,1028,2024-05-17,completed,92.54
116718,1025,2023-08-23,cancelled,6021.19
116719,1026,2025-03-14,completed,58.74
116720,1015,2024-01-16,completed,1079.83
116721,1048,2024-11-28,pending,289.44
116722,1019,2025-03-31,completed,661.3
116723,1009,2024-02-15,refunded,273.54
116724,1004,2024-03-07,cancelled,1045.31
116725,1003,2023-10-05,refunded,1746.3
116726,1038,2025-12-20,refunded,2162.34
116727,1021,2024-01-10,shipped,3022.62
116728,1037,2024-11-28,completed,1959.66
116729,1008,2025-12-18,shipped,485.94
116730,1005,2023-02-15,refunded,4641.06
116731,1046,2025-06-11,pending,4541.0
116732,1044,2025-03-27,completed,3792.27
116733,1012,2024-12-22,completed,693.12
116734,1040,2023-07-24,pending,1289.56
116735,1034,2023-05-30,refunded,1135.26
116736,1045,2024-08-28,cancelled,1091.05
116737,1040,2025-07-17,shipped,3264.39
116738,1028,2023-05-15,pending,8428.7
116739,1040,2025-11-09,cancelled,1702.08
116740,1009,2023-09-04,completed,6982.42
116741,1015,2024-03-13,cancelled,3825.94
116742,1014,2024-07-09,shipped,2394.26
116743,1003,2024-07-24,refunded,2139.0
116744,1008,2024-09-10,completed,1224.86
116745,1023,2025-03-20,shipped,7149.56
116746,1043,2024-09-27,completed,79.8
116747,1035,2024-06-21,completed,392.38
116748,1032,2025-08-07,shipped,3459.7
116749,1040,2023-07-10,completed,5747.09
116750,1004,2023-04-24,completed,3333.27
116752,1041,2023-06-24,completed,1775.69
116753,1002,2023-09-23,pending,1391.05
116754,1031,2025-03-23,refunded,3214.87
116755,1044,2024-12-21,completed,431.91
116756,1045,2023-10-29,cancelled,4542.17
116757,1037,2023-08-17,pending,1904.77
116758,1050,2023-01-22,refunded,3595.8
116760,1027,2024-03-21,shipped,1947.22
116761,1009,2025-08-01,completed,3086.88
116762,1040,2024-03-13,pending,2551.62
116763,1027,2023-11-26,cancelled,86.5
116764,1010,2024-03-10,completed,968.92
116765,1022,2023-06-28,cancelled,5384.45
116766,1009,2024-01-25,completed,273.7
116767,1006,2023-06-21,refunded,2449.49
116768,1024,2024-10-18,pending,3303.56
116769,1043,2025-10-21,shipped,4923.8
116770,1045,2024-10-21,completed,4428.09
116771,1006,2025-03-12,completed,2756.54
116772,1040,2023-06-27,pending,1969.17
116773,1045,2025-10-25,pending,884.2
116774,1034,2025-04-13,completed,2497.05
116775,1034,2025-03-15,cancelled,5154.87
116776,1043,2023-12-29,completed,198.62
116777,1043,2023-09-10,completed,3799.87
116778,1046,2025-04-18,completed,3599.66
116779,1011,2024-07-03,shipped,5473.16
116780,1015,2024-02-21,completed,2180.92
116781,1048,2024-06-15,cancelled,3306.45
116782,1044,2024-06-19,completed,1913.01
116783,1029,2023-01-07,completed,319.8
116784,1028,2023-10-14,shipped,2276.53
116785,1015,2025-12-03,shipped,2823.72
116786,1037,2023-07-25,completed,706.75
116787,1046,2023-04-20,shipped,4814.9
116788,1013,2025-12-01,cancelled,2273.49
116789,1015,2023-11-08,completed,4698.79
116790,1034,2023-03-23,cancelled,1224.96
116791,1028,2024-09-24,refunded,3175.29
116792,1011,2025-04-14,pending,550.53
116793,1007,2025-04-07,completed,2356.38
116794,1009,2023-11-22,completed,3444.57
116795,1002,2025-04-17,completed,647.08
116796,1016,2023-02-07,completed,445.12
116797,1005,2025-09-11,completed,2307.16
116798,1011,2024-08-24,cancelled,4031.52
116799,1016,2025-01-18,refunded,2523.14
116800,1020,2023-02-07,completed,3445.13
116801,1047,2024-03-21,completed,2496.83
116802,1031,2023-04-17,completed,4825.43
116803,1017,2024-06-01,completed,2450.51
116804,1048,2024-06-13,pending,3932.4
116805,1027,2025-08-10,pending,627.64
116806,1001,2024-11-03,completed,2003.92
116807,1014,2024-03-07,completed,4442.18
116808,1035,2023-12-26,completed,7083.43
116809,1045,2024-06-17,refunded,1768.23
116810,1025,2024-01-05,refunded,4809.48
116811,1038,2024-10-17,completed,6556.52
116812,1046,2024-10-26,completed,750.04
116813,1012,2026-11-23,completed,473.52
116814,1046,2023-01-29,shipped,2593.34
116815,1027,2025-03-13,pending,120.59
116816,1042,2025-10-26,refunded,3990.82
116817,1011,2024-02-13,completed,6818.67
116818,1014,2025-12-25,shipped,4399.8
116819,1048,2025-04-12,shipped,625.96
116820,1030,2023-01-30,completed,1062.88
116821,1023,2024-11-28,cancelled,1440.6
116822,1042,2024-12-06,completed,3785.2
116823,1044,2023-03-07,completed,142.72
116824,1030,2025-05-20,completed,3345.38
116825,1001,2023-07-15,refunded,6994.59
116826,1015,2024-04-23,pending,427.14
116827,1005,2023-11-28,completed,1342.32
116828,1026,2023-03-01,refunded,7609.56
116829,1027,2024-12-16,completed,1836.8
116830,1024,2024-08-24,pending,3520.91
116831,1012,2024-04-09,pending,2044.08
116832,1029,2025-11-15,completed,2943.81
116833,1047,2025-11-06,shipped,5070.67
116834,1023,2024-12-13,shipped,2831.5
116835,1040,2025-01-04,completed,2233.82
116836,1009,2024-08-29,refunded,1409.77
116837,1014,2024-08-01,completed,788.77
116838,1005,2024-09-21,completed,3456.53
116839,1022,2025-11-15,refunded,1297.89
116840,1010,2025-09-26,refunded,2738.72
116841,1044,2023-06-08,cancelled,6768.08
116842,1032,2023-11-25,shipped,4851.82
116843,1003,2024-02-13,cancelled,1655.7
116844,1014,2023-03-11,completed,1733.67
116845,1042,2025-12-08,cancelled,2738.28
116846,1049,2025-09-05,cancelled,2931.94
116847,1023,2023-01-24,shipped,318.12
116848,1004,2024-09-26,refunded,2368.41
116849,1043,2023-07-24,completed,349.53
116850,1023,2024-01-16,shipped,2119.2
116851,1048,2025-08-14,pending,3622.05
116852,1041,2025-07-24,completed,3419.08
116853,1023,2024-05-10,pending,1004.21
116854,1021,2025-04-15,pending,432.45
116855,1009,2025-06-21,completed,555.21
116856,1017,2024-02-26,pending,5222.18
116857,1039,2024-08-30,pending,4485.06
116858,1030,2023-08-21,pending,3690.78
116859,1011,2025-01-25,refunded,1965.39
116860,1043,2023-10-11,completed,2387.68
116861,1001,2023-08-29,shipped,4533.72
116862,1009,2025-10-01,completed,2356.51
116864,1041,2024-05-22,cancelled,4554.64
116865,1044,2023-12-21,completed,2754.54
116866,1025,2023-06-17,completed,121.8
116867,1036,2025-12-07,cancelled,2117.36
116868,1010,2024-07-02,cancelled,398.13
116869,1028,2024-07-06,completed,5044.55
116870,1026,2023-09-22,refunded,3803.28
116871,1043,2025-07-17,pending,5864.91
116872,1044,2023-07-10,cancelled,3491.74
116873,1030,2025-06-12,shipped,4340.92
116874,1032,2024-07-15,completed,4815.18
116875,1035,2023-04-26,cancelled,1373.48
116876,1044,2024-06-11,refunded,2227.6
116877,1040,2023-11-12,refunded,430.08
116878,1006,2023-01-18,completed,4115.39
116879,1011,2023-03-30,completed,4181.28
116880,1002,2025-01-13,completed,4871.89
116881,1018,2025-04-19,completed,3093.74
116882,1035,2024-07-16,cancelled,138.42
116883,1027,2025-08-03,completed,2299.28
116884,1014,2023-08-10,completed,4245.72
116885,1049,2024-08-21,pending,1269.68
116886,1024,2023-09-27,pending,2694.27
116887,1010,2023-12-23,pending,5244.11
116888,1018,2024-04-27,completed,3422.3
116889,1015,2025-12-07,pending,5460.59
116890,1050,2025-11-07,cancelled,1198.0
116892,1022,2024-09-11,cancelled,1640.45
116893,1011,2024-04-17,pending,3199.74
116894,1009,2023-04-06,completed,3490.14
116895,1018,2023-02-11,completed,1346.58
116896,1048,2024-10-21,cancelled,3958.15
116897,1026,2025-10-24,completed,3409.64
116898,1024,2024-07-24,completed,1893.8
116899,1050,2024-02-14,cancelled,2592.38
116900,1009,2025-02-14,cancelled,4227.78
116901,1030,2024-08-29,cancelled,2148.7
116902,1003,2024-08-23,shipped,297.34
116903,1003,2024-08-09,completed,1705.87
116904,1005,2024-04-25,cancelled,4049.69
116905,1014,2025-03-31,completed,692.49
116906,1025,2025-06-02,shipped,409.45
116907,1039,2023-09-22,cancelled,2190.2
116908,1017,2023-01-24,completed,1917.76
116909,1012,2023-12-19,pending,2747.32
116910,1014,2025-05-12,pending,2638.34
116911,1014,2023-10-12,completed,2599.42
116912,1036,2024-10-04,completed,637.69
116913,1035,2023-11-02,completed,4117.22
116914,1009,2025-11-18,completed,18.61
116915,1037,2023-02-12,refunded,5022.08
116916,1023,2024-03-20,completed,982.92
116917,1038,2023-11-03,completed,1624.0
116918,1043,2024-04-06,completed,3800.09
116919,1023,2023-05-27,pending,265.2
116920,1037,2025-11-22,shipped,73.1
116921,1040,2023-06-16,refunded,1647.28
116922,1008,2024-07-09,cancelled,198.24
116923,1037,2023-12-03,cancelled,4729.77
116924,1035,2023-09-17,shipped,2585.96
116925,1001,2024-09-08,refunded,574.48
116926,1031,2025-03-20,shipped,2539.6
116927,1029,2025-06-29,completed,1000.93
116928,1023,2023-07-12,shipped,381.97
116930,1031,2023-10-28,completed,3532.72
116931,1022,2025-07-02,cancelled,1117.2
116932,1029,2024-01-01,refunded,2542.74
116933,1043,2025-01-01,completed,532.84
116934,1004,2023-11-13,completed,1738.82
116935,1007,2024-06-24,shipped,792.33
116936,1040,2025-10-05,refunded,1371.84
116937,1016,2023-12-25,completed,3630.76
116938,1036,2025-07-15,completed,4356.78
116939,1006,2024-06-02,refunded,3509.02
116940,1007,2023-04-17,completed,324.6
116941,1041,2025-06-15,refunded,3653.04
116942,1022,2023-04-14,completed,3135.5
116943,1015,2023-01-10,refunded,2794.57
116944,1014,2023-01-05,pending,6488.91
116945,1021,2025-06-09,cancelled,2348.02
116946,1006,2025-01-14,completed,3518.31
116947,1005,2025-06-23,completed,4257.34
116948,1003,2024-10-11,refunded,4587.23
116949,1045,2024-04-21,completed,1374.32
116950,1023,2025-10-18,shipped,956.82
116951,1039,2024-01-13,shipped,572.74
116952,1017,2024-08-19,completed,1594.8
116953,1017,2024-08-15,refunded,8110.22
116954,1013,2023-08-03,completed,4841.01
116955,1031,2025-12-10,completed,2188.38
116956,1003,2023-03-31,shipped,722.22
116957,1041,2023-11-13,shipped,6258.27
116958,1034,2024-12-24,completed,1987.81
116959,1022,2023-09-30,pending,2266.03
116960,1002,2023-08-26,cancelled,518.04
116961,1033,2025-07-03,completed,328.2
116962,1028,2023-02-16,completed,1867.79
116963,1045,2024-11-07,cancelled,5007.97
116964,1042,2025-07-30,pending,685.2
116965,1026,2023-08-18,pending,3139.57
116966,1043,2024-09-13,completed,1252.57
116967,1010,2025-11-06,completed,1596.7
116968,1031,2025-10-02,cancelled,2117.66
116969,1007,2025-10-03,refunded,758.25
116970,1027,2025-11-21,completed,1289.04
116971,1042,2023-12-06,refunded,1160.68
116972,1038,2023-10-05,cancelled,2061.29
116974,1024,2023-01-04,shipped,1023.54
116975,1031,2024-09-11,shipped,2692.66
116976,1023,2023-09-04,completed,2102.85
116977,1036,2023-02-07,shipped,267.8
116978,1023,2023-04-23,refunded,2959.82
116979,1036,2023-01-21,refunded,4000.72
116980,1030,2024-02-26,refunded,1548.33
116981,1021,2025-06-22,completed,4311.92
116982,1018,2025-01-26,completed,1162.33
116983,1009,2024-07-08,shipped,2003.19
116984,1023,2023-08-10,shipped,8090.95
116985,1010,2025-01-17,refunded,3755.77
116986,1038,2025-08-05,completed,3564.1
116987,1004,2023-09-30,shipped,3988.32
116988,1007,2023-10-21,completed,694.9
116990,1037,2025-03-22,refunded,1261.43
116991,1050,2023-03-21,completed,1353.15
116992,1003,2025-05-28,shipped,926.35
116993,1026,2024-02-07,refunded,1425.08
116994,1048,2023-05-11,shipped,620.05
116995,1008,2024-06-11,pending,1867.04
116996,1015,2025-08-15,pending,3392.86
116997,1040,2025-04-13,completed,217.92
116998,1031,2023-05-12,shipped,1490.76
116999,1030,2023-03-28,completed,3445.06
117000,1002,2023-12-07,refunded,1509.47
117001,1045,2024-10-23,pending,2519.1
117002,1006,2023-07-29,cancelled,4315.81
117003,1032,2025-10-09,completed,1797.29
117004,1038,2023-12-26,completed,3249.27
117005,1035,2025-08-31,pending,3277.46
117007,1034,2025-02-01,completed,1299.29
117008,1005,2023-12-11,refunded,750.8
117009,1039,2023-10-29,completed,3099.44
117010,1038,2024-06-29,completed,4789.86
117011,1048,2025-03-01,refunded,4963.37
117012,1050,2023-11-21,pending,309.45
117013,1011,2025-01-18,pending,1666.75
117014,1003,2025-06-21,completed,535.02
117015,1018,2025-11-08,completed,252.8
117016,1036,2024-12-22,cancelled,5769.9
117017,1020,2025-03-18,completed,56.32
117018,1042,2025-06-20,refunded,1114.24
117019,1008,2025-02-19,completed,4391.4
117020,1001,2025-12-29,refunded,3776.31
117021,1005,2025-10-29,completed,43.85
117022,1022,2024-08-17,pending,5291.65
117023,1010,2023-09-15,completed,332.74
117024,1022,2025-09-10,completed,3073.39
117025,1044,2023-02-09,completed,1093.61
117026,1008,2023-01-05,completed,2793.18
117027,1025,2023-01-27,completed,181.17
117028,1008,2025-08-22,completed,2883.86
117029,1007,2023-08-28,refunded,123.62
117030,1037,2025-04-16,pending,404.42
117031,1011,2023-05-25,shipped,2125.12
117032,1037,2023-04-08,completed,2187.71
117033,1020,2023-04-26,shipped,1628.72
117034,1038,2024-02-12,shipped,6951.54
117035,1004,2023-11-26,refunded,5992.73
117036,1047,2024-08-19,completed,4430.03
117038,1020,2024-12-17,completed,6858.88
117039,1034,2025-09-14,pending,3257.64
117040,1019,2025-10-09,shipped,2439.32
117041,1042,2024-08-17,refunded,2367.56
117042,1028,2025-07-30,pending,288.89
117043,1049,2025-04-15,shipped,3719.01
117044,1032,2024-06-18,refunded,4930.67
117045,1031,2025-02-08,completed,687.98
117046,1034,2025-12-25,completed,839.45
117047,1009,2023-06-24,completed,266.15
117048,1025,2024-02-23,shipped,736.88
117049,1010,2025-10-08,completed,1148.8
117050,1006,2023-12-29,completed,3110.28
117051,1034,2023-06-18,pending,2599.38
117052,1047,2023-08-17,pending,1415.28
117053,1035,2023-03-10,pending,4241.34
117054,1022,2024-10-26,refunded,2238.61
117055,1036,2024-02-14,completed,5777.06
117056,1042,2025-11-05,completed,223.76
117057,1008,2024-01-11,completed,1098.36
117058,1040,2025-10-21,completed,3586.47
117059,1034,2023-07-23,completed,5023.22
117060,1027,2023-09-29,completed,28.4
117061,1026,2024-01-17,shipped,233.13
117062,1006,2023-11-17,refunded,2666.72
117063,1042,2023-11-11,pending,3950.26
117064,1016,2025-03-24,pending,2821.54
117065,1006,2025-08-13,completed,545.4
117066,1005,2023-07-19,completed,1282.35
117067,1027,2024-06-29,shipped,5012.81
117068,1046,2025-08-31,completed,959.64
117069,1017,2025-05-01,shipped,1319.89
117070,1007,2024-06-12,completed,5649.56
117071,1019,2023-07-28,shipped,442.35
117072,1010,2025-10-10,shipped,2610.76
117073,1009,2023-07-24,completed,656.0
117074,1013,2023-05-20,completed,1270.88
117075,1013,2026-09-25,cancelled,463.27
117076,1006,2024-05-26,completed,1250.94
117077,1026,2024-06-21,completed,1719.9
117078,1022,2024-08-16,cancelled,2908.15
117079,1018,2024-03-14,completed,4441.89
117080,1027,2023-07-23,refunded,2414.9
117081,1009,2023-12-24,pending,5969.54
117083,1034,2025-08-28,completed,4933.39
117084,1004,2024-11-26,refunded,470.79
117085,1027,2024-10-19,completed,2872.12
117086,1013,2024-11-19,completed,4539.32
117087,1016,2023-08-29,completed,1878.35
117088,1004,2024-01-14,completed,627.09
117089,1017,2024-08-07,refunded,989.46
117090,1044,2025-01-19,cancelled,5845.08
117091,1002,2023-01-28,shipped,171.51
117092,1045,2023-09-29,completed,3224.07
117093,1002,2025-08-19,completed,2810.93
117094,1002,2025-02-07,cancelled,1385.97
117095,1010,2024-01-27,completed,3161.09
117096,1029,2024-10-16,pending,7832.34
117098,1049,2023-01-10,pending,341.08
117099,1013,2025-09-15,completed,2698.2
117100,1003,2023-03-20,completed,2834.87
117101,1034,2023-10-06,shipped,2365.26
117102,1005,2023-08-17,pending,1085.56
117103,1037,2023-01-31,pending,3878.0
117104,1043,2024-12-29,completed,81.76
117105,1012,2024-01-09,completed,250.23
117106,1048,2025-01-11,completed,3089.91
117107,1021,2024-10-27,shipped,1364.7
117108,1028,2024-09-07,cancelled,4085.14
117109,1032,2024-01-03,shipped,6126.91
117110,1019,2024-11-02,pending,3213.6
117111,1032,2023-10-01,refunded,4504.02
117112,1028,2024-12-31,completed,4604.53
117113,1006,2024-09-06,cancelled,1503.81
117114,1013,2025-04-30,completed,969.95
117115,1046,2023-04-05,shipped,1867.07
117116,1004,2023-03-10,completed,7305.86
117117,1038,2024-06-22,completed,4922.86
117118,1005,2023-08-03,completed,2787.1
117119,1002,2023-06-14,completed,1040.52
117120,1026,2023-05-15,shipped,4604.0
117121,1044,2024-06-22,pending,2731.7
117122,1022,2023-06-06,completed,1370.39
117123,1030,2025-03-24,refunded,2805.45
117125,1027,2024-11-18,shipped,5242.8
117126,1047,2025-09-23,completed,3777.53
117127,1036,2024-10-17,pending,1349.03
117128,1008,2025-09-03,shipped,5665.32
117129,1019,2025-05-22,pending,5080.53
117130,1013,2023-03-30,pending,5593.29
117131,1010,2023-08-03,shipped,104.2
117132,1009,2025-11-05,pending,1758.51
117133,1019,2024-09-12,pending,252.52
117134,1029,2024-01-06,pending,117.87
117135,1022,2025-11-08,completed,4046.75
117136,1042,2025-08-02,pending,2490.54
117137,1025,2025-08-04,pending,4029.1
117138,1021,2024-12-01,completed,3031.6
117139,1016,2025-11-05,completed,5045.92
117140,1050,2025-02-03,completed,1250.08
117141,1034,2024-04-19,refunded,4284.14
117142,1043,2025-01-17,completed,821.4
117143,1020,2023-05-26,refunded,1487.43
117144,1033,2025-01-15,pending,2073.76
117145,1015,2023-06-22,completed,5512.04
117146,1034,2025-02-23,pending,6870.73
117147,1008,2023-06-16,completed,3812.16
117148,1002,2023-09-15,refunded,4180.35
117149,1026,2023-02-24,shipped,821.8
117150,1039,2025-03-26,refunded,170.49
117151,1019,2024-07-22,pending,1689.9
117152,1014,2025-04-02,completed,2717.35
117153,1034,2024-02-16,completed,2848.08
117154,1018,2024-11-04,refunded,3017.08
117155,1007,2025-11-21,completed,1884.24
117156,1038,2024-04-05,cancelled,4728.07
117157,1015,2024-05-24,completed,5967.04
117158,1006,2024-08-07,completed,1149.3
117159,1006,2023-12-04,refunded,4181.89
117160,1021,2023-12-23,completed,3286.19
117161,1001,2025-03-17,pending,394.68
117162,1005,2024-06-13,shipped,1721.8
117163,1026,2023-06-29,shipped,860.58
117164,1008,2023-11-07,completed,2529.18
117165,1037,2026-05-19,completed,2868.94
117166,1050,2025-03-28,refunded,3138.83
117167,1006,2023-01-27,cancelled,5508.26
117168,1040,2025-04-11,completed,7008.25
117169,1049,2023-05-23,completed,1512.6
117170,1023,2025-09-22,pending,1401.23
117171,1020,2023-10-30,shipped,2599.13
117172,1046,2023-11-28,completed,2065.1
117173,1032,2023-11-12,refunded,3434.18
117174,1047,2023-08-27,completed,2262.8
117175,1044,2025-07-23,shipped,487.44
117176,1004,2023-11-17,completed,4163.69
117177,1049,2025-08-08,cancelled,162.18
117178,1048,2023-08-27,completed,146.88
117179,1037,2024-01-24,shipped,2902.69
117180,1022,2023-04-10,refunded,2630.55
117181,1031,2023-04-02,pending,1467.46
117182,1043,2024-08-24,pending,1472.0
117183,1042,2024-03-28,shipped,1522.38
117184,1010,2024-06-27,completed,2745.69
117185,1024,2024-10-24,pending,4746.57
117186,1030,2024-02-19,completed,2541.85
117187,1031,2024-03-31,refunded,143.04
117188,1041,2024-04-08,shipped,4947.22
117189,1030,2023-12-21,refunded,2457.74
117190,1014,2023-05-27,completed,2187.8
117191,1002,2024-03-29,completed,4802.99
117193,1048,2023-08-07,completed,3201.76
117194,1018,2025-04-16,pending,321.1
117195,1036,2024-01-18,shipped,315.06
117196,1015,2024-01-30,completed,688.73
117197,1026,2025-03-16,completed,1922.12
117198,1018,2024-08-16,shipped,5326.92
117199,1037,2025-04-26,completed,3181.08
117200,1015,2024-12-29,cancelled,2628.14
117201,1033,2023-05-20,completed,5818.9
117202,1040,2023-06-15,cancelled,2826.6
117203,1032,2024-12-13,completed,2995.34
117204,1010,2024-11-20,completed,3308.68
117205,1029,2023-01-16,refunded,2893.32
117206,1041,2025-01-17,shipped,2971.94
117207,1045,2023-04-29,refunded,4904.08
117208,1040,2024-08-16,completed,2896.31
117209,1040,2023-07-25,completed,5627.94
117210,1024,2023-05-25,completed,2748.39
117211,1006,2024-02-24,shipped,4725.0
117212,1014,2023-01-04,pending,8413.8
117213,1025,2025-05-29,refunded,891.45
117214,1028,2023-09-27,completed,3953.38
117215,1024,2023-07-23,completed,391.52
117216,1012,2025-09-20,pending,3107.01
117217,1026,2023-06-15,completed,2816.88
117218,1044,2025-06-02,completed,1839.52
117219,1019,2024-11-09,pending,3293.62
117220,1048,2025-11-25,refunded,3335.28
117221,1013,2023-12-05,completed,2882.72
117222,1041,2024-10-21,completed,3641.58
117223,1029,2025-07-31,completed,1809.69
117224,1005,2025-02-22,completed,3494.1
117225,1013,2023-10-22,completed,2544.13
117226,1022,2025-04-22,shipped,2670.04
117227,1024,2025-08-11,refunded,4932.35
117228,1015,2025-11-23,pending,228.72
117229,1045,2024-05-07,refunded,167.36
117230,1009,2024-01-20,cancelled,2158.86
117231,1029,2024-11-14,pending,2000.81
117232,1027,2023-10-12,completed,370.44
117233,1026,2023-02-17,completed,4520.78
117234,1017,2023-01-15,pending,1733.28
117235,1039,2025-08-04,completed,177.77
117236,1008,2024-03-12,completed,2790.4
117237,1037,2024-09-20,shipped,3549.27
117238,1022,2025-03-19,refunded,508.65
117239,1045,2023-09-19,completed,3002.54
117240,1043,2024-03-02,shipped,3066.8
117241,1021,2024-04-27,cancelled,2443.75
117242,1024,2024-04-19,completed,3938.8
117243,1040,2025-04-21,pending,3843.5
117244,1039,2023-03-03,shipped,3693.88
117245,1021,2024-10-31,completed,3705.42
117246,1008,2023-06-24,completed,2552.93
117247,1037,2023-05-07,shipped,2050.16
117248,1031,2023-03-31,cancelled,5892.59
117249,1022,2024-07-19,completed,541.84
117250,1047,2023-03-15,refunded,1987.24
117251,1011,2023-04-20,shipped,1062.29
117252,1040,2024-05-09,completed,2116.52
117253,1018,2025-04-17,completed,4405.89
117254,1004,2025-12-19,pending,1359.49
117255,1049,2025-12-14,completed,121.97
117256,1033,2024-09-12,completed,4050.33
117257,1002,2025-08-09,pending,2732.17
117258,1045,2025-08-15,completed,3468.3
117259,1043,2024-08-23,completed,1657.27
117260,1005,2025-10-09,completed,7863.02
117261,1033,2024-03-06,refunded,3174.87
117262,1002,2025-04-15,completed,212.3
117263,1035,2023-10-09,refunded,3943.77
117264,1001,2023-07-04,pending,3546.72
117265,1035,2024-12-28,completed,2827.92
117266,1041,2023-07-29,shipped,2454.8
117267,1018,2023-06-05,completed,3609.31
117268,1020,2023-02-14,cancelled,891.68
117269,1003,2024-10-13,pending,5776.28
117270,1031,2024-03-27,completed,2651.13
117271,1011,2024-08-16,completed,6324.44
117272,1048,2024-03-12,completed,4501.21
117273,1005,2023-05-20,completed,4349.93
117274,1037,2024-02-22,cancelled,3199.89
117275,1004,2024-09-01,pending,5149.93
117276,1027,2024-03-21,refunded,1836.71
117277,1044,2025-06-08,shipped,854.17
117278,1003,2023-10-20,refunded,1737.31
117279,1043,2024-12-30,refunded,6287.88
117280,1013,2025-03-06,shipped,2722.01
117281,1017,2024-12-08,cancelled,5691.2
117282,1038,2025-09-29,cancelled,318.2
117283,1019,2024-05-16,pending,879.72
117284,1007,2024-10-18,completed,4522.98
117285,1014,2024-09-30,refunded,2775.7
117286,1019,2025-12-09,completed,1552.74
117287,1050,2025-08-15,completed,4096.68
117288,1044,2025-07-31,completed,1936.37
117289,1030,2023-06-10,cancelled,824.9
117290,1047,2024-12-24,refunded,4787.52
117291,1043,2025-10-08,refunded,1962.11
117292,1009,2023-09-09,shipped,2470.53
117293,1030,2025-02-19,completed,267.65
117294,1012,2025-12-16,completed,2964.2
117295,1020,2023-05-28,shipped,1332.22
117296,1011,2023-09-16,pending,1597.24
117297,1020,2023-06-12,completed,1105.5
117298,1037,2025-11-04,cancelled,2294.87
117299,1034,2025-04-11,cancelled,454.25
117300,1027,2024-01-17,pending,277.88
117301,1023,2023-05-22,completed,3645.24
117302,1050,2025-09-13,shipped,2858.42
117303,1039,2024-06-28,completed,3183.92
117304,1009,2025-04-10,refunded,4316.45
117305,1012,2023-05-18,refunded,624.4
117306,1029,2025-07-05,shipped,257.33
117307,1016,2023-09-26,completed,2740.04
117308,1026,2023-08-04,refunded,3593.43
117309,1032,2024-05-19,completed,1353.6
117310,1013,2025-01-18,refunded,2139.25
117311,1039,2024-01-06,refunded,1927.4
117312,1043,2024-02-20,shipped,2258.33
117313,1044,2023-05-06,pending,2774.89
117314,1029,2024-02-23,pending,2735.6
117315,1021,2023-06-11,completed,3771.93
117316,1049,2024-07-27,completed,1732.56
117317,1028,2023-05-17,shipped,1983.08
117318,1025,2025-07-20,cancelled,3288.02
117319,1008,2025-10-10,refunded,5810.54
117320,1017,2023-02-10,completed,2583.53
117321,1047,2024-08-27,shipped,396.32
117322,1038,2023-08-07,completed,208.08
117323,1002,2024-08-21,completed,2875.14
117324,1036,2025-10-20,completed,2040.9
117325,1046,2024-04-28,cancelled,1031.34
117326,1045,2023-02-13,completed,4922.95
117327,1050,2025-07-09,completed,629.26
117328,1031,2025-09-15,cancelled,4715.19
117329,1018,2025-02-26,completed,2362.35
117330,1036,2024-07-06,pending,124.46
117331,1036,2023-08-15,completed,843.72
117332,1038,2024-11-13,refunded,1892.66
117333,1023,2023-01-18,pending,1151.39
117334,1002,2023-02-16,refunded,2250.4
117335,1020,2024-05-27,completed,346.12
117336,1041,2025-11-26,completed,2095.14
117337,1035,2023-04-21,completed,2893.66
117338,1048,2025-09-17,cancelled,1281.07
117339,1009,2023-07-16,completed,3254.16
117340,1005,2025-06-07,completed,3744.35
117341,1011,2025-07-07,completed,5368.36
117342,1040,2024-08-04,completed,3045.3
117343,1019,2023-09-09,refunded,2442.68
117344,1002,2025-04-10,pending,117.44
117345,1028,2023-10-22,cancelled,894.72
117346,1024,2024-01-29,pending,952.7
117347,1042,2024-07-20,completed,4478.22
117348,1030,2025-09-30,completed,2131.26
117349,1040,2025-11-28,completed,1767.92
117350,1041,2024-12-09,completed,344.28
117351,1039,2025-07-31,completed,862.5
117352,1010,2024-06-12,refunded,1655.1
117353,1007,2024-09-29,pending,3755.05
117354,1015,2025-11-09,cancelled,7226.4
117355,1034,2024-02-01,completed,3291.17
117356,1045,2024-03-28,completed,3693.5
117357,1002,2024-01-08,pending,2060.65
117358,1014,2025-03-21,shipped,4367.36
117359,1007,2024-04-16,completed,1226.04
117360,1038,2023-08-15,pending,3397.16
117361,1007,2024-11-26,pending,4320.22
117362,1020,2025-10-02,completed,2707.46
117363,1029,2024-01-09,refunded,1731.91
117364,1020,2023-11-25,completed,3530.53
117365,1024,2024-09-17,cancelled,1650.66
117366,1032,2024-07-29,completed,2990.72
117367,1014,2025-09-07,completed,3491.05
117368,1023,2025-02-02,refunded,1265.47
117369,1027,2023-03-09,completed,234.15
117370,1039,2025-04-22,shipped,5670.63
117371,1050,2025-02-12,shipped,6592.76
117372,1050,2024-01-22,refunded,4142.91
117373,1020,2025-02-07,shipped,2771.1
117374,1012,2023-05-26,shipped,8753.7
117375,1018,2024-10-19,completed,645.21
117376,1042,2024-09-26,refunded,1210.33
117377,1039,2024-10-18,cancelled,2209.19
117378,1005,2025-03-09,pending,651.0
117379,1011,2024-10-07,completed,1562.04
117380,1008,2023-11-16,completed,3613.01
117381,1016,2025-12-11,pending,241.74
117382,1049,2025-05-07,completed,2604.9
117383,1035,2024-09-05,refunded,3222.68
117384,1012,2023-03-13,completed,3347.49
117385,1020,2024-06-15,completed,3149.12
117386,1042,2023-12-19,shipped,5107.89
117387,1024,2025-07-23,refunded,194.45
117388,1016,2024-06-14,shipped,2550.1
117389,1026,2024-06-17,refunded,3153.02
117390,1005,2024-07-07,pending,6233.84
117391,1001,2024-01-07,pending,5464.01
117392,1012,2024-07-14,completed,1539.75
117393,1046,2024-04-07,completed,817.72
117394,1040,2024-05-23,completed,1954.49
117395,1038,2024-03-18,completed,1157.28
117396,1001,2024-10-28,refunded,5234.68
117397,1018,2024-11-16,shipped,2757.65
117399,1027,2024-03-13,shipped,2124.27
117400,1005,2024-09-05,pending,1465.44
117401,1002,2025-05-24,pending,2787.12
117402,1016,2025-01-15,refunded,4337.18
117403,1041,2023-12-10,shipped,3178.59
117404,1038,2024-03-23,refunded,911.5
117406,1030,2024-06-12,completed,1137.58
117407,1011,2025-02-26,cancelled,2315.18
117408,1006,2024-02-24,shipped,3584.3
117409,1013,2023-12-04,completed,1489.03
117410,1004,2024-04-03,completed,3606.83
117411,1013,2023-11-23,completed,7064.59
117412,1029,2024-04-05,refunded,368.91
117413,1018,2025-03-11,cancelled,326.76
117414,1018,2025-07-05,completed,305.27
117415,1023,2024-06-23,refunded,3755.88
117416,1007,2025-06-13,pending,851.04
117417,1003,2023-01-07,completed,4029.42
117418,1049,2023-07-18,shipped,4302.75
117419,1016,2023-08-23,shipped,418.24
117420,1022,2025-03-17,shipped,1634.9
117421,1006,2023-06-18,cancelled,2901.22
117422,1019,2023-04-27,completed,1310.22
117423,1041,2025-08-04,refunded,6823.89
117424,1028,2024-07-10,shipped,3770.91
117425,1019,2024-09-04,cancelled,423.55
117426,1016,2024-10-14,refunded,128.61
117427,1004,2023-09-08,completed,1005.9
117428,1043,2023-06-13,completed,1220.62
117429,1043,2025-06-28,completed,162.63
117430,1034,2023-06-17,refunded,110.4
117431,1006,2024-11-04,shipped,4507.94
117432,1015,2024-03-23,pending,3164.97
117433,1027,2023-08-25,cancelled,321.15
117434,1017,2025-07-16,completed,2065.06
117435,1009,2023-06-28,shipped,3035.76
117436,1025,2023-03-17,completed,837.8
117437,1040,2024-01-03,pending,3996.39
117438,1033,2023-09-04,shipped,4231.1
117439,1016,2024-06-15,cancelled,2344.68
117440,1035,2025-07-26,pending,4531.66
117441,1030,2024-04-11,cancelled,4143.11
117442,1028,2025-11-14,completed,385.84
117443,1002,2025-06-14,refunded,1495.77
117444,1021,2023-09-22,shipped,4454.18
117445,1012,2025-07-08,completed,2281.32
117446,1041,2024-10-21,cancelled,4777.26
117447,1041,2025-03-04,completed,443.7
117448,1034,2025-12-17,completed,2597.77
117449,1041,2025-10-22,refunded,6093.07
117450,1049,2025-09-20,shipped,575.72
117451,1042,2025-05-07,refunded,4360.62
117452,1028,2024-08-01,completed,2037.69
117453,1042,2024-05-02,shipped,1016.19
117454,1012,2024-12-18,cancelled,1494.86
117455,1026,2025-10-20,cancelled,1215.22
117456,1033,2025-08-07,completed,3093.15
117458,1041,2025-03-12,cancelled,2627.5
117459,1048,2024-03-05,completed,491.49
117460,1008,2025-11-27,pending,2397.33
117461,1004,2024-10-18,completed,92.16
117462,1034,2025-06-04,refunded,701.95
117463,1005,2024-07-27,cancelled,2433.66
117464,1006,2024-09-11,pending,2873.55
117465,1010,2023-04-18,pending,1891.06
117466,1041,2023-08-30,pending,1103.15
117467,1006,2024-07-26,completed,3274.82
117468,1014,2025-11-15,completed,1958.22
117469,1031,2023-04-01,pending,983.28
117470,1045,2025-10-27,shipped,825.12
117471,1003,2025-04-27,refunded,2386.99
117472,1038,2024-11-12,cancelled,272.9
117473,1023,2025-07-11,completed,4757.57
117474,1026,2024-03-04,completed,2336.88
117475,1013,2023-06-05,shipped,434.46
117476,1048,2023-09-15,cancelled,1589.09
117477,1031,2025-03-24,cancelled,3389.72
117478,1015,2025-06-16,refunded,813.12
117479,1021,2023-09-29,completed,558.04
117480,1036,2025-12-31,pending,3742.2
117481,1017,2023-01-18,completed,1219.49
117482,1028,2025-08-15,shipped,2206.74
117483,1003,2023-02-13,completed,5281.27
117484,1018,2023-08-27,completed,3363.03
117485,1045,2025-04-27,completed,2091.62
117486,1001,2024-10-12,pending,2926.15
117487,1021,2025-02-28,refunded,2173.63
117488,1019,2024-02-04,shipped,845.6
117489,1037,2023-08-21,shipped,2051.8
117490,1035,2023-10-15,completed,3231.2
117491,1022,2024-08-04,completed,2247.67
117492,1005,2024-04-17,shipped,249.28
117493,1025,2024-01-16,completed,2174.69
117494,1010,2025-07-02,cancelled,2032.74
117495,1020,2025-10-17,completed,4085.87
117496,1035,2023-07-09,completed,1972.76
117497,1018,2025-07-05,shipped,2796.12
117498,1021,2024-03-21,pending,1938.46
117499,1012,2024-12-11,completed,3442.32
117500,1011,2023-09-23,refunded,716.24
117501,1013,2023-09-23,completed,4685.44
117502,1038,2023-05-20,completed,3469.89
117504,1044,2024-08-08,pending,2534.01
117505,1016,2023-01-15,shipped,222.61
117506,1020,2023-04-12,pending,1112.03
117507,1029,2023-06-10,completed,909.49
117508,1036,2023-10-03,refunded,7241.45
117509,1021,2025-05-15,completed,1642.24
117510,1023,2023-10-30,pending,2449.68
117511,1039,2023-06-29,shipped,2692.06
117512,1019,2023-02-09,cancelled,5163.69
117513,1009,2024-05-26,completed,4012.57
117514,1021,2025-06-07,pending,1191.61
117515,1018,2024-02-11,pending,5517.96
117516,1042,2023-05-08,pending,4774.8
117517,1012,2023-06-06,completed,1195.83
117518,1029,2025-05-11,cancelled,319.32
117519,1006,2023-08-09,completed,308.48
117520,1049,2023-01-24,cancelled,1022.55
117521,1016,2024-08-13,completed,4552.65
117522,1034,2024-01-13,completed,6133.47
117523,1021,2025-10-01,shipped,3087.69
117524,1019,2024-12-03,cancelled,2435.5
117525,1015,2024-03-06,cancelled,3697.9
117526,1026,2023-05-12,cancelled,2648.82
117527,1018,2025-11-26,completed,1693.09
117528,1034,2025-09-11,completed,3261.96
117529,1015,2023-10-18,refunded,1215.88
117530,1043,2025-10-16,cancelled,3764.97
117531,1026,2024-04-30,completed,2979.51
117532,1041,2024-09-24,completed,1442.04
117533,1043,2024-02-21,refunded,176.82
117534,1033,2024-05-27,completed,2477.52
117535,1032,2024-08-20,completed,4498.02
117536,1029,2024-09-06,refunded,376.64
117537,1009,2024-11-10,completed,1382.49
117538,1026,2025-10-19,completed,5529.1
117539,1006,2023-09-25,cancelled,3907.81
117540,1027,2023-06-17,shipped,2854.94
117541,1028,2025-06-18,shipped,4555.39
117542,1042,2023-01-22,cancelled,3408.64
117543,1023,2025-06-29,shipped,6074.19
117544,1039,2023-12-25,completed,2554.86
117545,1016,2023-02-27,cancelled,2238.64
117546,1033,2024-09-08,completed,4146.53
117547,1037,2025-03-09,completed,5634.21
117548,1022,2025-02-10,completed,1500.65
117549,1042,2024-08-23,completed,2291.56
117550,1003,2025-08-17,refunded,2007.22
117551,1029,2025-04-29,cancelled,1045.83
117552,1014,2025-05-25,shipped,4864.01
117553,1010,2024-01-18,pending,5050.53
117554,1043,2023-02-10,completed,7722.81
117555,1047,2025-10-05,refunded,1816.04
117556,1027,2023-06-30,completed,2241.0
117557,1028,2024-09-24,completed,519.01
117558,1020,2025-12-15,completed,4546.78
117559,1037,2024-01-02,completed,294.9
117561,1031,2023-07-18,pending,4523.9
117562,1044,2023-11-26,completed,2855.17
117563,1006,2023-11-08,shipped,8638.11
117564,1043,2023-03-28,shipped,2423.13
117565,1047,2023-02-20,completed,159.83
117566,1047,2023-02-19,refunded,1634.13
117567,1015,2024-09-07,cancelled,2725.8
117568,1016,2024-11-15,completed,2881.25
117569,1040,2023-01-30,completed,1981.23
117570,1004,2024-08-02,completed,731.96
117571,1002,2025-12-08,shipped,1678.38
117572,1045,2025-06-22,completed,3056.39
117573,1034,2023-11-26,refunded,1931.76
117574,1042,2024-06-04,completed,3236.68
117575,1044,2024-01-29,shipped,5458.41
117576,1017,2023-12-25,completed,1928.61
117577,1021,2025-09-10,pending,4323.88
117578,1039,2023-10-18,refunded,2494.08
117579,1036,2023-10-13,completed,924.56
117580,1001,2023-02-18,completed,2715.15
117581,1021,2023-06-19,refunded,2458.24
117582,1004,2025-01-27,completed,2730.35
117583,1036,2025-12-23,completed,184.7
117584,1026,2025-03-16,completed,3700.36
117585,1043,2023-07-24,completed,4333.52
117586,1038,2024-07-26,refunded,1423.28
117587,1019,2023-08-18,refunded,2785.18
117588,1010,2025-10-27,completed,6337.36
117589,1016,2024-12-09,completed,28.05
117590,1015,2024-08-09,pending,2184.07
117591,1036,2024-04-21,completed,1256.31
117592,1037,2023-02-02,completed,2418.87
117593,1009,2024-11-25,refunded,551.2
117594,1047,2023-08-31,cancelled,1691.92
117595,1039,2024-12-17,completed,900.64
117596,1032,2026-12-15,shipped,3521.38
117597,1020,2023-03-10,cancelled,8462.2
117598,1013,2024-07-19,completed,2433.84
117599,1023,2024-05-30,completed,1501.56
117600,1039,2024-02-06,completed,1166.22
117601,1018,2024-02-24,shipped,3487.46
117602,1045,2024-12-23,pending,787.92
117603,1016,2024-11-29,completed,6730.84
117604,1024,2023-10-08,cancelled,1291.5
117605,1036,2025-02-05,shipped,1537.98
117606,1017,2025-10-12,cancelled,1715.96
117607,1002,2023-11-10,shipped,1078.43
117608,1035,2024-03-10,refunded,4510.28
117609,1044,2025-03-22,completed,1123.87
117610,1012,2025-01-27,completed,3736.49
117611,1014,2023-08-21,completed,1349.06
117612,1026,2024-06-27,cancelled,276.37
117613,1038,2025-11-03,completed,3269.74
117614,1002,2025-07-10,refunded,974.7
117615,1014,2025-05-12,completed,3015.27
117616,1009,2023-03-05,cancelled,2092.24
117617,1023,2024-03-27,completed,1706.88
117618,1039,2025-06-22,completed,1126.88
117619,1036,2025-05-31,completed,4822.31
117620,1038,2025-01-06,cancelled,3067.68
117621,1044,2025-08-08,completed,2024.12
117622,1032,2024-11-01,refunded,1913.23
117623,1030,2025-02-08,refunded,1354.75
117624,1040,2023-11-21,completed,2333.57
117625,1026,2023-04-07,completed,1935.35
117626,1005,2024-02-09,refunded,5704.2
117627,1008,2023-06-21,completed,1547.52
117628,1035,2023-04-03,completed,1088.37
117629,1024,2024-07-01,cancelled,3178.07
117630,1047,2025-10-02,cancelled,3797.92
117631,1020,2025-11-24,completed,2635.54
117632,1046,2024-04-13,completed,559.6
117633,1019,2023-03-19,refunded,7446.28
117634,1043,2025-06-07,completed,3092.81
117636,1011,2024-09-09,completed,3258.92
117638,1043,2025-11-11,completed,2088.3
117639,1019,2024-04-21,completed,4370.3
117640,1003,2025-10-02,cancelled,2435.81
117641,1005,2024-01-18,cancelled,845.22
117642,1013,2024-02-12,cancelled,1092.48
117643,1024,2023-11-05,completed,5644.66
117645,1047,2023-06-14,cancelled,3927.18
117646,1040,2023-01-12,refunded,1248.8
117647,1021,2024-01-22,cancelled,2935.69
117648,1038,2024-08-15,completed,2240.49
117650,1047,2023-08-17,shipped,7640.57
117651,1033,2025-11-13,cancelled,341.76
117652,1042,2025-08-21,completed,807.32
117653,1037,2025-10-05,completed,3360.38
117654,1033,2023-01-24,shipped,1998.3
117655,1027,2023-02-11,shipped,3092.31
117656,1038,2023-01-16,shipped,2294.66
117657,1015,2023-08-26,completed,3936.93
117658,1047,2024-12-06,shipped,4070.07
117659,1034,2025-06-13,completed,467.53
117660,1040,2024-03-16,shipped,6629.82
117661,1038,2024-08-12,completed,2418.04
117662,1040,2024-09-08,refunded,457.2
117663,1045,2025-09-07,completed,1504.98
117664,1033,2025-11-20,completed,2410.66
117665,1014,2025-12-17,shipped,1880.1
117666,1029,2025-03-18,completed,3129.72
117667,1011,2023-06-24,completed,533.15
117668,1005,2023-03-01,completed,340.8
117669,1005,2023-10-21,completed,1818.36
117670,1046,2024-04-02,completed,2746.78
117671,1043,2025-12-29,pending,86.8
117672,1037,2025-04-28,refunded,4018.93
117673,1035,2025-06-28,completed,2860.86
117674,1036,2023-12-08,shipped,5942.1
117675,1022,2023-11-14,completed,961.86
117677,1013,2024-10-01,completed,903.72
117678,1004,2023-10-15,cancelled,224.96
117679,1048,2023-11-24,completed,2590.33
117680,1013,2024-10-24,completed,65.56
117681,1034,2023-04-14,completed,1552.24
117682,1031,2024-05-22,completed,2121.14
117683,1046,2025-10-29,cancelled,1013.26
117684,1044,2023-02-18,cancelled,824.08
117685,1040,2023-07-10,completed,632.92
117686,1019,2025-12-04,completed,1346.66
117687,1014,2025-09-26,refunded,2462.1
117688,1011,2023-04-05,shipped,240.96
117689,1005,2024-07-27,completed,4243.87
117690,1020,2023-05-16,completed,5651.4
117691,1042,2023-10-23,refunded,892.2
117692,1028,2023-11-03,cancelled,1901.27
117693,1030,2025-04-17,completed,2007.54
117694,1002,2024-06-17,completed,1052.24
117696,1004,2024-05-21,completed,156.84
117697,1044,2024-10-20,completed,7935.5
117698,1036,2025-03-11,completed,270.72
117699,1040,2023-09-03,completed,113.89
117701,1003,2024-12-24,pending,237.06
117702,1021,2023-04-26,pending,1392.97
117703,1033,2023-10-04,refunded,173.68
117704,1013,2024-01-22,refunded,4591.65
117705,1032,2025-01-08,shipped,4893.28
117706,1014,2023-08-04,completed,1939.06
117707,1006,2023-01-01,refunded,1715.02
117708,1023,2024-01-05,pending,41.36
117709,1041,2025-07-15,completed,684.2
117710,1047,2023-11-04,completed,1025.76
117711,1038,2024-01-25,pending,7830.02
117712,1050,2024-04-17,completed,2198.01
117713,1047,2024-02-17,refunded,2544.88
117714,1031,2025-10-11,completed,746.72
117715,1039,2025-03-18,completed,831.04
117716,1012,2023-04-29,completed,1577.91
117717,1040,2023-02-12,completed,222.25
117718,1037,2025-03-14,completed,5311.2
117719,1035,2023-04-12,pending,1024.99
117720,1005,2024-10-16,completed,3588.83
117721,1012,2024-08-19,completed,1910.01
117722,1038,2025-10-01,completed,4921.39
117723,1049,2023-07-23,completed,1958.79
117724,1026,2024-09-02,completed,487.04
117725,1011,2025-11-05,pending,1780.86
117726,1013,2023-01-08,completed,2360.4
117727,1041,2024-02-21,shipped,2261.96
117728,1041,2025-03-12,pending,290.08
117729,1047,2024-02-07,completed,2986.5
117730,1048,2024-11-19,completed,6273.3
117731,1042,2024-10-26,completed,4096.69
117732,1032,2025-05-03,refunded,6767.34
117733,1007,2023-06-16,shipped,3658.05
117734,1050,2023-11-20,cancelled,6607.94
117735,1037,2023-07-03,pending,1214.58
117736,1050,2023-07-08,pending,932.58
117737,1033,2024-01-17,completed,927.48
117738,1015,2025-07-26,refunded,5807.56
117739,1011,2024-12-15,completed,4214.96
117740,1040,2024-09-03,pending,4260.3
117741,1025,2024-01-01,refunded,34.65
117742,1038,2024-04-06,pending,1034.96
117743,1011,2025-03-04,refunded,4269.08
117744,1018,2023-07-27,pending,244.55
117745,1033,2025-03-27,refunded,421.68
117746,1010,2024-05-16,pending,1479.86
117747,1022,2023-04-13,pending,1133.2
117748,1003,2023-03-21,shipped,2162.28
117749,1037,2023-12-21,cancelled,2640.55
117750,1004,2023-06-06,shipped,1605.64
117751,1016,2024-02-23,cancelled,744.88
117752,1038,2025-05-07,shipped,1249.54
117753,1006,2023-08-11,pending,2499.47
117754,1021,2023-07-31,pending,7024.13
117755,1004,2025-12-13,pending,1450.89
117756,1027,2023-08-28,completed,1475.24
117757,1037,2025-08-04,completed,4271.32
117758,1007,2025-04-23,completed,262.72
117759,1026,2023-01-05,shipped,916.0
117760,1003,2024-06-18,refunded,455.65
117761,1011,2023-12-02,completed,6753.55
117762,1023,2025-03-27,refunded,3262.61
117763,1050,2025-03-05,refunded,3994.5
117764,1008,2023-03-25,pending,3755.93
117765,1010,2023-09-29,pending,3801.21
117766,1038,2025-02-23,cancelled,3769.33
117767,1020,2025-05-24,cancelled,2641.65
117768,1038,2025-05-25,shipped,1586.8
117769,1047,2024-04-16,completed,4612.45
117770,1024,2025-04-05,completed,547.03
117771,1047,2025-07-16,completed,1614.2
117772,1015,2023-01-19,shipped,2571.03
117773,1006,2024-02-05,completed,2351.94
117774,1030,2023-04-15,completed,2826.14
117775,1008,2023-11-02,cancelled,4423.73
117776,1012,2025-08-18,completed,7167.76
117777,1015,2025-09-16,shipped,452.23
117778,1031,2025-04-03,shipped,3454.23
117779,1019,2025-04-28,completed,2932.2
117782,1026,2024-06-18,completed,716.04
117783,1032,2023-01-08,shipped,2802.19
117784,1035,2023-12-16,cancelled,1745.81
117785,1001,2025-03-05,completed,1095.42
117786,1044,2025-04-26,completed,369.45
117787,1009,2025-01-06,pending,3874.1
117788,1049,2024-01-11,completed,2915.12
117789,1043,2023-04-18,completed,2843.03
117790,1036,2025-12-21,completed,186.5
117791,1036,2023-12-26,cancelled,93.6
117792,1025,2024-06-26,shipped,1127.04
117793,1035,2023-08-31,refunded,4818.42
117794,1003,2023-06-09,pending,1130.24
117795,1002,2025-01-18,pending,66.19
117796,1034,2024-08-30,pending,4249.3
117797,1010,2024-10-07,shipped,504.96
117798,1017,2023-04-24,cancelled,575.91
117799,1025,2025-07-24,cancelled,1524.27
117800,1043,2024-10-21,pending,1133.65
117801,1001,2023-10-01,completed,2693.78
117802,1018,2025-03-06,completed,2288.34
117803,1003,2025-04-25,cancelled,1455.78
117804,1004,2024-05-29,completed,2651.63
117805,1018,2023-06-09,pending,2088.68
117806,1005,2023-03-31,completed,3059.68
117807,1020,2023-08-23,completed,3311.76
117809,1002,2023-06-12,shipped,1312.85
117810,1048,2025-04-02,cancelled,1402.26
117811,1034,2024-01-02,completed,4991.89
117812,1018,2024-05-26,cancelled,4309.2
117813,1037,2023-09-25,shipped,5926.76
117814,1045,2024-05-23,completed,670.38
117815,1012,2023-03-02,completed,143.28
117816,1045,2024-06-16,cancelled,2165.76
117817,1014,2024-01-16,cancelled,1951.44
117818,1034,2023-02-17,completed,3737.84
117819,1010,2023-02-23,completed,981.59
117820,1010,2024-01-23,refunded,2888.14
117821,1046,2024-06-18,completed,1575.2
117822,1030,2024-10-03,pending,630.49
117823,1050,2024-10-16,cancelled,135.89
117824,1050,2024-03-27,completed,1611.76
117825,1025,2024-10-24,refunded,4816.55
117826,1050,2023-12-28,completed,551.16
117827,1047,2025-09-14,cancelled,5367.7
117828,1027,2023-11-09,cancelled,481.54
117829,1019,2024-01-28,completed,271.05
117830,1024,2024-02-07,pending,3326.05
117831,1035,2024-04-29,shipped,248.4
117832,1007,2025-01-19,shipped,1758.5
117833,1026,2025-07-16,shipped,842.92
117834,1050,2023-02-13,shipped,2700.17
117835,1009,2023-08-21,shipped,5369.82
117836,1028,2025-08-25,completed,1229.82
117837,1005,2023-05-01,completed,679.85
117838,1016,2024-04-02,pending,5945.3
117839,1048,2023-04-21,cancelled,2007.87
117840,1003,2025-12-16,shipped,2683.91
117841,1036,2023-02-22,shipped,5859.18
117842,1004,2025-08-01,shipped,1879.46
117843,1036,2024-11-19,cancelled,3012.76
117844,1045,2025-10-20,completed,2006.29
117846,1018,2025-11-04,refunded,1467.15
117847,1020,2024-03-10,refunded,2725.9
117848,1010,2024-01-05,pending,2172.39
117849,1038,2023-04-21,shipped,2104.86
117850,1020,2025-08-05,refunded,1268.25
117851,1038,2024-02-20,shipped,6922.11
117852,1040,2026-05-24,completed,2005.03
117853,1034,2024-02-01,cancelled,5799.38
117854,1020,2025-05-05,cancelled,5665.82
117855,1014,2024-10-01,completed,770.72
117856,1040,2023-01-17,refunded,1218.57
117857,1033,2024-02-25,completed,1698.11
117858,1047,2025-03-03,shipped,5310.98
117859,1038,2024-01-25,completed,2318.57
117860,1028,2025-12-08,shipped,3368.05
117861,1029,2023-12-09,completed,2611.44
117862,1015,2025-06-15,completed,144.9
117863,1005,2024-10-06,completed,854.19
117864,1029,2024-10-10,cancelled,340.42
117865,1045,2023-08-12,pending,134.08
117866,1029,2024-01-24,completed,936.0
117867,1031,2023-11-03,cancelled,1935.72
117868,1040,2023-11-12,pending,65.3
117869,1031,2025-03-27,pending,2991.46
117870,1044,2024-04-12,cancelled,3016.37
117871,1026,2023-03-18,refunded,4415.1
117872,1007,2025-02-24,completed,3227.87
117873,1033,2025-07-08,pending,1756.01
117874,1049,2023-04-25,shipped,2945.24
117875,1045,2025-10-01,completed,4983.21
117876,1048,2024-01-08,completed,391.72
117877,1016,2023-01-12,completed,1203.25
117878,1027,2024-10-17,shipped,2582.03
117879,1032,2023-09-27,shipped,1609.7
117880,1011,2023-04-02,completed,1045.31
117881,1037,2024-04-04,pending,1324.25
117882,1018,2024-10-21,completed,3028.53
117883,1050,2025-11-19,completed,2994.34
117884,1036,2024-09-03,completed,4401.38
117885,1003,2025-10-28,completed,9355.24
117886,1031,2024-11-17,completed,2415.28
117887,1013,2023-08-28,pending,82.88
117888,1008,2023-10-26,cancelled,3438.87
117889,1005,2025-02-24,shipped,3160.16
117890,1048,2023-09-02,refunded,3258.68
117891,1004,2023-11-13,shipped,1908.33
117892,1008,2024-08-29,pending,1761.84
117893,1020,2025-01-10,pending,1480.75
117894,1032,2023-07-15,shipped,2114.61
117895,1012,2025-04-16,refunded,4561.21
117897,1023,2024-10-13,completed,3413.4
117898,1026,2023-08-04,cancelled,6301.52
117899,1037,2024-11-09,completed,2351.58
117900,1045,2023-08-14,pending,1408.72
117901,1019,2025-08-24,shipped,3303.61
117902,1022,2025-06-27,completed,4536.88
117903,1031,2023-05-29,refunded,339.52
117904,1014,2023-10-29,shipped,2432.18
117905,1028,2025-11-30,completed,835.54
117906,1009,2024-03-11,cancelled,1349.54
117907,1040,2024-01-06,pending,2448.18
117908,1018,2024-10-16,refunded,2448.0
117909,1026,2024-12-28,refunded,1090.4
117910,1040,2024-10-23,shipped,4329.33
117911,1012,2024-11-18,shipped,1663.92
117912,1048,2023-03-31,shipped,1189.33
117913,1011,2024-05-07,refunded,4634.77
117914,1007,2025-11-20,shipped,4281.32
117915,1013,2024-08-14,cancelled,2137.1
117916,1023,2024-09-15,completed,799.2
117917,1026,2025-03-21,completed,1211.9
117918,1010,2023-03-13,cancelled,1390.25
117919,1027,2024-09-21,completed,336.32
117920,1030,2023-09-29,shipped,3412.81
117921,1035,2023-02-07,completed,868.59
117922,1003,2025-10-14,pending,2218.44
117923,1006,2025-12-27,completed,303.78
117924,1034,2023-02-10,shipped,2234.56
117925,1048,2024-02-20,refunded,822.28
117926,1027,2025-07-08,completed,1770.1
117927,1011,2025-10-07,completed,57.8
117928,1030,2024-09-21,cancelled,1345.2
117929,1011,2025-07-08,cancelled,3970.94
117930,1033,2024-04-04,completed,1272.22
117931,1032,2024-05-24,cancelled,854.28
117932,1040,2025-11-08,refunded,2081.78
117933,1043,2023-02-05,refunded,3034.22
117934,1005,2023-12-20,completed,2187.14
117935,1032,2023-07-19,cancelled,4354.11
117936,1021,2023-06-30,refunded,2794.76
117937,1043,2024-10-29,cancelled,851.37
117938,1022,2025-11-19,completed,611.16
117939,1022,2024-09-03,pending,1150.59
117940,1017,2023-02-07,cancelled,2836.9
117941,1029,2025-12-29,completed,1495.2
117942,1004,2024-05-20,pending,5856.31
117943,1038,2025-09-29,completed,173.34
117944,1030,2024-11-16,cancelled,487.44
117945,1024,2025-03-17,pending,1537.2
117946,1035,2025-10-07,completed,1754.97
117947,1014,2024-05-13,completed,912.13
117948,1024,2024-09-03,completed,5293.29
117949,1030,2023-02-11,completed,5131.53
117950,1001,2024-12-02,cancelled,1629.55
117951,1015,2024-02-25,refunded,2665.82
117952,1028,2025-03-30,completed,358.86
117954,1029,2023-03-08,completed,1811.06
117956,1039,2024-05-29,completed,2543.6
117957,1001,2025-12-19,shipped,2640.35
117958,1003,2025-05-26,pending,2451.4
117959,1049,2024-08-24,shipped,855.78
117960,1023,2025-10-24,cancelled,231.51
117961,1037,2024-05-10,refunded,2079.44
117962,1010,2023-03-13,completed,5256.09
117963,1050,2023-07-13,shipped,1574.7
117964,1029,2024-01-26,shipped,3093.2
117965,1018,2023-01-04,shipped,5022.25
117966,1028,2023-03-10,refunded,3535.04
117967,1006,2023-08-20,pending,2174.64
117968,1014,2023-04-27,cancelled,2232.04
117969,1013,2024-04-12,completed,2155.52
117970,1003,2025-03-09,shipped,1625.78
117971,1043,2023-07-02,cancelled,1276.19
117972,1034,2024-07-27,completed,1216.68
117973,1007,2025-11-06,cancelled,1718.08
117974,1023,2023-10-17,completed,4324.98
117975,1010,2025-04-21,pending,2569.34
117976,1019,2024-09-16,cancelled,2832.38
117977,1037,2025-10-01,completed,507.6
117978,1040,2023-11-18,refunded,3094.17
117979,1012,2023-12-04,completed,4519.38
117980,1038,2024-05-20,completed,2936.66
117981,1049,2023-01-11,completed,2670.68
117982,1049,2024-08-14,completed,1254.4
117983,1002,2023-11-03,completed,4383.93
117984,1047,2023-02-25,cancelled,1502.5
117985,1016,2025-01-04,shipped,1934.6
117986,1001,2023-06-20,cancelled,739.53
117987,1041,2024-02-13,completed,4644.42
117988,1017,2025-12-05,refunded,1448.48
117989,1009,2024-11-25,completed,1315.35
117990,1034,2025-03-13,completed,718.68
117991,1004,2024-07-07,pending,3425.93
117992,1027,2024-08-31,completed,266.76
117993,1042,2023-08-11,completed,6020.45
117994,1044,2025-05-02,pending,3818.87
117995,1049,2023-05-25,completed,2940.95
117996,1039,2024-08-31,completed,364.2
117998,1002,2023-02-25,completed,2915.98
117999,1048,2025-03-16,cancelled,15.33
118000,1023,2025-01-01,cancelled,1838.76
118001,1013,2024-03-22,cancelled,414.0
118002,1037,2025-12-19,pending,1012.55
118003,1048,2025-02-09,refunded,1886.57
118004,1005,2024-04-04,pending,2603.47
118005,1043,2024-01-15,refunded,2630.28
118006,1034,2024-06-10,pending,42.18
118007,1035,2023-05-28,refunded,5173.37
118008,1014,2025-10-03,pending,5344.46
118009,1032,2023-08-06,refunded,3202.35
118010,1001,2023-10-24,completed,2637.54
118011,1002,2025-08-03,shipped,8078.73
118012,1016,2024-08-09,refunded,7006.84
118013,1011,2023-05-31,completed,1909.96
118014,1050,2023-03-18,cancelled,1631.75
118015,1003,2023-12-30,completed,941.34
118016,1020,2023-07-04,completed,4415.6
118017,1009,2023-03-17,pending,915.36
118018,1033,2024-01-20,completed,3374.39
118019,1006,2025-03-15,completed,1232.96
118020,1048,2023-03-03,refunded,2817.1
118021,1028,2025-07-31,pending,135.97
118022,1013,2025-03-13,completed,1153.48
118023,1044,2025-05-08,completed,404.15
118024,1045,2023-02-22,completed,435.2
118025,1006,2023-09-21,completed,7272.8
118027,1050,2025-10-23,refunded,1581.02
118028,1024,2025-09-17,completed,202.28
118029,1032,2025-02-07,completed,2192.98
118030,1016,2023-11-06,completed,108.64
118031,1005,2023-09-15,completed,4015.34
118032,1017,2024-05-14,shipped,3190.07
118033,1008,2025-08-25,shipped,2629.36
118034,1018,2025-03-03,completed,9087.38
118035,1042,2024-11-02,refunded,771.88
118037,1034,2023-05-19,shipped,2917.4
118038,1047,2024-09-29,shipped,1889.14
118039,1038,2025-05-01,cancelled,2459.2
118040,1032,2025-01-15,completed,1861.03
118041,1045,2023-04-09,refunded,725.21
118042,1044,2024-07-22,refunded,5050.86
118043,1020,2023-02-14,pending,2426.03
118044,1024,2025-04-14,completed,160.89
118045,1011,2023-04-01,completed,1278.1
118046,1037,2024-06-18,shipped,283.98
118047,1029,2025-10-28,completed,5810.35
118048,1039,2025-11-13,completed,2437.48
118049,1005,2025-02-06,completed,1557.06
118051,1050,2023-08-08,shipped,2359.92
118052,1016,2025-04-04,refunded,1776.48
118053,1007,2024-01-08,refunded,2366.96
118054,1012,2025-11-02,pending,444.36
118055,1016,2025-06-08,shipped,2932.74
118056,1019,2023-07-13,pending,5916.51
118057,1040,2025-01-19,cancelled,532.26
118058,1048,2024-01-21,refunded,929.7
118059,1044,2023-05-22,completed,907.58
118060,1048,2024-03-31,pending,3518.64
118061,1042,2024-09-17,shipped,4633.11
118062,1018,2025-08-13,completed,5370.74
118063,1042,2024-04-21,cancelled,4707.4
118065,1009,2025-08-11,cancelled,1280.59
118066,1049,2024-11-29,pending,1090.56
118067,1030,2023-05-13,refunded,2497.05
118068,1049,2024-12-18,shipped,5664.54
118069,1024,2025-04-17,shipped,2609.78
118070,1016,2024-09-21,completed,2907.65
118071,1005,2025-11-13,refunded,1153.54
118072,1022,2023-02-26,refunded,3706.21
118073,1004,2023-06-05,shipped,4527.55
118074,1030,2025-02-19,refunded,3243.0
118075,1038,2025-08-22,completed,3589.45
118076,1033,2023-02-28,pending,1128.6
118077,1005,2023-10-02,completed,4683.22
118078,1013,2025-05-25,refunded,2712.85
118079,1049,2024-09-16,refunded,2893.2
118080,1030,2023-11-09,pending,3593.42
118081,1015,2025-01-31,pending,961.61
118082,1036,2024-06-29,refunded,1431.16
118083,1043,2024-08-28,refunded,3438.45
118084,1016,2023-02-16,pending,2623.05
118085,1030,2024-07-14,refunded,2508.99
118087,1010,2025-08-12,completed,3467.59
118089,1036,2025-07-19,shipped,5849.32
118090,1014,2024-12-02,pending,3169.96
118091,1015,2025-08-18,completed,3661.18
118092,1001,2024-12-05,completed,1671.5
118093,1032,2023-02-13,refunded,3626.7
118094,1004,2023-11-27,refunded,3028.58
118095,1012,2024-03-17,completed,2325.08
118096,1023,2024-08-04,shipped,1949.97
118098,1049,2025-07-12,shipped,221.35
118099,1047,2025-02-24,shipped,1496.4
118100,1005,2024-08-28,completed,2352.18
118101,1017,2023-06-14,pending,6206.23
118102,1041,2024-04-09,completed,3750.31
118103,1014,2023-08-09,shipped,5284.36
118104,1023,2025-06-22,cancelled,6952.15
118105,1029,2023-08-21,refunded,2786.98
118106,1037,2025-05-08,refunded,2269.86
118107,1027,2024-07-26,pending,6067.93
118108,1026,2023-08-30,shipped,3450.46
118109,1035,2025-02-23,pending,1952.3
118110,1004,2025-05-09,completed,5115.62
118111,1006,2025-07-20,cancelled,6031.95
118112,1037,2024-05-04,completed,2693.49
118113,1048,2023-12-31,completed,6366.45
118114,1028,2024-02-13,shipped,985.86
118115,1035,2025-11-24,completed,875.56
118116,1028,2025-10-21,refunded,2428.23
118117,1026,2023-04-05,pending,2581.08
118118,1034,2025-07-08,pending,7949.62
118119,1001,2025-01-28,shipped,4106.96
118120,1020,2024-09-09,cancelled,569.64
118121,1028,2023-01-31,completed,82.86
118122,1017,2024-03-08,refunded,724.5
118123,1017,2024-06-07,completed,1902.55
118124,1041,2025-02-21,pending,273.42
118125,1046,2023-08-09,completed,2807.36
118126,1018,2027-04-01,cancelled,2296.02
118127,1009,2023-12-06,completed,781.14
118128,1026,2023-04-13,completed,4626.79
118129,1018,2025-08-19,cancelled,2404.02
118130,1008,2025-03-30,refunded,4849.72
118131,1033,2024-01-09,completed,5476.69
118132,1025,2023-04-18,refunded,5041.3
118134,1020,2024-12-10,cancelled,4790.05
118135,1015,2025-09-06,pending,4100.97
118136,1043,2023-08-25,completed,1364.08
118138,1029,2023-04-26,shipped,569.07
118139,1037,2023-01-06,completed,1039.62
118140,1019,2023-01-03,pending,2134.77
118141,1035,2025-08-14,completed,1179.47
118142,1041,2023-02-26,refunded,2915.05
118143,1007,2025-05-05,pending,150.71
118144,1016,2023-02-26,refunded,2735.02
118145,1005,2023-09-05,shipped,2331.37
118146,1029,2023-09-12,pending,3054.2
118147,1039,2023-10-28,completed,2871.13
118148,1006,2024-12-03,completed,995.63
118149,1047,2025-03-24,shipped,1355.65
118150,1021,2023-01-05,cancelled,6.9
118151,1050,2023-07-16,cancelled,1256.8
118152,1038,2023-07-28,pending,6249.69
118153,1034,2023-12-02,refunded,636.48
118154,1008,2023-03-20,pending,757.28
118155,1032,2023-02-26,completed,956.26
118156,1019,2023-02-12,cancelled,2772.44
118157,1039,2025-02-19,shipped,3620.61
118158,1009,2025-09-20,completed,1669.36
118159,1009,2025-12-20,completed,6083.47
118160,1024,2025-03-23,refunded,4410.86
118161,1040,2023-10-25,cancelled,157.74
118162,1021,2023-02-01,pending,2950.24
118163,1037,2024-09-11,completed,4437.34
118164,1016,2023-08-20,pending,1369.91
118165,1001,2025-02-10,refunded,3385.97
118166,1035,2025-03-26,completed,2348.72
118168,1011,2024-04-27,completed,1036.71
118169,1031,2023-01-21,cancelled,823.77
118170,1048,2025-09-16,completed,886.73
118171,1032,2024-02-02,refunded,2750.02
118172,1006,2024-11-26,cancelled,7798.63
118173,1003,2027-02-17,completed,1159.43
118174,1017,2025-09-01,completed,5917.58
118175,1016,2024-11-10,completed,3620.49
118176,1007,2024-04-04,shipped,5281.48
118177,1012,2023-05-07,completed,688.5
118178,1029,2025-11-11,pending,479.38
118179,1035,2025-08-20,shipped,1761.4
118180,1024,2024-05-12,completed,2935.23
118181,1029,2023-03-09,shipped,1935.16
118182,1023,2023-05-06,completed,1908.62
118183,1031,2024-04-10,completed,3026.15
118184,1049,2025-06-17,completed,4151.44
118185,1035,2025-10-03,completed,3958.74
118186,1006,2023-11-17,pending,1140.76
118187,1018,2023-02-18,completed,4151.75
118188,1043,2025-11-23,completed,1977.97
118189,1011,2024-12-25,shipped,2989.22
118190,1034,2024-01-18,completed,2902.69
118191,1018,2023-12-31,completed,501.64
118192,1025,2024-06-23,cancelled,3539.28
118194,1029,2025-06-03,refunded,6507.85
118195,1018,2023-12-29,completed,302.89
118196,1048,2025-10-01,cancelled,578.94
118197,1028,2025-03-02,shipped,3621.37
118198,1046,2023-12-11,refunded,1404.13
118199,1042,2023-09-01,completed,3627.96
118200,1031,2023-06-02,cancelled,332.16
118201,1046,2024-07-26,pending,1088.67
118202,1028,2024-12-05,shipped,3651.46
118203,1014,2025-12-15,completed,26.9
118204,1002,2023-08-22,shipped,2107.6
118205,1031,2027-01-17,completed,1087.74
118206,1019,2025-11-27,completed,3407.81
118207,1033,2024-02-06,completed,842.48
118208,1018,2023-05-02,completed,4683.21
118209,1001,2024-04-02,completed,2709.03
118210,1011,2025-02-05,completed,1237.43
118211,1005,2023-02-22,cancelled,1863.52
118212,1015,2025-09-08,cancelled,4198.97
118214,1018,2023-01-04,completed,5974.66
118215,1028,2023-05-28,cancelled,6672.1
118216,1015,2023-06-25,completed,303.45
118217,1018,2024-01-06,pending,1051.52
118218,1005,2025-02-23,completed,4228.81
118219,1035,2025-08-30,refunded,4761.97
118220,1033,2023-11-06,cancelled,2833.07
118221,1034,2023-03-19,pending,3964.89
118222,1008,2023-02-03,completed,410.25
118223,1035,2024-02-27,completed,2345.6
118224,1043,2023-06-27,cancelled,3307.82
118225,1010,2023-09-08,completed,2834.71
118226,1028,2024-06-06,refunded,2954.06
118227,1029,2024-05-22,cancelled,272.88
118228,1012,2025-11-23,completed,1984.5
118229,1038,2025-09-13,completed,870.09
118230,1033,2025-08-05,shipped,3070.72
118231,1035,2025-08-24,shipped,5177.14
118232,1028,2025-08-02,completed,2460.31
118233,1043,2023-03-25,completed,4989.37
118234,1004,2025-11-05,cancelled,3751.3
118235,1021,2023-02-16,shipped,44.23
118236,1017,2025-09-18,cancelled,164.32
118237,1042,2025-05-24,completed,4592.21
118238,1021,2025-07-24,completed,2392.64
118239,1007,2025-08-05,refunded,600.84
118240,1039,2025-02-03,refunded,5661.0
118241,1036,2023-05-15,shipped,6377.33
118242,1028,2024-09-23,completed,2269.37
118243,1014,2025-08-01,cancelled,2951.43
118244,1018,2024-11-17,completed,637.77
118245,1040,2025-01-04,completed,1540.36
118246,1037,2024-04-01,completed,1546.29
118247,1047,2023-12-25,cancelled,2532.0
118248,1047,2025-11-02,refunded,372.88
118249,1024,2023-05-11,shipped,5103.74
118250,1014,2023-11-08,refunded,71.66
118251,1024,2023-07-16,shipped,447.57
118252,1008,2024-07-14,completed,2041.64
118253,1012,2024-11-26,refunded,2595.2
118254,1042,2025-06-06,cancelled,124.7
118255,1009,2023-01-23,cancelled,3473.84
118256,1045,2023-10-03,completed,4210.19
118257,1005,2025-10-12,completed,3554.21
118258,1022,2025-11-13,shipped,1875.98
118259,1001,2025-07-10,shipped,638.45
118260,1032,2024-01-24,completed,3440.34
118261,1019,2023-06-13,completed,2931.09
118262,1001,2023-08-31,completed,2535.51
118263,1010,2025-12-01,refunded,974.06
118264,1023,2024-06-07,completed,2732.32
118265,1029,2024-02-17,pending,3542.44
118267,1018,2023-07-01,completed,2527.91
118268,1048,2023-05-31,completed,1307.36
118269,1005,2023-02-08,completed,3633.26
118270,1045,2024-07-23,completed,4461.81
118271,1042,2025-02-10,refunded,3138.48
118272,1039,2024-01-06,cancelled,3040.68
118273,1028,2025-05-21,refunded,2109.12
118274,1031,2023-01-29,pending,3960.96
118275,1042,2025-11-26,completed,1495.25
118276,1041,2023-11-27,refunded,2554.0
118277,1031,2025-08-08,shipped,472.3
118278,1019,2025-02-22,cancelled,3108.09
118279,1036,2025-09-25,cancelled,4795.26
118280,1004,2025-12-19,completed,3567.89
118281,1015,2025-12-28,shipped,796.7
118282,1020,2023-11-28,completed,3468.15
118283,1016,2024-11-05,shipped,6032.02
118284,1031,2025-01-09,completed,1789.47
118285,1019,2023-05-22,pending,375.26
118286,1041,2025-02-02,completed,2023.0
118288,1041,2024-01-11,pending,207.21
118289,1046,2024-12-19,completed,3053.59
118290,1009,2025-10-13,shipped,886.32
118291,1004,2025-10-14,pending,4775.13
118292,1043,2023-04-20,completed,4545.82
118293,1031,2025-10-16,shipped,7393.57
118294,1033,2024-07-13,pending,3575.34
118295,1020,2025-02-08,shipped,2673.5
118296,1042,2025-05-02,completed,176.32
118297,1012,2024-03-22,refunded,3947.68
118298,1040,2025-12-02,completed,255.46
118299,1005,2024-06-29,pending,1887.88
118300,1043,2025-04-02,cancelled,3411.99
118301,1043,2024-06-29,completed,1632.25
118302,1012,2025-11-26,shipped,1451.86
118303,1045,2023-11-03,completed,1090.45
118304,1049,2024-01-22,shipped,193.44
118305,1028,2023-03-03,completed,3108.51
118306,1035,2025-09-29,completed,4863.82
118307,1020,2024-01-23,completed,2503.15
118308,1018,2023-03-15,completed,2655.64
118309,1014,2025-05-26,cancelled,712.08
118310,1016,2023-12-03,completed,2362.65
118311,1050,2023-09-10,cancelled,2950.5
118312,1028,2025-05-29,shipped,16.57
118313,1023,2024-05-14,cancelled,1701.09
118314,1017,2025-06-02,completed,7569.79
118316,1011,2025-04-26,completed,2396.18
118317,1047,2023-03-07,cancelled,3913.71
118318,1043,2025-11-14,completed,1562.16
118319,1005,2025-10-08,completed,343.54
118320,1031,2024-04-27,shipped,519.15
118321,1011,2024-09-10,pending,1638.0
118322,1048,2023-05-11,completed,3784.61
118323,1044,2025-12-14,completed,3794.62
118324,1038,2024-04-02,pending,3103.42
118325,1035,2023-01-11,completed,4254.29
118326,1005,2023-07-09,cancelled,2361.09
118327,1030,2023-10-02,completed,4567.33
118328,1008,2023-12-24,shipped,3817.26
118329,1018,2023-02-26,completed,3557.42
118330,1003,2023-11-14,completed,1034.6
118331,1015,2024-12-21,shipped,1422.4
118332,1014,2025-07-30,shipped,1794.53
118333,1019,2023-04-16,completed,1337.17
118334,1037,2024-05-13,completed,3021.3
118335,1010,2025-07-28,cancelled,2863.04
118336,1049,2025-07-11,shipped,168.4
118337,1036,2024-06-28,completed,45.44
118338,1041,2025-02-28,completed,2592.47
118339,1040,2024-10-25,pending,1954.04
118340,1037,2025-09-03,completed,4730.92
118341,1026,2023-01-21,completed,6415.18
118342,1003,2024-07-11,completed,1795.8
118343,1033,2025-04-09,completed,2256.0
118344,1047,2023-12-28,completed,1494.38
118345,1031,2023-04-06,completed,3572.28
118346,1011,2023-07-02,completed,307.75
118347,1030,2023-01-08,completed,2040.14
118348,1032,2024-12-05,completed,3998.72
118349,1030,2025-10-26,shipped,2550.42
118350,1030,2024-08-21,completed,2238.0
118351,1050,2025-05-02,cancelled,2306.26
118352,1005,2023-04-01,completed,2633.59
118353,1014,2024-04-27,cancelled,6169.21
118354,1019,2025-07-22,completed,4253.96
118355,1047,2024-04-28,completed,929.96
118356,1021,2024-12-20,completed,4236.12
118357,1032,2023-12-05,completed,2430.06
118358,1003,2024-09-07,refunded,1252.6
118359,1026,2025-03-03,completed,2105.74
118360,1023,2024-09-20,shipped,3422.17
118361,1015,2026-06-24,completed,722.7
118362,1047,2024-04-08,shipped,464.37
118363,1043,2023-07-27,completed,877.09
118364,1013,2025-01-29,refunded,2352.07
118365,1027,2023-04-27,completed,2231.28
118366,1045,2025-04-02,pending,984.83
118367,1048,2024-05-27,shipped,4950.37
118368,1012,2024-07-11,refunded,2830.29
118369,1021,2025-02-12,cancelled,2034.98
118370,1003,2025-08-14,completed,860.2
118371,1034,2023-05-17,completed,3555.21
118372,1029,2023-04-03,refunded,2051.43
118373,1035,2023-10-01,shipped,7549.46
118374,1025,2024-08-24,cancelled,1666.25
118375,1004,2023-02-22,pending,2279.68
118376,1034,2024-07-07,completed,2659.1
118377,1003,2023-08-12,completed,3868.9
118378,1011,2023-03-28,completed,462.05
118379,1035,2023-12-23,completed,2848.14
118380,1043,2023-10-09,refunded,4263.69
118381,1003,2025-01-06,pending,2561.92
118382,1037,2025-08-30,completed,4848.51
118383,1002,2024-05-05,completed,3536.8
118384,1038,2025-07-24,completed,1210.2
118385,1048,2024-03-10,cancelled,3489.51
118386,1003,2025-06-29,completed,1054.16
118387,1011,2025-11-18,completed,3053.14
118388,1034,2025-01-14,completed,3159.0
118389,1044,2024-05-20,completed,228.21
118390,1031,2024-11-28,completed,671.22
118391,1039,2024-08-20,pending,1790.09
118392,1039,2024-08-14,shipped,3630.38
118393,1039,2024-08-10,completed,6938.86
118394,1042,2025-11-15,shipped,4350.34
118395,1001,2023-03-08,refunded,42.86
118396,1043,2023-09-01,completed,1193.64
118397,1021,2025-01-12,refunded,3261.27
118398,1010,2023-04-13,refunded,3914.45
118399,1039,2024-01-29,refunded,2398.63
118400,1010,2025-09-21,cancelled,51.6
118401,1046,2024-10-30,completed,2085.57
118402,1001,2023-01-03,completed,3996.21
118403,1042,2025-12-02,completed,2447.72
118404,1014,2023-01-14,completed,3620.02
118405,1012,2024-01-06,pending,1644.3
118406,1026,2025-09-15,refunded,1084.86
118407,1004,2024-06-04,pending,4569.43
118408,1012,2023-05-07,shipped,5701.24
118409,1009,2025-03-22,completed,3755.76
118410,1046,2023-04-22,completed,2215.5
118411,1041,2024-04-30,completed,3819.12
118412,1003,2024-01-09,completed,1343.26
118413,1017,2025-10-01,completed,1617.91
118414,1035,2024-07-19,shipped,1846.25
118415,1014,2024-05-07,completed,77.68
118416,1048,2024-05-16,shipped,2657.7
118417,1033,2023-03-14,completed,1610.55
118418,1046,2024-07-04,completed,1170.78
118419,1026,2025-11-30,cancelled,158.65
118420,1048,2024-08-12,completed,957.84
118421,1043,2024-01-20,cancelled,1001.64
118422,1013,2023-02-12,pending,593.68
118423,1036,2025-06-14,completed,1792.48
118424,1048,2025-04-30,refunded,1471.13
118425,1005,2024-10-23,pending,1737.0
118426,1040,2023-03-23,completed,1976.13
118427,1036,2024-08-28,pending,4328.85
118428,1036,2024-03-30,completed,5271.89
118429,1028,2024-03-09,cancelled,7949.25
118430,1019,2023-06-02,completed,1465.56
118431,1017,2023-08-29,completed,4694.73
118432,1004,2025-09-28,completed,4435.02
118433,1026,2023-02-23,pending,4589.16
118434,1030,2025-11-23,refunded,3686.11
118435,1009,2025-04-05,refunded,326.67
118436,1018,2023-01-23,pending,3007.0
118437,1006,2025-05-30,cancelled,7376.2
118438,1036,2024-02-14,completed,3431.24
118439,1012,2023-03-08,shipped,1116.09
118440,1028,2025-12-26,cancelled,3295.45
118441,1042,2023-10-15,shipped,2378.1
118442,1041,2023-08-10,completed,819.5
118443,1012,2024-02-13,completed,845.22
118445,1012,2025-11-24,shipped,2152.07
118446,1006,2024-05-17,completed,3345.84
118447,1037,2024-10-10,refunded,529.72
118448,1020,2025-01-22,shipped,460.4
118449,1023,2024-11-19,completed,1545.32
118450,1007,2025-01-25,completed,821.43
118451,1025,2023-11-09,completed,3223.15
118452,1026,2024-04-05,completed,1282.72
118453,1048,2023-10-05,cancelled,3701.48
118454,1027,2025-03-27,refunded,946.82
118455,1006,2024-04-14,completed,4124.95
118456,1047,2025-01-15,completed,3800.38
118457,1014,2023-07-14,shipped,1987.97
118458,1017,2025-08-13,pending,2825.1
118459,1043,2023-07-07,completed,2763.69
118460,1032,2025-05-08,completed,1222.58
118461,1005,2025-04-23,pending,3145.76
118462,1040,2023-01-07,cancelled,1891.0
118463,1029,2023-07-03,completed,1667.34
118464,1014,2023-04-20,completed,2616.93
118465,1041,2025-03-15,shipped,4727.13
118466,1016,2024-10-20,shipped,1581.84
118467,1011,2025-12-13,completed,3074.6
118468,1032,2024-06-28,completed,6285.88
118469,1021,2024-11-24,completed,3601.49
118470,1022,2025-09-27,shipped,2792.1
118471,1047,2023-01-14,refunded,1420.83
118472,1046,2023-12-25,pending,1638.88
118473,1037,2024-04-03,pending,428.97
118474,1036,2024-06-11,refunded,3930.3
118475,1013,2023-06-01,completed,3756.15
118476,1025,2023-03-05,completed,5397.75
118477,1028,2023-02-15,refunded,3020.56
118478,1048,2025-08-04,refunded,1110.28
118479,1032,2025-03-25,completed,3342.28
118480,1022,2025-01-28,pending,4928.59
118482,1043,2024-08-28,completed,3689.22
118483,1043,2025-10-27,shipped,52.85
118484,1004,2023-07-11,cancelled,3399.13
118485,1040,2025-09-22,refunded,3131.9
118486,1028,2023-11-01,cancelled,1282.52
118487,1016,2023-04-23,cancelled,299.47
118488,1009,2025-08-26,cancelled,2576.87
118489,1036,2023-06-26,pending,3739.44
118490,1028,2025-06-13,cancelled,1784.01
118491,1022,2024-08-26,shipped,3476.23
118492,1014,2025-10-28,cancelled,1458.53
118493,1014,2023-06-04,completed,2372.13
118495,1018,2024-04-27,shipped,2944.33
118496,1002,2023-09-17,shipped,4328.77
118497,1046,2024-09-19,cancelled,3422.77
118498,1024,2024-12-05,shipped,1510.08
118499,1036,2024-03-08,completed,3531.35
118500,1004,2025-12-03,completed,1004.36
118501,1034,2025-11-18,cancelled,1565.12
118502,1011,2023-12-15,shipped,1036.38
118503,1005,2023-11-16,completed,2130.57
118504,1014,2025-07-02,cancelled,4244.36
118505,1043,2024-09-18,refunded,140.62
118506,1016,2024-03-05,completed,1909.17
118507,1040,2025-09-11,shipped,2529.91
118508,1010,2024-11-23,completed,3971.19
118509,1024,2023-06-20,completed,1101.75
118510,1032,2025-02-01,refunded,1474.07
118511,1014,2023-06-01,shipped,2233.37
118512,1008,2024-12-28,shipped,946.6
118513,1001,2024-02-05,refunded,1674.71
118514,1050,2025-12-14,pending,2214.69
118515,1038,2023-12-21,completed,2353.59
118516,1030,2025-01-30,completed,3930.11
118517,1019,2024-11-04,completed,4413.37
118518,1010,2024-06-25,cancelled,2180.64
118519,1002,2025-01-10,completed,3992.83
118520,1049,2025-08-19,shipped,1006.47
118521,1029,2023-04-25,refunded,511.2
118522,1041,2023-11-21,pending,7618.46
118523,1036,2025-09-11,completed,4076.84
118524,1029,2024-08-22,completed,3747.1
118525,1002,2024-04-01,completed,3613.25
118526,1019,2024-07-18,completed,2466.5
118527,1015,2025-02-05,completed,3117.0
118528,1022,2025-06-23,completed,3572.55
118529,1024,2024-02-01,completed,813.28
118530,1006,2024-06-21,pending,2925.4
118531,1007,2025-07-07,completed,5019.09
118532,1021,2025-01-30,shipped,1325.29
118533,1046,2025-03-11,completed,1849.5
118534,1002,2023-07-10,completed,2650.24
118535,1040,2025-03-03,completed,2828.29
118536,1001,2024-03-19,completed,1254.84
118537,1029,2025-09-10,completed,2423.79
118538,1035,2023-11-24,refunded,233.05
118539,1045,2024-08-04,completed,1452.64
118540,1019,2025-04-10,refunded,2088.31
118541,1042,2025-02-26,refunded,4366.9
118542,1009,2023-07-21,cancelled,1082.62
118543,1041,2024-11-13,refunded,2187.71
118544,1044,2025-11-28,cancelled,1474.61
118546,1016,2023-01-28,cancelled,7593.26
118547,1025,2023-11-23,refunded,3576.8
118548,1022,2025-08-12,shipped,3939.5
118549,1018,2023-08-08,shipped,2647.24
118550,1011,2025-08-06,shipped,3014.96
118551,1045,2025-05-22,cancelled,1495.64
118552,1038,2023-06-13,completed,255.99
118553,1025,2025-10-20,refunded,1928.02
118554,1003,2025-12-07,shipped,4233.72
118555,1002,2024-11-13,completed,2635.93
118556,1001,2023-09-04,refunded,1942.81
118557,1044,2025-05-17,pending,139.18
118558,1001,2025-12-13,pending,2210.06
118559,1045,2025-12-31,completed,2207.09
118560,1025,2023-12-31,completed,519.2
118561,1033,2025-01-22,cancelled,3421.59
118562,1013,2025-08-16,completed,3882.66
118563,1045,2023-05-16,completed,2665.98
118564,1016,2023-06-20,completed,2093.6
118565,1006,2025-03-28,refunded,1718.1
118566,1029,2024-11-27,completed,1846.76
118567,1029,2023-07-06,pending,633.06
118568,1008,2025-09-30,pending,2379.61
118569,1027,2025-11-13,shipped,2540.47
118570,1018,2023-08-28,completed,3968.33
118571,1050,2025-04-06,pending,4418.91
118572,1018,2023-07-25,pending,134.1
118573,1025,2024-08-17,completed,1489.18
118574,1022,2024-02-16,cancelled,6656.38
118575,1017,2024-01-13,pending,2253.77
118576,1011,2025-02-22,shipped,2775.4
118577,1038,2023-07-14,refunded,3588.71
118578,1003,2024-12-24,completed,5172.69
118579,1009,2025-05-15,completed,2476.52
118580,1034,2023-10-26,cancelled,4585.04
118581,1035,2023-05-08,completed,150.0
118582,1008,2025-06-30,shipped,6462.57
118583,1026,2024-01-23,completed,2751.27
118584,1020,2024-08-28,pending,74.13
118585,1041,2023-04-16,completed,65.24
118586,1021,2024-01-12,pending,876.16
118587,1033,2023-11-25,completed,1188.36
118588,1036,2025-01-01,pending,268.69
118589,1024,2023-09-01,cancelled,734.21
118590,1036,2025-01-06,completed,834.2
118591,1002,2023-09-23,refunded,3934.23
118592,1001,2023-03-24,pending,824.09
118593,1011,2024-07-15,cancelled,5072.21
118594,1037,2025-10-16,completed,4002.62
118595,1016,2024-10-24,completed,3281.86
118596,1047,2024-06-07,refunded,278.07
118597,1006,2023-05-05,refunded,1326.08
118598,1024,2024-02-22,cancelled,5948.42
118599,1010,2023-10-12,completed,4657.76
118600,1027,2025-06-24,completed,418.32
118601,1005,2025-05-09,completed,4047.42
118602,1002,2023-10-05,cancelled,1545.43
118603,1011,2023-06-22,completed,3026.67
118604,1002,2024-03-10,cancelled,5062.84
118605,1026,2023-03-01,completed,862.8
118606,1033,2025-07-05,completed,181.91
118607,1008,2025-12-22,shipped,549.48
118608,1011,2024-03-13,pending,295.8
118609,1024,2025-09-26,refunded,882.9
118610,1004,2025-06-20,completed,4820.02
118611,1016,2024-10-09,completed,4271.9
118612,1017,2024-09-06,completed,2107.36
118613,1039,2024-08-03,completed,2553.64
118614,1013,2023-09-16,shipped,1183.22
118615,1030,2023-10-20,completed,2159.28
118616,1004,2025-04-07,cancelled,768.33
118617,1026,2023-03-14,shipped,2817.15
118618,1023,2024-11-28,cancelled,1630.64
118619,1005,2023-10-29,completed,2387.17
118620,1037,2025-11-20,completed,1419.39
118621,1031,2025-11-18,shipped,3632.79
118622,1036,2024-07-24,completed,3124.55
118623,1043,2023-08-03,refunded,3745.15
118624,1026,2024-03-20,completed,1792.44
118625,1046,2024-09-21,completed,2391.0
118626,1005,2023-09-28,cancelled,3727.08
118627,1007,2025-03-23,completed,619.22
118628,1012,2023-07-18,pending,1098.84
118629,1050,2024-09-04,cancelled,678.16
118630,1034,2023-11-16,completed,4228.43
118631,1040,2025-03-27,completed,2544.1
118632,1043,2023-01-18,pending,2829.58
118634,1029,2025-08-03,cancelled,2280.45
118635,1042,2025-09-21,completed,343.69
118636,1027,2024-09-03,pending,2585.69
118637,1033,2023-06-23,completed,4463.67
118638,1028,2023-06-20,pending,3154.26
118639,1034,2023-07-25,refunded,3458.54
118640,1009,2023-08-23,completed,1635.43
118641,1027,2025-04-18,pending,4549.54
118642,1025,2023-07-27,shipped,2163.28
118643,1013,2025-03-29,cancelled,2265.73
118644,1050,2023-11-30,cancelled,3115.16
118645,1009,2025-02-10,completed,2242.08
118646,1034,2023-02-08,completed,1613.92
118647,1043,2023-05-23,completed,2235.21
118648,1041,2023-09-25,completed,1148.79
118650,1021,2025-01-01,completed,200.98
118651,1001,2026-11-01,refunded,3052.53
118653,1042,2025-03-10,completed,377.6
118654,1021,2025-03-17,completed,2157.73
118655,1035,2025-10-03,refunded,5137.4
118656,1032,2025-07-26,refunded,1834.86
118657,1028,2024-03-03,shipped,1995.56
118658,1026,2025-10-02,pending,1812.64
118659,1041,2024-09-24,pending,2641.55
118660,1002,2024-03-07,completed,2182.46
118661,1004,2024-12-25,completed,2753.3
118662,1016,2023-06-06,pending,3347.08
118663,1042,2024-02-14,cancelled,5618.68
118664,1040,2023-06-01,completed,2908.89
118665,1041,2023-07-23,completed,3425.36
118666,1038,2023-06-08,pending,673.29
118667,1012,2024-10-01,completed,6158.98
118668,1005,2023-01-21,completed,3240.52
118669,1010,2024-03-30,completed,2884.07
118670,1021,2023-08-23,completed,151.62
118671,1043,2023-10-20,pending,1560.9
118672,1016,2024-08-31,cancelled,39.2
118674,1032,2023-09-20,completed,3264.85
118675,1050,2023-07-19,cancelled,1160.1
118676,1025,2023-04-12,completed,3224.17
118677,1034,2025-01-07,completed,1538.74
118678,1014,2024-03-30,completed,2408.77
118679,1001,2025-01-14,completed,2899.81
118680,1037,2025-03-19,shipped,3347.11
118681,1026,2025-10-22,refunded,1363.44
118682,1048,2023-04-02,completed,307.56
118683,1046,2025-10-08,cancelled,3950.39
118684,1013,2025-09-04,completed,211.66
118685,1049,2024-10-08,pending,2124.85
118686,1048,2024-07-28,cancelled,3384.36
118687,1049,2025-02-11,pending,2823.49
118688,1038,2023-07-10,completed,2075.57
118689,1049,2023-07-31,shipped,3083.79
118690,1024,2024-07-24,completed,3339.87
118691,1034,2023-10-18,completed,790.3
118692,1021,2024-06-07,completed,31.56
118693,1017,2023-10-06,completed,350.95
118694,1018,2024-08-10,cancelled,507.3
118695,1049,2024-09-19,completed,1806.92
118696,1010,2024-08-04,shipped,2512.63
118697,1027,2023-03-29,completed,2392.84
118698,1022,2023-07-25,shipped,1306.43
118699,1001,2024-01-29,completed,1279.91
118700,1049,2024-08-22,shipped,1803.28
118701,1008,2023-06-25,completed,4221.64
118702,1037,2024-12-24,shipped,3307.95
118703,1026,2023-03-09,completed,2775.85
118704,1022,2024-03-19,completed,4527.57
118705,1005,2023-04-12,completed,2299.88
118706,1027,2024-11-10,cancelled,4788.38
118707,1044,2024-03-09,completed,3337.91
118708,1031,2025-02-01,completed,837.18
118709,1026,2024-07-17,completed,2297.77
118710,1035,2024-09-02,cancelled,2907.12
118711,1016,2023-03-31,cancelled,1810.92
118712,1024,2024-10-20,completed,4889.91
118713,1033,2023-07-24,refunded,385.9
118714,1047,2023-07-18,completed,5.13
118715,1010,2024-12-31,shipped,4107.56
118716,1010,2025-01-24,refunded,4621.05
118717,1028,2024-07-02,shipped,3139.01
118718,1001,2023-08-16,pending,3551.23
118719,1048,2024-03-19,refunded,1500.06
118720,1030,2023-06-26,cancelled,1912.37
118721,1037,2023-01-01,completed,7683.59
118722,1033,2024-05-24,cancelled,3002.78
118723,1049,2024-02-14,completed,653.94
118724,1018,2024-07-01,cancelled,3113.37
118725,1011,2025-08-20,completed,3484.27
118726,1045,2025-05-06,completed,2786.96
118727,1028,2023-09-05,completed,3122.47
118728,1050,2024-08-25,shipped,5552.58
118729,1048,2023-12-31,completed,593.24
118730,1004,2024-04-25,completed,1402.29
118731,1037,2025-02-06,shipped,488.6
118732,1046,2024-06-11,completed,495.7
118733,1044,2025-01-12,cancelled,3440.6
118734,1003,2025-03-24,completed,4062.23
118735,1033,2023-08-08,completed,3337.75
118736,1020,2023-06-02,refunded,5427.16
118738,1040,2024-02-10,cancelled,4162.2
118739,1018,2025-02-16,pending,174.35
118740,1036,2023-08-16,cancelled,2257.35
118741,1029,2024-01-01,completed,456.9
118742,1040,2024-07-19,completed,2388.72
118743,1028,2023-01-05,refunded,3141.88
118744,1020,2025-05-08,completed,4122.61
118745,1045,2023-01-20,cancelled,1755.72
118746,1012,2024-07-17,shipped,1813.38
118747,1047,2025-07-14,completed,2461.66
118748,1027,2025-05-21,completed,2178.18
118749,1030,2025-11-22,completed,3483.88
118750,1047,2024-01-22,completed,1967.43
118751,1001,2024-05-15,shipped,3132.7
118752,1046,2025-06-26,completed,355.78
118753,1002,2023-01-07,cancelled,4477.89
118754,1008,2025-01-22,completed,4469.21
118755,1040,2024-11-02,shipped,265.6
118756,1001,2025-11-02,shipped,1792.64
118757,1029,2025-02-08,completed,4437.57
118758,1023,2024-11-28,shipped,2032.64
118759,1045,2023-01-05,completed,2263.19
118760,1026,2024-02-26,cancelled,1146.94
118761,1004,2023-05-07,refunded,1125.96
118762,1017,2024-05-27,cancelled,1398.04
118763,1039,2025-03-02,pending,5173.53
118764,1036,2025-06-24,completed,737.73
118765,1022,2024-03-13,shipped,1040.97
118766,1018,2024-01-01,shipped,3324.36
118767,1008,2024-02-23,shipped,1872.64
118768,1005,2024-09-22,completed,1406.5
118769,1035,2023-06-12,completed,3003.28
118770,1012,2025-01-04,refunded,1436.05
118771,1013,2024-01-26,completed,3462.87
118772,1002,2023-11-27,completed,3211.16
118773,1008,2023-11-02,shipped,63.4
118774,1050,2024-12-20,completed,4005.2
118775,1024,2025-02-21,completed,1181.7
118776,1042,2025-08-09,completed,803.32
118777,1048,2023-02-08,completed,2342.52
118778,1039,2024-02-26,completed,2059.71
118779,1013,2023-11-21,refunded,2813.54
118780,1041,2023-11-14,refunded,3997.45
118781,1038,2023-09-25,completed,98.2
118782,1008,2025-04-11,shipped,2304.84
118783,1011,2024-05-22,refunded,4339.44
118784,1025,2025-03-08,pending,5847.55
118785,1036,2025-05-14,shipped,2029.38
118786,1013,2024-04-16,completed,3156.92
118787,1004,2024-08-28,cancelled,363.5
118788,1041,2025-08-22,completed,3394.93
118789,1050,2025-01-07,cancelled,3861.29
118790,1036,2023-01-31,cancelled,450.0
118791,1006,2025-04-22,refunded,2534.9
118792,1004,2024-01-10,shipped,3043.61
118793,1007,2024-09-28,completed,3081.49
118794,1012,2023-12-28,cancelled,1218.84
118795,1042,2024-10-21,shipped,4796.84
118796,1003,2023-09-24,pending,1058.52
118797,1012,2024-12-12,completed,2347.68
118798,1013,2023-09-07,cancelled,227.64
118799,1020,2023-08-15,completed,9166.2
118800,1017,2024-09-27,pending,1299.33
118801,1031,2023-07-17,shipped,1743.72
118802,1043,2024-08-03,completed,1365.48
118803,1040,2023-08-27,pending,1301.17
118804,1009,2023-01-04,completed,1218.14
118805,1017,2023-06-30,shipped,2514.6
118806,1004,2023-08-14,cancelled,3739.0
118807,1008,2025-11-14,completed,395.05
118808,1040,2025-11-23,cancelled,1302.12
118809,1002,2023-12-16,completed,1361.57
118810,1025,2025-11-04,completed,1558.9
118812,1035,2023-07-07,shipped,275.04
118813,1031,2025-02-02,completed,2304.06
118814,1043,2025-09-04,refunded,3139.35
118815,1002,2024-09-23,completed,957.59
118816,1049,2024-04-14,completed,2231.76
118817,1037,2025-10-28,refunded,2910.35
118818,1043,2023-02-18,pending,1674.62
118819,1036,2023-12-02,refunded,154.8
118820,1015,2023-09-10,cancelled,279.08
118821,1048,2023-02-16,refunded,3397.81
118822,1020,2023-08-16,completed,1856.12
118823,1047,2024-03-24,shipped,2882.7
118824,1023,2024-05-07,shipped,5402.88
118825,1013,2025-06-29,cancelled,5390.54
118826,1014,2025-06-04,completed,748.56
118827,1033,2025-02-05,completed,233.69
118828,1006,2025-01-11,shipped,733.55
118829,1022,2024-04-22,completed,86.24
118830,1007,2025-11-16,completed,1628.44
118831,1034,2025-01-03,refunded,912.84
118832,1013,2023-11-16,pending,2019.52
118833,1035,2023-03-10,completed,91.28
118834,1046,2024-08-03,shipped,1789.91
118835,1042,2024-10-05,completed,3959.0
118836,1044,2023-03-19,completed,353.6
118837,1020,2025-10-25,pending,1191.27
118838,1035,2023-08-15,shipped,990.0
118839,1002,2025-04-03,completed,4275.98
118840,1017,2025-01-19,refunded,1413.9
118841,1025,2025-07-22,refunded,1169.92
118842,1033,2024-03-17,completed,717.27
118843,1002,2023-06-02,completed,786.3
118844,1046,2024-12-25,refunded,1546.61
118845,1036,2025-05-30,completed,1618.4
118846,1015,2025-02-05,refunded,2745.88
118847,1032,2025-04-27,completed,3093.35
118848,1014,2025-05-16,refunded,1387.26
118850,1009,2024-07-06,cancelled,3830.7
118851,1042,2025-10-14,refunded,3448.9
118852,1015,2024-04-29,completed,1454.18
118853,1039,2025-03-16,refunded,2868.2
118854,1032,2023-04-21,pending,2261.44
118855,1031,2025-07-20,cancelled,4660.84
118856,1040,2025-10-26,completed,1900.73
118857,1008,2023-05-17,cancelled,4483.03
118858,1008,2024-11-10,completed,4160.55
118859,1006,2025-11-04,cancelled,275.46
118860,1002,2023-09-10,completed,1015.15
118861,1027,2025-05-04,completed,2168.4
118862,1029,2024-08-25,completed,1890.98
118863,1007,2023-12-20,pending,2336.25
118866,1047,2024-04-27,completed,3316.81
118867,1016,2024-07-05,cancelled,1781.79
118869,1040,2025-06-30,completed,612.13
118870,1012,2023-02-11,pending,1921.6
118871,1016,2024-07-01,completed,1185.3
118872,1016,2025-08-26,completed,3554.03
118873,1038,2024-10-18,refunded,2332.01
118874,1030,2025-05-06,completed,1044.35
118875,1014,2024-11-03,completed,3718.35
118876,1014,2024-06-16,completed,321.88
118877,1009,2025-06-18,refunded,2096.12
118878,1027,2024-01-13,completed,3370.81
118879,1031,2023-05-11,completed,1747.68
118880,1015,2025-11-18,completed,69.3
118881,1031,2024-01-26,completed,1023.1
118882,1014,2024-10-24,cancelled,7368.45
118884,1046,2023-09-10,refunded,4143.64
118885,1040,2024-02-25,completed,5052.27
118886,1009,2023-04-23,shipped,1632.85
118887,1028,2025-09-10,cancelled,2375.59
118888,1023,2025-09-26,pending,3011.15
118889,1024,2025-08-15,cancelled,4440.55
118890,1048,2023-05-07,refunded,1830.4
118891,1045,2023-04-19,cancelled,2219.63
118892,1042,2025-05-09,completed,5831.04
118893,1008,2023-06-30,completed,649.08
118895,1025,2024-07-18,refunded,4059.67
118896,1016,2023-07-19,completed,4431.12
118897,1003,2023-03-25,shipped,3196.47
118898,1007,2024-02-18,shipped,6018.98
118899,1044,2024-01-28,completed,2023.52
118900,1021,2024-01-25,completed,836.1
118901,1030,2025-06-06,completed,2306.65
118902,1034,2025-01-03,completed,4908.12
118903,1028,2023-06-14,completed,4556.19
118904,1042,2023-06-11,shipped,2614.03
118905,1032,2023-08-01,pending,2488.05
118906,1048,2023-09-30,completed,1331.34
118907,1044,2024-03-24,cancelled,310.52
118909,1008,2024-05-06,completed,2448.69
118910,1006,2025-04-19,shipped,250.76
118911,1019,2023-02-25,pending,4770.34
118912,1044,2024-07-03,refunded,3461.67
118913,1002,2024-07-14,completed,508.22
118914,1029,2024-03-16,shipped,65.97
118915,1045,2025-05-28,shipped,3045.36
118916,1012,2024-05-14,cancelled,2350.82
118917,1015,2024-06-09,refunded,3281.44
118918,1013,2024-06-06,completed,3174.64
118919,1018,2027-04-07,shipped,2434.35
118920,1006,2025-07-19,completed,1005.5
118921,1021,2023-05-07,refunded,3627.08
118922,1027,2024-04-23,pending,119.67
118923,1031,2025-08-29,refunded,311.5
118924,1045,2025-03-01,cancelled,444.56
118925,1009,2023-11-03,pending,1595.06
118926,1028,2023-06-03,shipped,544.46
118927,1013,2025-04-16,completed,5225.52
118928,1008,2023-05-29,cancelled,453.33
118929,1018,2023-07-19,cancelled,2013.12
118930,1007,2025-08-26,completed,379.82
118931,1042,2023-04-01,pending,3340.16
118932,1015,2027-04-09,completed,4916.43
118933,1040,2024-06-02,completed,1630.6
118934,1023,2024-04-16,refunded,771.95
118935,1049,2024-12-15,pending,6405.11
118936,1010,2023-05-12,cancelled,1199.52
118937,1029,2023-06-05,completed,4630.08
118938,1020,2025-01-11,cancelled,2135.34
118939,1049,2023-09-28,completed,1814.24
118940,1014,2025-12-11,completed,3453.96
118941,1046,2024-11-30,completed,3566.04
118942,1035,2025-06-07,cancelled,4265.51
118943,1024,2023-01-23,completed,419.8
118944,1008,2025-11-15,cancelled,4822.13
118945,1015,2025-08-23,pending,1410.7
118946,1043,2023-08-07,completed,3923.0
118947,1034,2025-06-30,completed,2557.24
118948,1044,2025-01-25,pending,1975.91
118949,1029,2024-01-24,refunded,887.56
118950,1046,2024-04-19,completed,1905.66
118951,1020,2023-05-28,completed,2384.37
118952,1036,2025-10-05,completed,2162.28
118953,1011,2023-05-28,cancelled,2823.56
118954,1039,2023-03-25,pending,3000.4
118955,1039,2025-07-13,completed,115.8
118956,1044,2023-12-15,cancelled,4383.41
118957,1016,2025-07-20,completed,1414.66
118958,1037,2024-03-25,completed,2149.56
118959,1031,2024-10-04,cancelled,3190.08
118960,1014,2023-05-20,completed,1931.6
118961,1016,2023-03-22,completed,3600.57
118962,1004,2025-06-02,completed,2171.94
118964,1023,2025-07-27,shipped,129.11
118965,1008,2025-12-04,completed,4662.13
118966,1033,2025-10-30,completed,3327.65
118967,1002,2023-04-07,pending,479.1
118968,1044,2023-03-07,cancelled,3968.45
118969,1044,2025-01-14,shipped,647.8
118970,1023,2025-08-06,completed,5526.0
118971,1038,2025-01-24,cancelled,410.16
118972,1050,2025-08-17,shipped,3296.94
118973,1004,2025-04-12,cancelled,2629.13
118974,1041,2025-02-03,shipped,3187.11
118975,1005,2023-03-03,refunded,2182.0
118976,1037,2025-08-19,refunded,3505.03
118977,1037,2023-09-18,shipped,1013.8
118978,1031,2025-07-22,completed,1274.48
118979,1035,2025-06-11,shipped,505.8
118980,1007,2025-03-01,cancelled,2998.33
118981,1004,2024-01-07,completed,345.32
118982,1010,2025-12-08,refunded,1620.66
118983,1034,2024-06-27,pending,1688.92
118984,1042,2024-08-19,pending,2757.99
118985,1006,2025-04-05,shipped,3881.99
118986,1012,2025-11-03,shipped,122.76
118987,1033,2024-05-04,completed,4286.27
118988,1036,2024-04-14,cancelled,3770.94
118989,1043,2024-07-23,completed,299.8
118990,1037,2024-10-28,completed,2354.72
118991,1023,2025-12-25,completed,4384.44
118992,1021,2024-12-17,completed,4355.98
118993,1034,2025-04-29,completed,3857.1
118994,1017,2024-09-25,refunded,552.5
118995,1030,2024-08-19,pending,3691.15
118996,1001,2023-07-07,cancelled,2492.72
118997,1023,2025-03-02,refunded,921.96
118998,1005,2023-07-15,completed,1515.87
118999,1038,2024-03-28,pending,3748.54
119000,1002,2024-06-10,completed,1250.28
119001,1032,2023-08-28,cancelled,3854.22
119002,1017,2025-05-21,pending,7245.27
119004,1025,2025-10-22,cancelled,236.4
119006,1050,2024-10-29,shipped,3572.88
119007,1020,2023-09-27,shipped,2778.33
119008,1014,2023-07-18,pending,1642.95
119009,1006,2025-11-04,completed,2889.8
119010,1041,2023-10-16,completed,2391.52
119011,1045,2025-09-04,completed,1145.81
119012,1003,2025-06-29,completed,4583.6
119013,1023,2025-05-17,pending,3302.73
119014,1041,2024-04-07,shipped,169.47
119015,1018,2025-12-05,refunded,1443.1
119016,1029,2023-05-08,cancelled,393.48
119017,1026,2023-03-15,shipped,5553.2
119018,1022,2024-10-22,completed,1407.04
119019,1018,2024-08-19,pending,2901.49
119020,1005,2025-06-13,refunded,2931.3
119021,1031,2023-12-12,completed,3091.33
119022,1033,2024-10-17,pending,2078.2
119023,1006,2023-09-09,pending,2120.2
119024,1006,2025-05-31,completed,477.04
119026,1032,2025-08-29,completed,2528.82
119027,1040,2025-06-14,shipped,3803.71
119028,1040,2024-10-07,pending,1288.62
119029,1032,2024-03-24,cancelled,4722.02
119030,1018,2023-07-07,shipped,750.8
119031,1040,2024-03-03,shipped,1810.74
119032,1025,2024-04-12,refunded,2396.58
119033,1048,2024-05-10,completed,4094.95
119034,1010,2025-03-11,completed,1439.73
119035,1021,2024-05-18,cancelled,3818.15
119036,1024,2024-05-05,completed,2591.18
119037,1008,2023-06-14,pending,2600.69
119038,1042,2023-12-05,completed,698.42
119039,1048,2025-05-27,completed,1645.01
119040,1026,2023-05-11,pending,3768.61
119041,1010,2023-05-14,completed,943.92
119042,1048,2023-05-20,completed,2005.96
119043,1019,2024-02-20,completed,571.74
119044,1044,2025-06-01,completed,5258.88
119045,1023,2025-02-27,completed,2458.99
119046,1016,2023-02-05,completed,2443.74
119047,1009,2025-09-09,completed,1175.95
119048,1003,2024-04-10,completed,1665.79
119049,1048,2024-02-20,cancelled,4449.8
119050,1028,2024-11-26,completed,3766.34
119051,1030,2025-03-03,shipped,2503.24
119052,1032,2023-06-12,completed,4135.2
119053,1028,2023-11-24,completed,5426.96
119054,1037,2024-05-06,shipped,726.92
119055,1026,2023-02-05,cancelled,721.21
119056,1015,2024-04-26,completed,751.18
119058,1011,2025-11-01,pending,4875.25
119059,1003,2025-01-04,completed,2758.91
119060,1047,2025-08-03,pending,2776.24
119061,1015,2024-08-30,completed,3644.49
119062,1047,2024-09-22,completed,289.06
119063,1023,2023-09-16,completed,3454.44
119064,1021,2024-07-12,completed,2441.02
119065,1040,2025-02-28,shipped,1222.67
119066,1036,2023-06-13,completed,3957.45
119067,1040,2025-11-15,cancelled,1043.94
119068,1019,2023-11-16,completed,638.0
119069,1042,2024-10-25,refunded,846.5
119070,1032,2024-06-07,completed,998.94
119071,1040,2023-05-26,completed,2236.19
119072,1021,2025-03-13,completed,657.14
119073,1007,2024-10-07,refunded,800.94
119074,1039,2023-08-11,completed,1694.75
119075,1024,2024-03-13,completed,1163.25
119076,1030,2024-04-10,completed,1620.56
119077,1005,2024-05-14,completed,1402.57
119078,1004,2025-05-11,cancelled,1375.3
119079,1006,2023-04-21,completed,1564.44
119080,1037,2023-09-13,cancelled,2833.96
119081,1021,2023-12-27,completed,3625.11
119082,1028,2023-08-29,completed,2945.71
119083,1010,2023-03-03,shipped,2071.11
119084,1006,2023-04-11,pending,1871.01
119085,1038,2024-03-12,completed,4863.32
119086,1036,2023-05-10,shipped,3883.52
119087,1014,2023-06-18,cancelled,3299.79
119088,1025,2025-05-15,completed,693.52
119089,1033,2025-11-10,shipped,4229.28
119090,1014,2025-11-03,completed,6343.45
119091,1039,2024-06-28,completed,4240.48
119092,1050,2025-11-29,completed,1979.97
119093,1047,2024-05-23,shipped,3163.25
119094,1047,2023-01-18,shipped,537.28
119095,1005,2025-07-14,cancelled,4039.98
119096,1006,2025-06-11,completed,536.52
119097,1010,2025-10-10,completed,903.7
119098,1050,2024-08-04,completed,1191.92
119099,1015,2024-02-13,completed,2739.39
119100,1020,2025-12-20,cancelled,1363.2
119101,1006,2024-07-10,completed,1053.29
119102,1017,2024-01-16,refunded,55.84
119103,1010,2023-10-25,completed,4901.02
119104,1040,2025-02-02,completed,703.5
119105,1014,2023-11-10,completed,188.67
119106,1029,2023-03-17,completed,3479.77
119107,1049,2024-02-29,completed,333.85
119108,1045,2023-08-09,shipped,1794.4
119109,1048,2025-11-09,pending,388.06
119110,1041,2023-08-07,completed,2136.83
119111,1008,2024-07-09,refunded,6654.93
119112,1041,2024-11-28,completed,335.0
119113,1010,2025-07-20,refunded,5033.22
119114,1015,2024-01-21,refunded,4627.17
119115,1036,2025-05-03,completed,2616.47
119116,1027,2025-06-30,shipped,2805.05
119117,1004,2023-05-27,completed,1659.11
119118,1050,2025-02-12,refunded,15.44
119119,1043,2024-08-19,cancelled,3484.83
119120,1007,2025-02-03,cancelled,2046.94
119121,1007,2023-05-01,cancelled,191.98
119122,1004,2024-12-18,completed,2439.72
119123,1048,2023-03-30,completed,3126.56
119124,1035,2023-01-30,completed,2629.36
119125,1011,2024-11-26,pending,1342.53
119126,1007,2024-12-19,completed,436.02
119127,1035,2023-12-22,refunded,2294.57
119128,1025,2025-01-11,shipped,6992.37
119129,1037,2024-08-14,pending,121.82
119130,1008,2024-07-09,shipped,2418.66
119131,1008,2024-08-12,cancelled,1160.16
119132,1020,2025-03-19,refunded,1840.14
119133,1005,2023-08-12,completed,723.55
119134,1002,2024-10-09,pending,4259.36
119135,1001,2023-09-24,cancelled,3144.33
119136,1012,2025-06-07,cancelled,1048.02
119137,1006,2023-03-16,shipped,216.0
119138,1015,2024-04-24,refunded,2991.24
119139,1046,2025-05-18,shipped,416.78
119141,1003,2023-03-13,pending,4071.74
119142,1040,2025-06-15,completed,6073.17
119143,1010,2023-01-14,cancelled,1609.56
119144,1044,2023-04-20,completed,2540.34
119145,1031,2023-03-02,cancelled,1684.5
119146,1037,2024-02-13,completed,1564.17
119147,1038,2024-08-18,cancelled,2796.72
119148,1020,2025-08-20,completed,4297.32
119149,1018,2025-09-24,completed,3429.87
119150,1018,2025-05-15,completed,1477.62
119151,1046,2025-11-03,completed,3786.2
119152,1022,2023-02-11,completed,494.25
119153,1017,2023-09-12,completed,1680.66
119154,1044,2025-12-02,refunded,2026.41
119155,1034,2024-03-01,completed,2736.3
119156,1002,2023-04-05,cancelled,939.89
119157,1019,2025-12-01,cancelled,1731.84
119158,1004,2025-08-19,shipped,584.3
119159,1050,2024-07-30,completed,1984.23
119160,1042,2025-01-31,completed,1652.67
119161,1029,2023-06-29,shipped,5463.54
119162,1035,2025-11-11,pending,1140.18
119163,1021,2024-04-09,completed,2187.63
119164,1008,2025-11-09,completed,914.2
119165,1019,2025-06-16,pending,3337.09
119166,1009,2023-08-10,completed,2625.15
119167,1003,2023-09-16,completed,1988.9
119168,1023,2023-07-31,completed,876.39
119169,1007,2024-07-08,completed,224.41
119170,1003,2023-10-15,pending,108.02
119171,1037,2024-07-07,refunded,4520.74
119172,1038,2025-06-04,completed,3999.32
119173,1008,2023-08-02,refunded,263.5
119174,1049,2025-12-18,cancelled,3646.27
119175,1044,2024-02-08,completed,3103.36
119176,1003,2024-04-17,completed,3164.43
119177,1043,2023-08-16,refunded,5729.32
119178,1035,2025-07-04,pending,290.06
119179,1012,2025-07-21,completed,951.24
119180,1002,2023-02-22,completed,1280.16
119182,1001,2024-01-25,pending,2576.82
119183,1020,2023-10-24,completed,2636.12
119184,1022,2024-07-07,completed,3550.04
119185,1039,2025-06-17,shipped,2621.03
119186,1002,2025-07-14,cancelled,4030.53
119187,1041,2023-02-11,cancelled,1913.11
119188,1008,2024-11-19,shipped,4125.5
119189,1037,2023-06-21,pending,203.52
119190,1039,2023-11-05,completed,311.35
119191,1049,2023-03-08,completed,3823.08
119192,1003,2025-11-01,pending,3129.9
119193,1040,2024-11-25,cancelled,474.04
119194,1026,2024-08-08,refunded,6804.83
119195,1028,2023-11-04,refunded,4934.08
119196,1012,2027-04-24,shipped,3276.46
119197,1007,2025-11-30,completed,4596.13
119198,1028,2023-01-10,cancelled,1012.07
119199,1016,2025-05-05,pending,5556.48
119200,1011,2024-02-24,shipped,2768.81
119201,1008,2025-10-07,cancelled,2781.05
119202,1014,2025-03-06,cancelled,527.1
119203,1011,2025-10-08,shipped,1189.66
119204,1021,2025-09-24,cancelled,2379.56
119205,1025,2024-01-10,pending,3408.71
119206,1039,2025-11-13,cancelled,418.14
119207,1024,2023-05-25,completed,2992.23
119208,1049,2024-01-23,completed,103.95
119209,1021,2025-11-04,completed,3375.23
119210,1017,2024-11-15,completed,80.0
119211,1040,2025-02-14,refunded,5626.37
119212,1040,2024-08-08,completed,1892.62
119213,1020,2024-01-31,cancelled,5024.3
119214,1015,2023-10-24,cancelled,2157.8
119215,1043,2025-01-18,cancelled,3078.26
119216,1007,2025-12-05,refunded,2852.76
119217,1009,2025-10-22,refunded,316.6
119218,1022,2023-01-24,refunded,1524.4
119219,1040,2024-11-09,pending,22.08
119220,1025,2023-01-16,completed,1397.91
119221,1038,2023-11-02,completed,4082.55
119222,1016,2024-03-28,pending,3734.15
119223,1042,2023-07-12,refunded,3973.9
119224,1036,2024-08-05,cancelled,4224.84
119225,1027,2025-11-18,refunded,2228.0
119226,1035,2025-08-02,cancelled,2554.44
119227,1008,2023-11-18,shipped,1444.18
119228,1021,2023-03-07,refunded,2621.45
119229,1044,2025-05-08,pending,6195.52
119230,1038,2024-11-20,cancelled,2472.26
119231,1035,2023-08-12,completed,1820.1
119232,1029,2023-10-08,refunded,1953.22
119234,1045,2023-04-08,pending,4018.83
119235,1033,2024-01-12,completed,2111.75
119236,1038,2023-03-14,completed,4698.69
119237,1039,2023-06-22,refunded,1385.82
119238,1003,2024-01-26,shipped,4205.05
119240,1027,2023-02-04,pending,1979.67
119241,1013,2023-01-22,cancelled,4364.75
119242,1010,2023-10-31,refunded,736.63
119243,1044,2025-01-11,completed,1094.59
119244,1035,2024-01-22,refunded,3510.42
119245,1026,2023-01-16,cancelled,761.68
119246,1032,2025-12-21,cancelled,4551.11
119247,1041,2024-09-05,cancelled,2829.33
119248,1038,2023-09-06,completed,849.3
119249,1024,2023-07-26,shipped,4569.5
119250,1027,2025-09-22,completed,3892.99
119251,1050,2024-01-21,completed,423.4
119252,1041,2026-11-20,completed,1913.79
119253,1031,2023-08-12,shipped,319.08
119254,1042,2023-12-15,completed,690.84
119255,1021,2023-12-05,cancelled,338.19
119256,1028,2023-05-07,completed,6562.18
119257,1036,2024-01-02,cancelled,268.66
119258,1037,2023-09-05,shipped,147.31
119259,1019,2023-10-06,shipped,3092.74
119260,1031,2025-11-04,completed,1080.8
119261,1038,2025-10-10,completed,629.13
119262,1030,2023-10-09,cancelled,2364.66
119263,1049,2023-06-23,refunded,2753.68
119264,1012,2023-06-22,refunded,5194.94
119265,1038,2024-11-26,cancelled,2574.3
119266,1024,2023-07-08,completed,2973.67
119267,1015,2025-10-25,completed,3818.24
119268,1016,2024-01-02,shipped,141.16
119269,1015,2024-08-23,refunded,1689.69
119270,1031,2024-10-24,cancelled,2267.41
119271,1018,2024-09-15,cancelled,2053.0
119272,1012,2025-08-17,refunded,5717.17
119273,1005,2023-06-27,pending,4905.42
119274,1012,2023-08-06,refunded,2073.68
119275,1030,2023-07-30,completed,1405.61
119276,1020,2024-03-04,completed,1253.79
119277,1027,2025-07-02,completed,3392.21
119278,1024,2023-08-13,completed,3408.28
119279,1032,2025-12-04,refunded,1517.5
119280,1016,2024-06-21,completed,2198.9
119281,1015,2023-10-26,cancelled,8490.9
119282,1013,2023-02-22,shipped,2464.49
119283,1019,2023-12-28,pending,2378.52
119284,1033,2025-01-23,cancelled,3146.42
119286,1013,2024-02-23,pending,5143.1
119287,1027,2023-09-16,cancelled,3429.5
119288,1048,2024-10-07,completed,4156.15
119289,1013,2025-08-08,cancelled,314.36
119290,1002,2025-05-21,refunded,52.74
119291,1003,2023-10-19,refunded,82.18
119292,1041,2024-09-28,cancelled,4004.39
119293,1025,2024-04-12,completed,4489.09
119294,1032,2025-07-11,completed,2892.48
119295,1015,2024-05-23,cancelled,564.6
119296,1026,2025-07-20,pending,754.04
119297,1049,2023-02-03,shipped,235.8
119298,1004,2025-11-09,shipped,531.66
119299,1010,2023-08-26,completed,6129.38
119300,1019,2023-05-05,cancelled,3260.22
119301,1018,2023-10-07,completed,3240.83
119302,1042,2024-12-06,completed,3459.8
119303,1049,2023-10-17,refunded,813.51
119304,1007,2025-03-10,cancelled,2698.08
119305,1030,2023-05-05,completed,2493.54
119306,1034,2023-09-24,completed,4522.41
119307,1007,2024-06-20,completed,5437.48
119308,1050,2023-02-06,completed,134.67
119309,1019,2024-01-16,pending,458.64
119310,1004,2024-08-02,completed,1463.7
119311,1043,2025-06-08,shipped,1966.8
119312,1004,2023-07-16,completed,308.05
119313,1049,2023-12-15,shipped,3879.68
119314,1039,2024-10-04,completed,3121.39
119315,1038,2025-01-05,completed,4620.11
119316,1025,2024-03-02,shipped,5913.72
119317,1012,2025-05-05,pending,1072.96
119318,1037,2024-02-08,completed,2467.98
119319,1023,2023-12-28,completed,956.73
119321,1026,2023-11-09,cancelled,2806.99
119322,1045,2024-06-13,shipped,237.82
119323,1040,2024-01-23,completed,4403.38
119324,1001,2025-01-03,completed,2443.54
119325,1029,2025-01-16,shipped,2130.17
119326,1018,2024-06-10,completed,1445.18
119328,1026,2024-12-08,completed,652.4
119329,1022,2024-08-30,cancelled,6764.16
119330,1019,2024-09-08,cancelled,3899.35
119331,1022,2023-10-14,cancelled,338.92
119332,1041,2025-01-31,completed,910.04
119333,1035,2023-06-27,refunded,1138.14
119334,1030,2023-05-29,refunded,689.82
119335,1011,2024-08-06,completed,1903.57
119336,1035,2023-09-27,refunded,675.08
119337,1013,2023-10-16,cancelled,2070.01
119338,1003,2025-10-22,refunded,23.55
119339,1012,2025-06-16,refunded,1896.64
119341,1024,2024-03-25,refunded,5710.93
119342,1015,2024-10-18,completed,460.98
119343,1002,2024-09-14,shipped,131.94
119344,1019,2025-02-16,completed,2965.41
119345,1036,2025-06-08,shipped,3683.63
119346,1006,2023-12-12,cancelled,703.0
119347,1020,2023-01-28,completed,2183.79
119348,1046,2023-11-26,completed,1580.12
119349,1006,2023-09-04,shipped,3607.09
119350,1048,2024-08-01,completed,1539.18
119351,1029,2023-08-04,pending,1020.95
119352,1047,2025-02-09,refunded,487.55
119353,1048,2025-01-25,completed,3194.04
119354,1038,2025-05-22,completed,1401.1
119355,1017,2024-08-27,refunded,5331.42
119356,1011,2024-10-16,refunded,7500.01
119357,1046,2023-06-11,pending,1504.33
119358,1003,2023-01-27,cancelled,6483.19
119359,1022,2025-01-17,completed,1046.75
119360,1029,2024-08-08,completed,2167.02
119361,1037,2025-06-26,completed,5949.41
119362,1018,2023-10-26,shipped,4508.66
119363,1033,2025-02-23,completed,3840.23
119364,1040,2025-07-25,cancelled,3816.54
119365,1031,2025-03-15,refunded,1883.42
119366,1047,2025-05-17,pending,125.03
119367,1003,2024-10-08,pending,2182.39
119368,1037,2025-03-24,completed,3868.67
119369,1006,2024-11-27,pending,6328.58
119370,1029,2023-08-26,completed,2241.25
119371,1003,2025-04-17,shipped,28.52
119372,1013,2024-04-06,completed,2237.42
119373,1033,2025-04-12,completed,3631.48
119374,1001,2024-02-16,shipped,935.34
119375,1044,2025-10-27,completed,1463.75
119376,1019,2024-01-16,shipped,5067.91
119377,1012,2025-10-14,refunded,3150.38
119378,1014,2025-07-05,completed,3653.8
119379,1038,2024-03-17,cancelled,6118.15
119380,1031,2023-04-25,completed,4635.35
119381,1004,2025-05-20,pending,2478.27
119382,1047,2023-04-03,completed,2564.83
119383,1026,2024-11-16,completed,2240.4
119384,1001,2023-07-24,cancelled,5357.05
119385,1043,2025-01-12,shipped,3646.12
119386,1014,2023-04-24,cancelled,2154.1
119387,1043,2025-11-13,pending,4368.27
119388,1048,2025-10-08,completed,4264.16
119389,1002,2025-01-29,pending,1245.29
119390,1037,2023-02-22,refunded,928.44
119391,1016,2024-02-20,completed,3459.42
119392,1008,2023-09-24,refunded,2680.64
119393,1033,2024-01-01,pending,4819.17
119394,1029,2023-10-18,pending,3454.58
119395,1021,2025-03-04,completed,2967.57
119397,1003,2025-05-07,completed,376.04
119398,1048,2023-04-25,cancelled,3611.04
119399,1005,2023-04-01,completed,2902.06
119400,1022,2025-10-10,completed,4786.36
119401,1050,2024-02-04,completed,3504.62
119403,1028,2025-04-24,completed,278.82
119404,1050,2025-06-04,completed,4482.94
119405,1014,2025-08-19,completed,2376.94
119406,1034,2023-02-27,completed,1412.81
119407,1036,2023-09-18,completed,1255.65
119408,1045,2024-06-06,cancelled,248.22
119409,1018,2024-06-30,completed,2601.51
119410,1003,2023-06-28,pending,5507.57
119411,1001,2024-01-12,completed,3934.57
119412,1014,2025-12-11,completed,4175.57
119413,1015,2024-11-27,pending,1984.1
119414,1009,2023-05-26,completed,989.72
119416,1005,2023-02-04,completed,285.1
119417,1021,2024-05-04,completed,944.09
119418,1004,2025-05-05,completed,1388.84
119419,1015,2024-05-23,refunded,1448.9
119420,1023,2025-12-27,completed,1895.7
119421,1008,2024-02-13,cancelled,665.32
119422,1010,2025-03-24,pending,1017.68
119423,1013,2024-09-21,shipped,3222.82
119424,1050,2025-01-15,cancelled,3229.69
119425,1026,2023-05-11,refunded,3334.22
119426,1046,2025-06-21,shipped,167.4
119427,1040,2023-02-27,completed,2431.38
119428,1030,2024-07-02,pending,411.72
119429,1014,2025-04-11,cancelled,3479.93
119430,1036,2023-07-20,refunded,2521.3
119431,1044,2026-08-19,completed,4835.1
119432,1010,2024-02-01,pending,3794.07
119433,1042,2023-01-27,refunded,4550.82
119434,1006,2023-02-10,shipped,2097.44
119435,1015,2024-10-06,pending,170.44
119436,1019,2025-12-06,cancelled,1574.87
119437,1019,2025-12-21,completed,2321.38
119438,1034,2023-04-20,completed,1717.44
119439,1006,2024-05-14,pending,6545.07
119440,1008,2024-03-17,shipped,2818.14
119441,1003,2023-10-19,shipped,6161.35
119442,1016,2024-11-23,completed,2121.87
119443,1017,2024-06-22,completed,1322.58
119444,1045,2023-02-17,refunded,1585.15
119445,1015,2024-02-19,completed,4039.64
119446,1032,2024-10-22,pending,1343.51
119447,1018,2024-07-21,completed,2315.7
119448,1014,2025-06-30,shipped,1732.6
119449,1047,2024-08-27,cancelled,3628.14
119450,1038,2025-05-19,pending,2601.14
119451,1031,2025-01-04,completed,4020.89
119452,1050,2023-06-21,completed,1286.58
119453,1038,2025-06-10,completed,1899.14
119454,1036,2024-05-11,refunded,1322.61
119455,1049,2024-12-22,shipped,1814.05
119456,1010,2025-03-18,refunded,3842.2
119457,1026,2025-07-05,cancelled,2771.37
119458,1031,2023-05-03,completed,3168.78
119460,1041,2024-05-11,completed,2482.44
119461,1033,2025-05-27,shipped,1144.92
119462,1049,2024-10-20,completed,2148.0
119463,1040,2024-05-03,refunded,3616.62
119464,1002,2025-01-27,completed,4664.4
119465,1025,2023-12-21,completed,426.72
119466,1028,2023-09-21,completed,951.6
119467,1024,2025-05-20,pending,3987.06
119468,1013,2025-12-22,pending,2313.69
119469,1002,2025-11-12,completed,3018.79
119470,1047,2024-05-31,pending,896.97
119471,1022,2024-11-01,completed,1859.75
119472,1004,2023-04-13,pending,2577.79
119473,1004,2023-04-24,completed,1370.88
119474,1026,2025-02-28,shipped,6491.37
119475,1043,2025-08-10,completed,4544.92
119476,1011,2024-10-23,refunded,2969.73
119477,1015,2025-01-15,pending,2554.17
119478,1018,2025-04-12,cancelled,1385.64
119479,1015,2025-01-12,cancelled,561.8
119480,1039,2024-02-28,pending,1090.34
119481,1025,2023-06-16,refunded,1940.73
119482,1039,2023-06-11,cancelled,6601.39
119483,1035,2023-05-23,completed,6055.59
119484,1005,2025-03-28,completed,875.73
119485,1002,2024-08-02,completed,874.68
119486,1008,2023-03-22,completed,2399.07
119487,1036,2023-03-28,completed,635.55
119488,1032,2024-07-10,completed,1764.38
119489,1020,2025-11-05,shipped,2213.21
119490,1021,2025-12-15,completed,803.7
119491,1009,2024-08-20,completed,303.5
119492,1014,2023-07-24,completed,7443.22
119493,1020,2025-12-12,shipped,821.14
119494,1028,2023-11-24,refunded,2126.16
119495,1039,2024-10-01,cancelled,1094.37
119496,1007,2024-12-09,pending,1089.75
119497,1048,2024-06-25,pending,4356.52
119498,1001,2025-09-15,cancelled,5782.21
119500,1013,2023-09-21,completed,4970.04
119501,1021,2023-02-23,pending,1274.72
119502,1039,2023-01-30,shipped,23.22
119503,1042,2025-10-08,refunded,729.89
119504,1038,2024-07-04,shipped,4338.88
119505,1007,2023-02-04,shipped,3235.32
119506,1017,2025-01-31,pending,2266.84
119507,1021,2024-06-28,refunded,3219.7
119508,1040,2024-12-14,completed,1119.48
119509,1014,2025-01-22,shipped,1772.25
119510,1014,2025-09-08,completed,4157.43
119511,1011,2023-04-07,completed,1271.04
119513,1046,2023-04-02,refunded,4460.59
119514,1011,2025-07-21,cancelled,1697.71
119515,1011,2025-11-12,shipped,2936.25
119516,1007,2023-09-03,refunded,221.71
119517,1008,2023-04-12,completed,3561.52
119518,1047,2025-08-17,refunded,2851.42
119519,1010,2024-03-26,completed,4377.7
119520,1023,2025-01-08,pending,4920.26
119521,1024,2025-05-17,completed,2172.9
119522,1035,2024-05-31,pending,1964.83
119523,1039,2025-11-20,shipped,722.91
119524,1042,2024-11-18,cancelled,1754.94
119525,1014,2025-12-12,shipped,3180.5
119526,1014,2024-09-06,completed,1173.61
119527,1022,2024-03-18,shipped,1074.91
119528,1020,2023-01-17,completed,1311.7
119529,1038,2025-04-21,completed,6506.81
119530,1018,2023-06-12,pending,3480.8
119531,1040,2023-03-25,refunded,669.39
119532,1015,2025-06-28,cancelled,1327.71
119533,1046,2023-05-07,cancelled,3163.47
119536,1040,2024-09-26,completed,4276.03
119537,1047,2023-12-18,shipped,2997.48
119538,1011,2024-06-20,completed,2107.72
119539,1009,2023-01-14,pending,3827.04
119540,1030,2023-12-21,cancelled,1551.86
119541,1030,2024-02-19,refunded,1765.71
119542,1007,2024-12-10,pending,3298.77
119543,1049,2025-12-02,refunded,217.54
119544,1048,2024-06-10,completed,160.07
119545,1029,2024-07-26,pending,5246.5
119546,1028,2025-10-17,completed,1183.24
119547,1009,2025-10-18,cancelled,5748.01
119548,1023,2024-10-01,cancelled,2684.27
119550,1044,2023-03-03,pending,5074.92
119551,1050,2023-09-23,completed,498.91
119552,1037,2025-05-16,completed,6313.02
119553,1022,2024-11-27,cancelled,2798.07
119554,1008,2025-10-06,cancelled,2918.28
119555,1045,2024-04-21,pending,1315.04
119557,1049,2025-05-08,pending,367.77
119558,1023,2025-05-23,completed,699.45
119559,1030,2023-10-25,completed,2281.34
119560,1041,2023-12-07,completed,4632.9
119561,1046,2023-06-18,completed,3312.21
119562,1043,2025-11-04,completed,5381.55
119563,1008,2023-07-27,cancelled,1920.64
119564,1006,2025-04-21,completed,621.73
119565,1021,2025-09-11,pending,304.28
119566,1011,2025-12-27,cancelled,3812.64
119567,1038,2023-10-22,pending,1305.02
119568,1011,2025-02-04,pending,2665.56
119569,1036,2023-12-03,completed,1167.05
119570,1025,2025-11-09,completed,3491.89
119571,1033,2024-05-17,pending,2278.0
119572,1032,2024-01-11,completed,1937.52
119573,1044,2025-09-29,shipped,2988.42
119574,1030,2023-07-20,pending,363.98
119575,1021,2025-03-10,shipped,2793.1
119576,1028,2025-07-02,shipped,663.88
119577,1041,2023-09-01,cancelled,4157.25
119578,1002,2025-06-23,pending,1368.39
119579,1036,2025-02-25,completed,897.21
119580,1007,2024-02-11,completed,2253.17
119581,1033,2025-04-02,cancelled,3591.47
119582,1006,2025-08-09,refunded,5389.48
119583,1029,2023-08-16,shipped,1192.97
119584,1010,2023-05-15,completed,1971.9
119585,1023,2024-07-28,refunded,3738.38
119586,1026,2024-07-03,refunded,2681.0
119587,1016,2023-04-04,shipped,4822.6
119588,1045,2024-04-05,cancelled,5055.07
119589,1042,2025-08-09,cancelled,1000.05
119590,1015,2025-02-06,completed,1444.82
119591,1044,2025-11-08,refunded,3893.34
119592,1034,2024-08-17,refunded,74.5
119593,1022,2027-03-17,completed,2096.11
119594,1006,2024-01-02,pending,2840.57
119595,1016,2025-08-15,completed,3184.94
119596,1038,2024-10-08,refunded,555.88
119598,1009,2025-04-17,shipped,1134.86
119599,1015,2024-12-02,completed,1889.7
119600,1017,2023-09-24,completed,747.35
119601,1021,2024-02-14,completed,37.98
119602,1035,2024-01-21,pending,1930.0
119603,1007,2023-04-17,completed,2678.32
119604,1043,2024-09-04,completed,2702.75
119605,1023,2023-05-04,completed,779.87
119606,1032,2024-08-30,refunded,4413.31
119607,1013,2024-12-31,shipped,2223.71
119608,1029,2023-09-19,completed,294.42
119609,1001,2025-11-04,refunded,3038.4
119610,1019,2024-07-19,shipped,2705.6
119611,1010,2023-12-01,pending,2481.77
119612,1024,2023-12-10,refunded,6250.49
119613,1017,2023-10-31,shipped,98.64
119614,1031,2023-03-14,shipped,2484.37
119615,1042,2023-11-20,pending,101.65
119616,1033,2025-02-02,completed,996.42
119617,1033,2023-09-16,completed,4620.95
119618,1042,2024-05-31,completed,338.42
119619,1013,2023-11-10,completed,1958.01
119620,1001,2023-03-19,pending,717.8
119621,1047,2024-06-17,pending,3478.46
119622,1005,2025-05-11,completed,555.15
119623,1027,2025-06-20,pending,4539.2
119624,1010,2023-04-15,completed,3529.98
119625,1004,2025-01-17,refunded,3383.19
119626,1006,2024-04-23,shipped,2197.06
119627,1045,2023-09-22,refunded,7639.0
119628,1018,2024-06-06,completed,2425.5
119629,1004,2023-07-30,cancelled,1181.95
119630,1018,2024-12-18,cancelled,2362.03
119631,1018,2023-08-07,completed,288.36
119632,1008,2025-08-25,completed,3761.55
119633,1045,2025-09-25,refunded,3898.03
119634,1047,2023-07-01,shipped,4374.17
119635,1007,2023-09-02,cancelled,5870.44
119636,1039,2023-10-12,shipped,7687.15
119637,1041,2025-11-27,completed,1756.32
119638,1028,2025-08-06,shipped,3602.92
119639,1046,2023-06-11,refunded,2764.73
119640,1022,2023-12-29,completed,1397.91
119642,1025,2023-04-11,completed,1640.1
119643,1010,2023-05-24,refunded,1473.5
119644,1015,2025-06-08,completed,5034.99
119645,1045,2025-11-22,refunded,751.2
119646,1036,2023-04-23,pending,4095.83
119647,1028,2025-05-03,completed,1878.2
119648,1011,2024-02-25,completed,5644.01
119649,1014,2025-07-30,completed,3119.23
119650,1006,2025-08-22,completed,5046.17
119651,1032,2025-05-17,completed,5114.19
119652,1004,2024-07-17,completed,3021.75
119653,1049,2023-10-26,cancelled,3703.39
119654,1050,2025-01-28,cancelled,4692.74
119655,1013,2023-11-18,completed,3001.63
119656,1038,2023-11-29,pending,573.15
119657,1038,2023-07-12,completed,5241.48
119658,1040,2023-07-28,cancelled,455.92
119659,1001,2025-10-19,completed,8049.21
119660,1049,2025-10-22,completed,4457.59
119661,1029,2023-08-13,shipped,3887.28
119662,1011,2023-09-03,pending,1526.88
119663,1036,2024-11-06,completed,651.96
119664,1021,2024-01-28,completed,1978.79
119665,1017,2024-01-18,pending,1315.65
119666,1002,2024-07-31,shipped,2058.8
119667,1033,2025-12-20,completed,779.38
119668,1012,2023-09-13,shipped,2524.67
119669,1020,2023-08-20,completed,613.1
119670,1005,2023-09-04,completed,451.11
119671,1009,2023-09-24,shipped,89.52
119672,1013,2024-04-05,completed,3601.74
119673,1044,2025-07-25,completed,2212.1
119674,1007,2024-02-21,pending,2030.01
119676,1042,2024-10-15,refunded,3980.58
119677,1018,2024-11-18,completed,2955.5
119678,1036,2024-12-21,completed,5130.79
119679,1036,2023-08-19,pending,1719.55
119680,1004,2023-03-25,completed,1352.82
119681,1020,2023-11-20,cancelled,1598.31
119682,1041,2023-08-29,cancelled,1757.18
119683,1030,2025-08-20,pending,368.88
119684,1006,2025-07-29,shipped,3211.1
119685,1021,2024-12-30,completed,4246.72
119686,1024,2023-01-22,completed,200.41
119687,1022,2024-10-03,completed,1036.23
119688,1032,2024-07-31,pending,355.08
119689,1003,2024-04-16,completed,3422.37
119690,1049,2023-12-07,refunded,1700.74
119691,1036,2024-12-08,pending,4096.13
119692,1041,2024-10-01,shipped,1087.79
119693,1034,2023-09-04,completed,6706.3
119694,1028,2024-10-06,completed,1649.19
119695,1050,2024-05-10,shipped,3630.24
119696,1027,2023-04-06,shipped,2836.73
119697,1046,2023-10-22,cancelled,6438.22
119698,1039,2025-02-04,refunded,1235.44
119699,1032,2023-04-15,shipped,2259.96
119700,1006,2023-02-04,shipped,694.59
119701,1019,2025-11-05,shipped,4149.76
119702,1016,2025-06-10,completed,2817.39
119703,1005,2024-02-25,completed,1570.3
119704,1005,2025-03-13,shipped,937.06
119705,1038,2025-05-27,pending,3848.17
119706,1040,2023-09-16,pending,3755.54
119707,1020,2024-11-08,shipped,2268.82
119708,1031,2024-05-14,shipped,2290.06
119709,1016,2024-08-26,completed,3695.27
119710,1025,2024-08-06,completed,495.3
119711,1030,2024-11-02,completed,436.86
119712,1050,2023-01-27,refunded,1843.36
119713,1050,2024-11-07,cancelled,978.75
119714,1003,2023-11-27,completed,2374.39
119715,1025,2023-06-04,cancelled,1466.84
119716,1023,2023-04-30,shipped,1655.91
119717,1013,2023-08-03,cancelled,2392.44
119718,1033,2025-06-21,shipped,3937.97
119719,1004,2025-08-02,cancelled,5510.56
119720,1043,2025-12-10,pending,1201.02
119721,1016,2025-01-14,completed,757.2
119722,1047,2023-08-29,cancelled,153.85
119723,1021,2024-10-22,completed,1214.16
119724,1021,2024-03-15,completed,919.8
119725,1032,2025-12-18,shipped,4400.36
119726,1003,2025-03-01,completed,919.39
119727,1040,2025-07-21,refunded,2193.54
119728,1009,2025-04-30,refunded,832.28
119729,1020,2025-10-02,completed,2717.05
119730,1011,2023-07-16,cancelled,5384.42
119731,1035,2025-07-30,cancelled,2098.54
119732,1027,2024-02-01,cancelled,6562.71
119733,1004,2024-12-11,refunded,1310.52
119734,1048,2023-07-12,completed,2497.39
119735,1030,2024-05-31,cancelled,4327.92
119736,1026,2023-01-14,cancelled,1352.6
119737,1034,2024-02-23,completed,3508.78
119738,1049,2024-08-21,completed,1943.9
119739,1005,2025-05-26,completed,752.49
119740,1039,2025-10-23,pending,4579.88
119741,1019,2024-09-17,completed,1069.88
119742,1035,2023-03-01,refunded,1544.84
119743,1012,2023-12-30,pending,230.06
119744,1017,2025-11-12,completed,571.6
119745,1022,2024-10-01,shipped,1487.6
119746,1023,2023-11-11,shipped,3101.04
119747,1046,2023-06-02,completed,1742.48
119748,1034,2023-11-27,cancelled,3457.45
119749,1029,2025-12-13,cancelled,3090.05
119750,1035,2025-08-05,shipped,1199.83
119751,1046,2024-01-13,pending,9610.81
119752,1038,2025-05-18,pending,2812.35
119753,1038,2023-09-19,completed,1956.0
119754,1033,2024-03-26,refunded,1433.4
119755,1027,2025-05-21,completed,1377.65
119756,1008,2023-07-01,cancelled,3661.8
119757,1039,2024-01-15,completed,1571.92
119758,1007,2025-12-11,refunded,4495.91
119759,1028,2023-05-06,cancelled,1107.9
119760,1032,2023-06-28,completed,1126.44
119761,1046,2025-04-30,completed,7534.56
119762,1027,2023-07-14,completed,3421.04
119763,1045,2024-07-12,completed,7079.29
119764,1020,2023-04-07,completed,712.8
119765,1011,2023-03-12,shipped,1089.51
119766,1031,2025-08-03,completed,377.22
119767,1047,2025-11-11,cancelled,120.2
119769,1044,2023-05-10,completed,2593.51
119770,1030,2024-09-12,completed,4347.61
119771,1027,2024-12-04,refunded,759.14
119772,1006,2023-12-08,pending,4397.2
119773,1027,2024-11-09,shipped,4404.04
119774,1026,2025-08-15,completed,1829.04
119775,1039,2025-09-20,shipped,639.63
119776,1042,2023-07-13,shipped,2021.04
119777,1030,2025-10-06,shipped,568.41
119778,1047,2024-07-18,completed,349.23
119779,1048,2024-06-07,cancelled,1504.61
119780,1005,2023-09-05,completed,3640.6
119781,1026,2023-05-12,shipped,1445.4
119782,1042,2024-04-10,shipped,3339.35
119784,1012,2024-11-25,completed,4500.64
119785,1045,2025-08-15,completed,3607.42
119786,1043,2024-01-14,refunded,4711.12
119787,1046,2023-04-25,completed,1657.77
119788,1020,2024-01-31,cancelled,1402.74
119789,1045,2025-09-02,completed,4632.05
119790,1004,2023-05-24,shipped,2878.8
119791,1036,2025-05-13,cancelled,148.99
119792,1026,2024-07-07,cancelled,217.27
119793,1007,2025-01-25,completed,122.92
119794,1030,2023-05-30,shipped,184.3
119795,1004,2025-07-11,completed,1276.68
119796,1002,2023-02-17,refunded,5352.4
119797,1001,2025-08-25,pending,2167.38
119798,1028,2025-08-03,completed,1743.16
119799,1030,2025-03-09,completed,7093.58
119800,1039,2023-03-09,completed,23.76
119801,1038,2024-12-15,shipped,80.25
119802,1006,2023-10-22,completed,1609.98
119803,1008,2025-08-14,completed,754.92
119804,1015,2025-08-14,refunded,5767.8
119805,1001,2023-08-27,shipped,3485.72
119806,1044,2027-01-30,completed,1388.7
119807,1044,2025-08-13,completed,1095.52
119808,1043,2025-06-17,shipped,1339.53
119809,1043,2024-09-04,completed,653.21
119810,1041,2024-06-20,pending,2685.44
119811,1049,2023-12-11,pending,2673.4
119812,1012,2024-03-19,completed,1017.0
119813,1030,2025-12-05,cancelled,922.49
119814,1038,2025-12-30,completed,6192.76
119815,1029,2024-09-15,completed,2490.84
119816,1010,2024-01-05,cancelled,580.14
119817,1003,2023-11-23,pending,3102.96
119818,1029,2025-07-18,completed,1498.18
119819,1031,2025-04-22,refunded,3904.04
119820,1029,2023-04-30,completed,3452.05
119821,1017,2024-05-11,cancelled,2874.41
119822,1028,2025-06-30,refunded,3185.09
119823,1016,2025-08-23,shipped,124.56
119824,1015,2025-12-10,refunded,3074.94
119825,1027,2024-05-09,shipped,2750.9
119826,1004,2025-07-12,completed,1654.21
119827,1027,2024-09-03,refunded,2679.75
119828,1050,2023-01-11,completed,4504.83
119829,1011,2023-02-23,refunded,264.74
119830,1016,2025-02-25,pending,2609.64
119831,1050,2026-05-09,shipped,1349.08
119832,1047,2024-01-09,cancelled,4363.72
119833,1006,2023-11-17,shipped,2770.78
119834,1036,2025-07-21,pending,5553.3
119835,1025,2024-06-23,pending,2984.71
119836,1031,2024-06-22,shipped,379.3
119837,1031,2024-07-03,pending,74.77
119838,1005,2023-08-02,pending,237.72
119839,1005,2024-01-26,shipped,2514.91
119840,1026,2024-04-14,shipped,1570.28
119841,1038,2024-11-04,refunded,3298.93
119842,1031,2023-04-25,cancelled,5866.14
119843,1031,2024-11-06,refunded,243.1
119844,1042,2025-05-25,pending,2880.73
119845,1047,2025-12-17,cancelled,2091.49
119846,1034,2023-04-04,completed,1708.38
119847,1022,2025-07-10,refunded,1639.11
119848,1005,2024-07-08,completed,602.31
119849,1046,2025-02-13,completed,7134.28
119850,1030,2025-08-27,completed,1738.55
119851,1024,2023-03-05,pending,3315.36
119852,1038,2025-11-20,shipped,342.42
119853,1027,2023-10-24,completed,4232.51
119855,1019,2023-10-23,refunded,4631.92
119856,1033,2024-10-14,pending,2360.45
119857,1027,2023-12-22,pending,1892.57
119858,1017,2025-05-21,pending,429.01
119859,1044,2025-10-05,cancelled,2543.88
119860,1001,2025-11-01,shipped,178.96
119861,1033,2025-07-07,completed,492.77
119862,1001,2023-02-25,refunded,3065.26
119863,1001,2024-05-16,completed,9.01
119864,1002,2025-11-20,refunded,4218.23
119866,1011,2024-06-18,cancelled,1676.29
119867,1031,2024-03-07,cancelled,2421.77
119869,1024,2023-08-14,cancelled,1649.7
119870,1006,2025-10-07,completed,2564.1
119871,1045,2024-04-12,refunded,1836.66
119872,1011,2023-05-01,cancelled,2284.28
119873,1001,2025-04-19,cancelled,667.98
119874,1047,2025-04-18,shipped,1346.86
119875,1007,2023-06-25,refunded,2972.57
119876,1003,2024-05-06,refunded,1522.99
119877,1050,2023-02-14,completed,5080.03
119878,1028,2025-07-11,completed,3758.53
119879,1018,2024-11-29,completed,2596.97
119881,1008,2024-12-05,completed,2502.73
119882,1016,2023-08-27,pending,4057.94
119883,1050,2023-11-23,completed,2113.92
119884,1041,2024-02-08,cancelled,973.66
119885,1041,2024-02-29,completed,3594.62
119886,1007,2025-11-25,completed,425.04
119887,1011,2024-10-02,shipped,3063.89
119888,1006,2023-04-26,pending,946.6
119889,1044,2025-09-27,refunded,4666.8
119890,1044,2024-05-20,pending,4336.06
119891,1021,2024-02-03,shipped,1016.52
119892,1022,2025-05-18,shipped,1585.27
119893,1024,2023-05-05,pending,3082.07
119894,1009,2024-02-22,cancelled,1907.7
119895,1042,2024-11-04,completed,2050.84
119896,1031,2023-08-05,completed,4173.7
119897,1007,2024-01-02,shipped,324.0
119898,1032,2023-10-07,completed,2630.64
119900,1050,2025-06-30,completed,1487.79
119901,1043,2024-03-24,refunded,1765.1
119902,1015,2025-08-29,cancelled,188.24
119903,1038,2023-07-17,completed,4439.45
119904,1001,2025-12-28,completed,107.58
119905,1029,2024-02-09,completed,1788.28
119906,1030,2025-10-05,shipped,3405.15
119907,1045,2025-03-10,completed,503.33
119908,1031,2025-07-22,cancelled,2843.25
119909,1040,2025-12-21,pending,3965.53
119910,1046,2025-06-12,refunded,802.5
119911,1026,2024-05-27,completed,2300.19
119912,1015,2023-06-21,completed,2595.99
119913,1041,2025-06-25,shipped,2390.72
119914,1001,2024-02-01,completed,1788.36
119915,1028,2025-10-12,completed,972.39
119916,1043,2023-11-28,shipped,2474.2
119917,1001,2025-07-01,cancelled,1522.88
119918,1044,2023-06-03,completed,1419.3
119919,1031,2023-10-06,cancelled,2591.86
119920,1018,2023-05-14,shipped,1400.02
119921,1007,2025-02-14,completed,3518.98
119922,1034,2023-04-08,refunded,2015.71
119923,1010,2023-11-24,pending,2284.9
119924,1035,2023-12-28,refunded,128.52
119925,1023,2023-06-22,cancelled,4863.68
119926,1025,2025-01-19,refunded,2320.93
119927,1036,2024-04-10,pending,2469.92
119928,1012,2024-08-11,completed,2850.73
119929,1009,2025-10-09,completed,1931.41
119930,1041,2025-09-12,completed,1324.0
119931,1042,2023-12-13,completed,479.92
119932,1047,2024-11-07,completed,3301.41
119933,1008,2025-06-10,completed,4081.29
119934,1017,2025-07-24,pending,1830.75
119935,1020,2023-05-22,completed,1903.0
119936,1004,2023-07-09,pending,2178.16
119937,1048,2023-07-04,shipped,443.56
119938,1041,2024-08-10,completed,276.12
119939,1011,2024-01-21,pending,1217.92
119940,1041,2023-12-22,pending,1645.38
119941,1043,2023-01-23,completed,5965.16
119942,1044,2025-01-30,cancelled,1508.17
119943,1031,2025-08-19,completed,5229.44
119944,1038,2025-06-22,completed,5867.98
119945,1008,2023-03-29,completed,702.88
119946,1041,2024-01-07,completed,1473.4
119947,1014,2025-08-28,pending,4378.11
119948,1044,2025-09-13,completed,1770.1
119949,1010,2024-03-30,completed,790.8
119950,1012,2024-11-28,shipped,1183.8
119951,1007,2025-10-25,completed,5878.73
119953,1006,2024-09-26,completed,896.05
119954,1017,2024-08-28,refunded,2966.83
119955,1007,2025-12-19,completed,2570.76
119956,1049,2024-07-06,pending,2183.95
119957,1001,2023-02-06,completed,748.23
119958,1008,2024-03-15,refunded,258.48
119959,1006,2024-05-03,completed,2105.77
119960,1039,2025-03-22,pending,3549.3
119961,1034,2025-06-18,completed,2027.58
119962,1009,2023-03-16,completed,618.6
119963,1049,2023-05-13,completed,2064.81
119964,1042,2024-12-04,pending,3275.74
119965,1044,2025-11-05,shipped,614.08
119966,1004,2023-08-18,completed,198.87
119967,1027,2024-09-25,cancelled,1418.25
119968,1003,2023-05-28,completed,1427.09
119969,1011,2024-08-22,cancelled,1329.92
119970,1009,2025-07-10,completed,788.28
119971,1004,2023-11-06,pending,958.09
119972,1039,2025-01-08,completed,4991.68
119973,1005,2025-12-02,shipped,4130.19
119974,1011,2024-05-03,completed,2577.01
119975,1039,2023-11-12,shipped,2572.83
119976,1015,2023-06-14,shipped,5496.64
119978,1015,2024-07-23,refunded,5401.97
119979,1040,2025-10-12,completed,210.51
119980,1034,2025-03-02,shipped,628.25
119981,1037,2024-06-01,completed,4847.21
119982,1048,2025-09-23,completed,2955.47
119983,1044,2024-03-12,pending,333.65
119984,1011,2023-10-11,completed,4748.35
119985,1042,2023-10-26,refunded,2396.35
119986,1034,2023-10-11,pending,1213.41
119987,1033,2025-09-07,shipped,5.11
119988,1038,2024-05-16,completed,5726.55
119989,1014,2023-11-21,pending,3478.51
119990,1035,2024-03-20,completed,4633.49
119991,1045,2025-07-01,pending,452.54
119992,1007,2024-12-25,completed,3559.1
119993,1016,2024-07-11,completed,679.2
119994,1025,2024-03-24,shipped,3497.77
119995,1018,2025-11-04,completed,1431.86
119996,1022,2025-11-21,completed,7059.14
119997,1042,2023-10-21,cancelled,477.39
119998,1041,2023-10-19,completed,103.18
119999,1012,2023-12-16,pending,4329.07
120001,1012,2024-12-30,pending,2914.8
120002,1006,2023-10-09,cancelled,3500.95
120003,1025,2023-11-02,refunded,2751.96
120004,1023,2025-09-30,completed,3144.74
120005,1025,2023-03-15,refunded,684.56
120006,1013,2023-12-27,completed,1309.35
120007,1008,2025-06-17,completed,2569.4
120008,1046,2024-07-18,completed,1457.6
120009,1042,2024-09-30,completed,2036.15
120010,1012,2023-10-16,cancelled,729.51
120011,1005,2024-03-31,completed,1192.55
120012,1034,2024-01-21,refunded,994.91
120013,1008,2024-06-03,completed,1029.42
120014,1047,2024-12-23,cancelled,4783.95
120015,1005,2024-03-24,shipped,6470.63
120016,1012,2024-04-19,completed,2962.07
120017,1030,2023-06-06,refunded,3481.72
120018,1045,2025-03-08,completed,1141.42
120019,1040,2025-05-10,completed,388.95
120020,1002,2025-02-13,completed,1763.26
120021,1046,2023-03-13,pending,1226.14
120022,1029,2025-09-07,completed,5279.9
120023,1015,2023-06-27,shipped,4562.67
120024,1038,2024-04-16,completed,2199.42
120025,1023,2023-12-08,cancelled,3308.62
120026,1045,2025-01-31,completed,1092.12
120027,1022,2024-11-17,shipped,346.0
120028,1019,2023-04-23,cancelled,3204.62
120029,1029,2024-06-17,completed,2631.92
120030,1036,2025-06-22,refunded,1201.78
120032,1016,2023-02-18,cancelled,1606.41
120033,1026,2023-09-28,completed,1117.24
120034,1038,2025-07-21,refunded,3856.83
120035,1032,2023-12-25,cancelled,4291.95
120036,1049,2023-03-22,shipped,2811.38
120037,1050,2025-04-27,completed,2309.24
120038,1025,2027-01-10,shipped,2889.75
120039,1042,2025-04-26,shipped,2385.57
120040,1038,2025-04-14,shipped,906.17
120041,1002,2025-11-09,completed,3763.77
120042,1010,2023-07-21,completed,2565.82
120043,1010,2024-11-10,refunded,1310.4
120044,1025,2023-06-26,completed,5614.31
120045,1043,2025-12-12,shipped,161.82
120046,1036,2025-12-13,completed,289.66
120047,1033,2024-05-16,pending,6368.75
120048,1013,2023-09-21,cancelled,3930.34
120049,1006,2024-08-16,cancelled,4032.64
120050,1027,2023-09-15,cancelled,129.28
120051,1020,2024-05-11,refunded,1673.42
120052,1044,2025-03-22,refunded,1193.01
120053,1039,2023-12-18,shipped,1606.77
120054,1012,2025-03-13,completed,650.32
120055,1048,2025-02-11,completed,2156.3
120056,1028,2023-08-16,completed,3119.72
120057,1042,2025-02-28,refunded,4481.59
120058,1050,2024-05-31,refunded,3096.18
120059,1036,2023-10-29,shipped,23.55
120060,1012,2025-02-06,pending,1844.38
120061,1011,2025-06-04,completed,4904.09
120062,1024,2023-01-31,completed,445.71
120063,1035,2024-02-12,completed,1196.57
120064,1007,2023-01-27,shipped,577.6
120065,1043,2025-12-24,refunded,988.0
120066,1010,2024-01-24,completed,1156.02
120067,1013,2024-07-01,pending,1596.38
120068,1047,2023-02-13,completed,3143.54
120069,1015,2025-12-19,cancelled,4713.2
120070,1022,2023-07-26,completed,4775.23
120071,1043,2023-01-17,refunded,4657.96
120072,1034,2024-07-11,shipped,1301.1
120073,1039,2023-10-24,cancelled,1314.7
120074,1026,2025-06-02,refunded,4331.01
120075,1033,2025-10-04,cancelled,3993.84
120077,1019,2024-02-28,shipped,2659.56
120078,1021,2023-09-16,refunded,1805.12
120079,1030,2023-03-22,completed,1720.14
120080,1050,2023-01-12,completed,2001.21
120081,1006,2025-09-30,completed,3472.14
120082,1042,2023-02-23,cancelled,516.6
120083,1011,2023-03-10,pending,4888.07
120084,1017,2025-07-26,pending,1803.9
120085,1016,2025-05-23,refunded,509.81
120086,1027,2023-03-09,shipped,2848.5
120087,1036,2024-11-15,completed,2661.59
120088,1032,2024-07-24,completed,472.33
120089,1044,2025-02-24,cancelled,3194.58
120090,1004,2023-12-03,completed,1182.36
120091,1023,2025-09-13,cancelled,2687.92
120092,1024,2024-12-09,pending,703.08
120093,1036,2023-11-09,completed,1557.92
120094,1047,2025-07-27,completed,5147.44
120095,1043,2024-07-13,refunded,2493.46
120096,1006,2024-06-15,completed,3250.37
120097,1021,2024-08-09,shipped,1697.03
120098,1050,2024-03-14,completed,91.71
120099,1049,2023-05-31,completed,105.11
120100,1004,2025-11-15,cancelled,139.35
120101,1038,2025-02-24,cancelled,5345.66
120102,1036,2025-09-20,pending,4019.35
120103,1004,2024-10-09,completed,3547.9
120104,1039,2025-12-22,pending,5506.33
120105,1002,2023-09-01,refunded,3470.29
120106,1006,2024-03-09,shipped,1686.96
120107,1024,2023-07-28,completed,640.0
120108,1009,2025-06-23,shipped,1130.15
120109,1038,2024-03-03,cancelled,1236.27
120110,1007,2024-11-20,pending,956.2
120111,1033,2024-07-14,cancelled,497.64
120112,1022,2024-08-20,completed,3229.18
120113,1028,2024-09-10,completed,2089.71
120114,1033,2024-07-16,completed,3096.16
120115,1048,2025-01-13,refunded,999.06
120116,1022,2024-11-22,pending,2304.81
120117,1020,2023-01-26,refunded,2586.09
120118,1046,2023-11-06,completed,2627.79
120119,1043,2024-05-02,completed,105.78
120120,1039,2024-09-29,shipped,1232.19
120121,1010,2025-11-14,completed,2196.28
120122,1039,2023-02-24,cancelled,1488.1
120123,1040,2025-04-23,pending,221.1
120124,1024,2025-11-24,refunded,444.9
120125,1016,2025-03-14,refunded,7546.61
120126,1042,2025-08-31,cancelled,860.76
120127,1014,2023-08-16,cancelled,500.6
120128,1016,2025-05-18,cancelled,2792.79
120129,1033,2023-08-23,completed,1057.57
120130,1015,2025-02-08,shipped,1130.33
120131,1048,2025-07-23,pending,3680.81
120132,1010,2025-05-26,completed,4262.58
120133,1012,2025-01-22,cancelled,80.04
120134,1035,2023-03-24,shipped,1138.8
120135,1003,2025-08-26,cancelled,5370.31
120136,1019,2024-07-22,shipped,2635.59
120137,1044,2024-08-18,pending,1579.71
120138,1042,2024-08-26,refunded,3838.32
120139,1026,2023-12-17,completed,1225.79
120140,1016,2025-10-01,pending,137.13
120141,1034,2025-01-11,cancelled,4383.24
120142,1028,2025-12-05,completed,3776.58
120143,1035,2024-06-24,refunded,3370.45
120144,1050,2024-08-12,cancelled,2298.77
120145,1034,2024-10-03,completed,3393.72
120146,1045,2023-05-07,refunded,1344.21
120147,1032,2025-08-31,pending,807.28
120148,1010,2025-07-19,shipped,4247.19
120149,1027,2023-03-31,completed,1935.81
120150,1036,2023-04-11,completed,4557.07
120151,1027,2024-02-16,refunded,3535.63
120152,1020,2023-02-06,completed,7605.69
120153,1029,2023-09-24,refunded,5275.47
120154,1035,2024-02-04,completed,440.2
120155,1027,2024-09-24,refunded,2205.02
120156,1047,2024-11-24,completed,3173.93
120157,1034,2025-05-29,pending,3216.99
120158,1027,2023-09-10,pending,4647.01
120159,1047,2025-12-30,completed,185.68
120160,1001,2023-04-21,pending,929.69
120161,1041,2025-02-20,cancelled,735.99
120162,1014,2023-10-15,shipped,2124.26
120163,1016,2023-03-09,refunded,2174.03
120164,1044,2025-05-13,completed,123.44
120165,1032,2023-06-24,pending,1752.28
120166,1004,2024-05-27,refunded,4892.28
120167,1041,2023-03-18,completed,4636.09
120168,1043,2023-05-13,completed,672.99
120169,1009,2024-04-27,pending,4457.76
120171,1005,2025-12-18,refunded,5447.32
120172,1024,2023-02-25,shipped,2180.49
120173,1046,2024-07-09,completed,2236.7
120174,1045,2024-02-25,cancelled,1125.18
120175,1016,2024-05-06,completed,4032.95
120176,1035,2023-08-28,completed,2530.61
120177,1015,2024-08-31,completed,757.17
120178,1001,2024-03-14,completed,740.25
120179,1024,2023-11-13,completed,2933.68
120180,1027,2025-04-25,completed,4855.49
120181,1014,2023-03-21,pending,3604.6
120182,1004,2024-05-19,completed,409.14
120184,1008,2025-05-08,completed,282.55
120185,1012,2025-06-08,cancelled,1921.25
120186,1002,2023-02-03,cancelled,441.64
120187,1048,2024-07-04,cancelled,547.95
120188,1045,2023-04-01,completed,6654.41
120189,1021,2024-04-29,completed,1765.28
120190,1010,2024-07-24,completed,119.98
120191,1013,2024-07-03,cancelled,345.94
120192,1029,2025-03-07,completed,4057.44
120193,1009,2024-01-18,pending,2549.81
120194,1050,2023-11-08,cancelled,6262.26
120195,1045,2024-10-26,completed,513.66
120196,1023,2024-09-15,completed,3135.95
120197,1020,2024-06-18,completed,2921.45
120198,1007,2023-03-31,cancelled,3078.07
120199,1001,2023-03-20,pending,765.45
120200,1038,2025-05-01,completed,2951.76
120201,1019,2023-06-30,refunded,3432.81
120202,1050,2023-06-10,shipped,2571.84
120203,1036,2024-05-17,completed,3961.74
120204,1044,2024-08-19,refunded,3809.2
120205,1025,2025-12-29,completed,1314.42
120206,1035,2024-01-22,cancelled,2475.56
120207,1041,2024-06-11,completed,2840.32
120208,1030,2025-11-11,pending,1207.2
120209,1050,2024-07-13,completed,2990.69
120210,1014,2023-11-20,shipped,2533.33
120211,1044,2023-08-21,shipped,2354.16
120212,1003,2025-04-25,completed,4119.37
120213,1014,2023-02-07,pending,1824.39
120214,1010,2024-05-31,completed,945.1
120215,1001,2023-03-01,completed,2673.87
120216,1032,2023-07-23,completed,153.65
120217,1049,2023-05-08,completed,1408.48
120218,1020,2025-12-23,completed,3833.82
120219,1009,2024-06-27,shipped,144.32
120220,1028,2025-06-15,completed,431.1
120221,1005,2025-04-19,completed,142.55
120222,1026,2024-11-05,refunded,3724.36
120223,1035,2023-02-08,refunded,2672.2
120224,1013,2025-07-12,pending,3238.44
120225,1043,2025-05-13,refunded,2759.52
120226,1015,2023-01-15,completed,6470.29
120227,1016,2025-04-18,completed,109.23
120228,1049,2024-11-29,completed,5449.75
120229,1050,2025-06-12,completed,2048.9
120230,1028,2024-12-11,completed,1860.27
120231,1001,2023-05-17,refunded,1674.99
120232,1006,2023-10-05,cancelled,1950.63
120233,1048,2023-12-25,completed,3453.72
120234,1035,2024-07-16,completed,3736.81
120235,1005,2024-08-21,completed,2881.75
120236,1007,2025-09-23,completed,1481.64
120237,1001,2024-03-07,shipped,3114.62
120238,1023,2024-07-15,shipped,50.24
120239,1041,2024-07-17,cancelled,3431.92
120240,1017,2024-11-20,shipped,715.68
120241,1021,2023-03-29,cancelled,4682.96
120242,1032,2025-07-10,shipped,921.39
120243,1041,2023-07-28,completed,24.96
120244,1035,2023-08-12,shipped,6439.95
120245,1007,2024-12-10,shipped,2404.07
120246,1042,2025-10-27,completed,3965.51
120247,1049,2024-02-06,cancelled,2465.9
120248,1048,2023-12-11,cancelled,3360.75
120249,1029,2024-03-06,refunded,1296.81
120250,1011,2024-09-09,completed,616.6
120251,1006,2025-08-12,completed,1384.62
120252,1013,2023-11-24,completed,1442.76
120253,1030,2023-09-20,shipped,3183.82
120254,1034,2024-12-02,completed,4992.1
120255,1031,2024-03-22,completed,1487.72
120256,1038,2024-01-15,completed,218.68
120257,1004,2024-09-28,refunded,342.78
120258,1014,2025-07-14,cancelled,3647.39
120259,1040,2023-01-18,refunded,7178.31
120260,1016,2025-12-28,shipped,2325.33
120261,1029,2024-04-11,refunded,3818.4
120262,1025,2023-12-23,pending,3449.35
120263,1038,2024-10-05,shipped,2870.09
120264,1039,2024-09-26,refunded,3234.72
120266,1041,2025-11-19,completed,1535.64
120267,1032,2023-06-06,refunded,345.8
120268,1008,2024-03-04,pending,4268.59
120269,1041,2025-11-11,completed,1162.58
120270,1042,2025-06-16,shipped,2827.5
120271,1007,2024-06-22,pending,2490.56
120272,1035,2024-07-29,pending,2647.22
120273,1011,2023-01-13,completed,700.8
120274,1008,2023-07-27,shipped,4446.65
120275,1023,2023-05-05,pending,4262.75
120276,1033,2024-02-08,refunded,693.24
120277,1027,2024-07-10,completed,1177.43
120278,1006,2023-12-20,completed,2925.11
120279,1008,2025-04-30,refunded,2651.32
120280,1039,2025-08-08,completed,4981.96
120281,1010,2023-08-03,pending,1289.19
120282,1003,2023-03-07,pending,3615.94
120283,1009,2025-10-28,shipped,4555.39
120284,1050,2025-06-01,completed,853.64
120285,1001,2024-11-15,completed,3055.03
120286,1041,2024-04-22,completed,3339.23
120287,1001,2023-11-04,cancelled,2839.84
120288,1050,2023-06-19,completed,2475.8
120289,1002,2025-07-25,completed,4097.98
120290,1040,2024-11-08,completed,2531.82
120291,1030,2025-05-26,refunded,737.7
120293,1011,2025-04-13,shipped,2382.91
120294,1023,2024-07-25,cancelled,4664.57
120295,1006,2023-08-25,completed,6503.47
120296,1027,2024-05-09,completed,1644.9
120297,1012,2024-07-16,completed,47.25
120298,1050,2024-06-29,refunded,617.12
120299,1049,2025-08-16,cancelled,2707.4
120300,1023,2025-04-21,completed,262.11
120301,1003,2025-02-01,completed,1997.44
120302,1025,2023-07-11,refunded,752.92
120303,1004,2023-05-03,completed,3406.44
120304,1049,2025-06-13,completed,2111.39
120305,1031,2025-08-27,shipped,4492.87
120306,1004,2024-11-09,completed,624.0
120307,1040,2024-01-26,completed,2921.44
120308,1044,2025-05-06,completed,1338.75
120309,1017,2025-10-13,refunded,1017.53
120310,1015,2024-04-16,pending,3152.16
120311,1034,2025-09-20,completed,3089.9
120312,1049,2023-02-28,completed,2676.65
120313,1031,2024-03-24,completed,3268.06
120314,1028,2025-01-06,cancelled,2567.51
120315,1012,2023-03-04,shipped,2291.6
120316,1035,2023-08-10,shipped,5149.35
120317,1035,2025-12-15,cancelled,3607.71
120318,1001,2025-12-06,completed,101.68
120319,1030,2023-06-20,completed,5230.2
120320,1007,2024-10-30,completed,2221.93
120321,1027,2023-06-25,shipped,1015.47
120322,1017,2023-04-29,completed,2397.32
120323,1006,2024-04-15,pending,2498.45
120324,1038,2025-02-10,shipped,2566.65
120325,1039,2024-10-21,completed,4041.09
120326,1008,2025-03-11,completed,134.37
120327,1035,2025-02-25,refunded,1827.54
120328,1024,2023-04-07,completed,19.92
120329,1049,2024-04-22,completed,854.7
120330,1004,2024-12-05,refunded,695.63
120331,1028,2025-11-27,completed,774.13
120332,1020,2023-01-26,refunded,1122.42
120333,1037,2024-04-08,refunded,3781.3
120334,1050,2024-01-15,completed,5638.77
120335,1049,2024-09-12,completed,1958.46
120336,1047,2024-12-28,pending,165.52
120337,1028,2024-03-30,completed,2058.48
120338,1050,2023-10-06,refunded,878.2
120339,1043,2025-06-27,refunded,2127.45
120340,1044,2025-08-29,pending,2592.91
120341,1007,2024-07-13,shipped,323.25
120342,1047,2023-12-27,completed,4070.97
120343,1017,2023-07-20,pending,2316.66
120344,1010,2025-10-11,completed,1585.36
120345,1024,2024-05-30,completed,3729.39
120346,1009,2024-11-14,cancelled,806.35
120347,1007,2025-05-04,refunded,3488.78
120348,1002,2023-12-18,refunded,4054.46
120349,1045,2024-06-08,refunded,3742.49
120351,1036,2025-12-20,refunded,2527.24
120352,1041,2023-11-02,completed,1790.69
120353,1036,2023-10-11,completed,2984.57
120354,1032,2023-05-30,completed,361.62
120355,1036,2024-07-31,shipped,1290.62
120356,1026,2024-10-02,completed,1752.97
120357,1010,2024-05-20,completed,773.36
120358,1017,2023-09-25,cancelled,2573.63
120359,1010,2023-05-07,completed,2558.11
120361,1004,2025-06-23,refunded,1894.24
120362,1010,2023-07-19,completed,2172.73
120363,1032,2024-02-19,completed,3259.46
120364,1031,2023-07-18,completed,565.08
120365,1018,2025-05-23,refunded,4390.21
120366,1017,2023-03-05,refunded,1136.76
120367,1013,2024-08-29,completed,3481.48
120368,1010,2025-04-28,refunded,3762.2
120369,1020,2024-09-03,pending,2259.04
120370,1003,2025-07-16,pending,2432.29
120371,1041,2025-08-24,cancelled,2448.71
120372,1012,2025-06-22,completed,2430.65
120373,1033,2025-08-03,completed,3602.88
120374,1009,2025-09-21,completed,945.76
120375,1004,2023-10-07,shipped,641.4
120376,1049,2023-04-24,cancelled,1096.32
120377,1049,2024-06-02,completed,62.12
120378,1039,2025-10-20,completed,4880.85
120379,1048,2025-06-24,completed,1031.55
120380,1006,2025-01-18,refunded,4290.26
120381,1030,2024-01-31,completed,650.16
120382,1047,2024-03-16,completed,1189.55
120383,1044,2024-01-05,shipped,5570.47
120384,1044,2024-07-15,pending,4351.24
120385,1043,2024-08-18,completed,82.65
120386,1008,2023-12-02,completed,1380.39
120387,1048,2025-02-04,completed,1991.49
120388,1035,2025-10-21,completed,1845.68
120389,1013,2023-10-25,cancelled,798.12
120390,1001,2024-08-20,completed,5669.9
120392,1048,2024-08-22,cancelled,763.3
120393,1043,2025-06-24,completed,6250.75
120394,1023,2024-08-12,shipped,3975.47
120395,1022,2023-04-04,cancelled,424.25
120396,1013,2025-09-05,shipped,1851.24
120397,1005,2023-07-29,shipped,3003.28
120398,1009,2024-06-04,completed,4010.58
120399,1005,2023-11-24,pending,2265.37
120400,1046,2023-05-29,cancelled,2761.79
120401,1044,2025-10-07,cancelled,3890.52
120402,1022,2024-02-23,pending,593.9
120404,1035,2024-05-04,completed,5744.26
120405,1039,2025-03-25,refunded,1677.06
120406,1036,2023-12-16,pending,2548.89
120407,1030,2025-11-03,cancelled,2461.75
120408,1010,2025-07-23,shipped,1937.98
120409,1030,2023-06-12,refunded,900.8
120410,1004,2023-02-23,completed,1124.28
120411,1029,2025-03-04,refunded,3197.88
120412,1003,2025-04-09,completed,108.46
120413,1012,2025-06-02,pending,3210.08
120414,1035,2025-02-18,pending,4768.84
120415,1022,2023-07-13,completed,3051.59
120416,1050,2023-12-22,cancelled,2680.35
120417,1026,2025-10-06,completed,2328.11
120418,1031,2023-11-27,refunded,2343.95
120419,1016,2023-05-30,cancelled,3241.21
120421,1046,2023-06-24,completed,2974.87
120422,1015,2025-06-28,completed,582.63
120423,1022,2025-04-05,completed,4376.65
120424,1001,2023-08-12,pending,2903.1
120425,1010,2024-06-01,shipped,233.73
120426,1033,2024-06-14,pending,4728.66
120427,1021,2025-04-28,completed,4742.62
120428,1041,2025-10-21,completed,560.14
120429,1015,2024-12-14,completed,3894.12
120430,1030,2025-04-15,completed,2560.65
120431,1004,2025-11-15,completed,1431.57
120432,1041,2023-08-06,completed,779.65
120433,1003,2025-10-25,pending,920.35
120434,1007,2025-01-21,cancelled,1614.52
120435,1022,2023-09-15,pending,2070.42
120436,1020,2023-07-20,completed,3698.71
120437,1038,2025-11-02,completed,1520.1
120438,1011,2023-06-07,pending,4397.65
120439,1050,2024-03-14,shipped,853.98
120440,1034,2024-06-28,completed,141.56
120441,1020,2023-06-15,completed,75.94
120442,1028,2025-03-11,completed,3044.2
120443,1020,2023-05-16,completed,3802.1
120444,1004,2023-11-06,pending,2403.82
120445,1036,2024-12-20,shipped,4700.52
120446,1005,2024-03-11,pending,3324.43
120447,1038,2025-08-14,refunded,3451.98
120448,1034,2024-09-20,pending,2049.83
120449,1002,2025-07-10,completed,1235.5
120450,1032,2024-06-20,refunded,2920.8
120451,1005,2023-10-08,cancelled,4242.74
120452,1039,2024-07-02,completed,5465.57
120453,1028,2025-07-26,cancelled,4086.61
120454,1033,2025-04-11,refunded,1257.62
120455,1001,2025-03-31,completed,3629.17
120456,1007,2024-09-21,pending,2903.5
120457,1048,2024-10-07,completed,3545.99
120458,1038,2023-08-30,completed,3645.71
120459,1049,2025-03-31,pending,1657.25
120460,1020,2023-04-01,completed,2358.95
120461,1033,2025-10-12,shipped,3240.17
120462,1036,2023-08-29,cancelled,2276.81
120463,1024,2025-04-21,shipped,3166.7
120464,1016,2023-06-05,completed,4066.66
120465,1049,2023-01-30,shipped,2997.18
120466,1014,2025-05-28,completed,4639.34
120467,1017,2025-01-16,completed,3866.94
120468,1037,2025-03-28,cancelled,918.42
120469,1034,2025-05-30,completed,4025.51
120470,1045,2023-02-14,cancelled,4321.25
120471,1037,2024-08-24,completed,1984.98
120472,1024,2025-05-08,completed,2929.33
120473,1048,2024-07-15,cancelled,666.6
120474,1027,2024-08-03,pending,3999.99
120475,1037,2025-11-24,pending,5555.72
120476,1019,2024-06-14,completed,3277.0
120477,1033,2023-04-22,completed,4167.39
120478,1014,2025-08-22,refunded,1532.42
120479,1048,2024-11-03,completed,2993.74
120480,1050,2023-02-15,pending,1679.74
120481,1047,2023-08-06,shipped,3941.07
120483,1017,2024-10-13,completed,5375.0
120484,1014,2023-02-16,shipped,957.5
120485,1030,2024-07-13,completed,900.55
120486,1025,2025-01-27,pending,3543.98
120487,1040,2025-04-29,completed,2099.31
120488,1023,2024-05-22,shipped,587.55
120489,1009,2024-09-14,refunded,1589.75
120490,1043,2025-03-18,completed,32.17
120491,1042,2023-05-07,refunded,2447.85
120492,1042,2025-01-19,cancelled,1497.13
120493,1019,2023-06-02,refunded,2259.76
120495,1014,2023-04-14,completed,2110.41
120496,1001,2023-11-07,cancelled,767.63
120498,1019,2024-11-08,pending,8719.06
120499,1050,2023-11-18,pending,3638.94
120500,1041,2024-04-14,cancelled,276.7
120501,1003,2023-07-19,refunded,6329.3
120502,1043,2023-05-14,shipped,3995.53
120503,1008,2023-03-28,shipped,1156.56
120504,1047,2025-03-08,cancelled,4421.56
120505,1030,2025-02-21,completed,6500.8
120506,1016,2023-11-08,refunded,3959.17
120507,1011,2023-06-07,completed,1769.7
120508,1008,2025-02-20,pending,3838.62
120509,1041,2025-09-07,completed,2912.15
120510,1019,2023-12-22,shipped,263.9
120511,1024,2025-09-21,cancelled,4402.98
120512,1004,2024-09-23,refunded,6492.85
120513,1010,2025-03-03,completed,1462.3
120514,1012,2024-04-10,completed,701.31
120515,1006,2023-04-18,pending,2903.19
120516,1022,2025-12-02,refunded,2200.7
120517,1020,2024-10-12,cancelled,2739.62
120518,1030,2025-09-13,completed,2731.1
120519,1011,2023-03-06,completed,4798.04
120520,1020,2023-06-20,completed,642.87
120521,1033,2023-05-11,completed,1942.56
120522,1038,2024-11-17,completed,1176.96
120523,1020,2023-10-03,completed,3195.62
120524,1050,2025-05-18,pending,92.94
120525,1001,2023-04-03,shipped,7385.22
120526,1050,2025-03-13,refunded,2638.33
120527,1022,2023-03-30,shipped,1171.38
120528,1006,2026-07-25,shipped,4645.88
120529,1028,2024-09-14,completed,4656.53
120530,1014,2023-09-01,completed,533.66
120531,1026,2025-01-04,completed,3510.13
120532,1045,2023-07-04,completed,1823.05
120533,1020,2024-06-04,completed,5972.55
120534,1016,2025-07-02,completed,3075.73
120535,1027,2023-05-13,completed,102.12
120536,1007,2023-10-07,shipped,956.52
120537,1020,2024-08-17,pending,3657.53
120539,1025,2025-11-12,refunded,1763.39
120540,1019,2023-02-21,cancelled,5608.09
120541,1033,2024-10-18,pending,2750.67
120542,1021,2023-08-12,cancelled,4693.4
120543,1042,2025-01-25,cancelled,1735.73
120544,1030,2024-07-20,refunded,1605.57
120545,1023,2023-10-25,shipped,1327.81
120546,1034,2023-09-19,completed,115.4
120547,1009,2024-06-20,shipped,294.16
120548,1050,2024-04-13,pending,1662.53
120549,1012,2023-12-25,completed,5993.1
120550,1022,2024-12-04,shipped,782.97
120551,1045,2025-07-04,refunded,3910.17
120552,1050,2024-01-13,completed,405.72
120553,1026,2025-09-28,refunded,3785.53
120555,1032,2025-04-20,shipped,959.86
120556,1036,2024-08-04,refunded,4169.85
120557,1019,2023-03-08,shipped,4312.71
120558,1001,2023-07-10,completed,2933.28
120559,1035,2025-04-21,shipped,1366.67
120560,1020,2024-10-30,refunded,396.38
120561,1029,2025-06-07,completed,644.53
120562,1030,2024-10-26,completed,2213.71
120563,1037,2023-01-15,pending,4637.23
120564,1031,2023-10-31,refunded,2135.09
120565,1013,2023-01-19,pending,993.52
120566,1023,2025-11-15,pending,1534.87
120567,1003,2025-10-13,refunded,1458.8
120568,1029,2025-07-04,completed,1033.28
120569,1048,2024-11-07,completed,1892.73
120570,1010,2024-01-21,cancelled,1207.95
120571,1043,2025-05-02,pending,4122.59
120572,1021,2023-05-09,completed,1481.29
120573,1006,2025-07-24,refunded,1423.38
120574,1011,2023-01-15,completed,903.39
120575,1011,2023-03-01,completed,368.1
120576,1046,2023-05-06,pending,486.58
120577,1032,2024-03-16,pending,3304.25
120578,1022,2025-04-11,refunded,752.24
120579,1020,2024-11-27,completed,3171.54
120580,1047,2023-07-18,refunded,1445.15
120581,1003,2025-11-08,refunded,905.16
120582,1024,2024-04-09,refunded,561.7
120583,1050,2024-07-19,pending,2867.79
120584,1016,2025-05-07,shipped,687.7
120585,1020,2025-07-01,completed,129.81
120586,1029,2024-08-24,completed,220.48
120587,1024,2023-05-16,pending,2980.94
120588,1005,2025-06-07,completed,3164.62
120589,1045,2025-12-15,completed,6211.75
120590,1026,2025-07-06,completed,949.68
120591,1010,2024-08-02,completed,2240.18
120592,1016,2023-06-07,completed,5212.69
120593,1005,2024-12-02,cancelled,4890.19
120594,1038,2025-12-29,cancelled,1065.8
120595,1011,2024-09-22,completed,3551.66
120596,1042,2025-09-25,pending,8.13
120597,1037,2025-05-29,pending,3570.2
120598,1037,2024-11-21,shipped,4144.08
120599,1006,2024-01-12,pending,1021.8
120600,1011,2025-02-08,cancelled,5021.06
